"log2ratio","type","CNVStatus","Gene","case","bin"
-0.347981815916601,"Gene_MMasteR","Deletion","CCNE1",9202,10000
-0.581,"Gene_SNP","Deletion","CCNE1",9202,10000
-0.302,"Gene_Conumee","Deletion","CCNE1",9202,10000
-0.29,"Gene_SeSAMe","Normal","CCNE1",9202,10000
-0.378656367098451,"Gene_MMasteR","Deletion","CCNE1",9203,10000
-0.602,"Gene_SNP","Deletion","CCNE1",9203,10000
-0.344,"Gene_Conumee","Deletion","CCNE1",9203,10000
-0.3192,"Gene_SeSAMe","Deletion","CCNE1",9203,10000
0.168825950749834,"Gene_MMasteR","Normal","CCNE1",9327,10000
-0.025,"Gene_SNP","Normal","CCNE1",9327,10000
-0.246,"Gene_SNP","Deletion","CCNE1",9327,10000
-0.003,"Gene_SNP","Normal","CCNE1",9327,10000
0.117,"Gene_Conumee","Normal","CCNE1",9327,10000
0.1702,"Gene_SeSAMe","Normal","CCNE1",9327,10000
-0.0354375740583209,"Gene_MMasteR","Normal","CCNE1",9328,10000
-0.401,"Gene_SNP","Deletion","CCNE1",9328,10000
-0.021,"Gene_Conumee","Normal","CCNE1",9328,10000
0.0314,"Gene_SeSAMe","Normal","CCNE1",9328,10000
0.0245161128277611,"Gene_MMasteR","Normal","CCNE1",9337,10000
0.13,"Gene_SNP","Normal","CCNE1",9337,10000
-0.063,"Gene_SNP","Normal","CCNE1",9337,10000
0.046,"Gene_Conumee","Normal","CCNE1",9337,10000
0.0345,"Gene_SeSAMe","Normal","CCNE1",9337,10000
0.0532483069816209,"Gene_MMasteR","Normal","CCNE1",9338,10000
-0.354,"Gene_SNP","Deletion","CCNE1",9338,10000
0.078,"Gene_Conumee","Normal","CCNE1",9338,10000
0.0275,"Gene_SeSAMe","Normal","CCNE1",9338,10000
-0.473375736511507,"Gene_MMasteR","Deletion","CCNE1",9350,10000
-1.455,"Gene_SNP","Deletion","CCNE1",9350,10000
-0.405,"Gene_Conumee","Deletion","CCNE1",9350,10000
-0.3776,"Gene_SeSAMe","Deletion","CCNE1",9350,10000
0.0282196544480433,"Gene_MMasteR","Normal","CCNE1",9353,10000
-0.352,"Gene_SNP","Deletion","CCNE1",9353,10000
-0.051,"Gene_Conumee","Normal","CCNE1",9353,10000
-0.0186,"Gene_SeSAMe","Normal","CCNE1",9353,10000
-0.0102067427559722,"Gene_MMasteR","Normal","CCNE1",9354,10000
-0.301,"Gene_SNP","Deletion","CCNE1",9354,10000
-0.081,"Gene_Conumee","Normal","CCNE1",9354,10000
-0.064,"Gene_SeSAMe","Normal","CCNE1",9354,10000
0.209464111733244,"Gene_MMasteR","Amplification","CCNE1",9355,10000
-0.073,"Gene_SNP","Normal","CCNE1",9355,10000
0.06,"Gene_Conumee","Normal","CCNE1",9355,10000
0.1006,"Gene_SeSAMe","Normal","CCNE1",9355,10000
0.0769998057210062,"Gene_MMasteR","Normal","CCNE1",9356,10000
-0.259,"Gene_SNP","Deletion","CCNE1",9356,10000
0.017,"Gene_Conumee","Normal","CCNE1",9356,10000
0.045,"Gene_SeSAMe","Normal","CCNE1",9356,10000
0.0252704810960168,"Gene_MMasteR","Normal","CCNE1",9357,10000
-0.228,"Gene_SNP","Deletion","CCNE1",9357,10000
0.012,"Gene_Conumee","Normal","CCNE1",9357,10000
0.0411,"Gene_SeSAMe","Normal","CCNE1",9357,10000
0.0119276655261633,"Gene_MMasteR","Normal","CCNE1",9358,10000
-0.288,"Gene_SNP","Deletion","CCNE1",9358,10000
-0.011,"Gene_Conumee","Normal","CCNE1",9358,10000
0.0046,"Gene_SeSAMe","Normal","CCNE1",9358,10000
-0.360451893557549,"Gene_MMasteR","Deletion","CCNE1",9202,50000
-0.581,"Gene_SNP","Deletion","CCNE1",9202,50000
-0.323,"Gene_Conumee","Deletion","CCNE1",9202,50000
-0.2889,"Gene_SeSAMe","Normal","CCNE1",9202,50000
-0.387894693442419,"Gene_MMasteR","Deletion","CCNE1",9203,50000
-0.602,"Gene_SNP","Deletion","CCNE1",9203,50000
-0.36,"Gene_Conumee","Deletion","CCNE1",9203,50000
-0.3295,"Gene_SeSAMe","Deletion","CCNE1",9203,50000
0.167275912386013,"Gene_MMasteR","Normal","CCNE1",9327,50000
-0.025,"Gene_SNP","Normal","CCNE1",9327,50000
-0.246,"Gene_SNP","Deletion","CCNE1",9327,50000
-0.003,"Gene_SNP","Normal","CCNE1",9327,50000
0.12,"Gene_Conumee","Normal","CCNE1",9327,50000
0.1814,"Gene_SeSAMe","Normal","CCNE1",9327,50000
-0.0378619476537214,"Gene_MMasteR","Normal","CCNE1",9328,50000
-0.401,"Gene_SNP","Deletion","CCNE1",9328,50000
-0.023,"Gene_Conumee","Normal","CCNE1",9328,50000
0.0358,"Gene_SeSAMe","Normal","CCNE1",9328,50000
-0.00482847868917304,"Gene_MMasteR","Normal","CCNE1",9337,50000
0.13,"Gene_SNP","Normal","CCNE1",9337,50000
-0.063,"Gene_SNP","Normal","CCNE1",9337,50000
0.062,"Gene_Conumee","Normal","CCNE1",9337,50000
8e-04,"Gene_SeSAMe","Normal","CCNE1",9337,50000
0.0751302185672804,"Gene_MMasteR","Normal","CCNE1",9338,50000
-0.354,"Gene_SNP","Deletion","CCNE1",9338,50000
0.081,"Gene_Conumee","Normal","CCNE1",9338,50000
0.0424,"Gene_SeSAMe","Normal","CCNE1",9338,50000
-0.469922543268734,"Gene_MMasteR","Deletion","CCNE1",9350,50000
-1.455,"Gene_SNP","Deletion","CCNE1",9350,50000
-0.432,"Gene_Conumee","Deletion","CCNE1",9350,50000
-0.3755,"Gene_SeSAMe","Deletion","CCNE1",9350,50000
-0.00551231111658075,"Gene_MMasteR","Normal","CCNE1",9353,50000
-0.352,"Gene_SNP","Deletion","CCNE1",9353,50000
-0.059,"Gene_Conumee","Normal","CCNE1",9353,50000
-0.0134,"Gene_SeSAMe","Normal","CCNE1",9353,50000
-0.0158963787183466,"Gene_MMasteR","Normal","CCNE1",9354,50000
-0.301,"Gene_SNP","Deletion","CCNE1",9354,50000
-0.112,"Gene_Conumee","Normal","CCNE1",9354,50000
-0.0704,"Gene_SeSAMe","Normal","CCNE1",9354,50000
0.177828166756518,"Gene_MMasteR","Normal","CCNE1",9355,50000
-0.073,"Gene_SNP","Normal","CCNE1",9355,50000
0.053,"Gene_Conumee","Normal","CCNE1",9355,50000
0.1129,"Gene_SeSAMe","Normal","CCNE1",9355,50000
0.0775906669478382,"Gene_MMasteR","Normal","CCNE1",9356,50000
-0.259,"Gene_SNP","Deletion","CCNE1",9356,50000
0.008,"Gene_Conumee","Normal","CCNE1",9356,50000
0.0422,"Gene_SeSAMe","Normal","CCNE1",9356,50000
-0.0455402569251776,"Gene_MMasteR","Normal","CCNE1",9357,50000
-0.228,"Gene_SNP","Deletion","CCNE1",9357,50000
0.008,"Gene_Conumee","Normal","CCNE1",9357,50000
0.0593,"Gene_SeSAMe","Normal","CCNE1",9357,50000
0.0149826505723138,"Gene_MMasteR","Normal","CCNE1",9358,50000
-0.288,"Gene_SNP","Deletion","CCNE1",9358,50000
-0.01,"Gene_Conumee","Normal","CCNE1",9358,50000
0.0101,"Gene_SeSAMe","Normal","CCNE1",9358,50000
-0.373330758373837,"Gene_MMasteR","Deletion","CCNE1",9202,1e+05
-0.581,"Gene_SNP","Deletion","CCNE1",9202,1e+05
-0.329,"Gene_Conumee","Deletion","CCNE1",9202,1e+05
-0.285,"Gene_SeSAMe","Normal","CCNE1",9202,1e+05
-0.401578202270594,"Gene_MMasteR","Deletion","CCNE1",9203,1e+05
-0.602,"Gene_SNP","Deletion","CCNE1",9203,1e+05
-0.37,"Gene_Conumee","Deletion","CCNE1",9203,1e+05
-0.331,"Gene_SeSAMe","Deletion","CCNE1",9203,1e+05
0.17388252074205,"Gene_MMasteR","Normal","CCNE1",9327,1e+05
-0.025,"Gene_SNP","Normal","CCNE1",9327,1e+05
-0.246,"Gene_SNP","Deletion","CCNE1",9327,1e+05
-0.003,"Gene_SNP","Normal","CCNE1",9327,1e+05
0.125,"Gene_Conumee","Normal","CCNE1",9327,1e+05
0.1989,"Gene_SeSAMe","Normal","CCNE1",9327,1e+05
-0.036822795387445,"Gene_MMasteR","Normal","CCNE1",9328,1e+05
-0.401,"Gene_SNP","Deletion","CCNE1",9328,1e+05
-0.025,"Gene_Conumee","Normal","CCNE1",9328,1e+05
0.0443,"Gene_SeSAMe","Normal","CCNE1",9328,1e+05
0.056610991147698,"Gene_MMasteR","Normal","CCNE1",9337,1e+05
0.13,"Gene_SNP","Normal","CCNE1",9337,1e+05
-0.063,"Gene_SNP","Normal","CCNE1",9337,1e+05
0.018,"Gene_Conumee","Normal","CCNE1",9337,1e+05
0.0459,"Gene_SeSAMe","Normal","CCNE1",9337,1e+05
0.0660686170564798,"Gene_MMasteR","Normal","CCNE1",9338,1e+05
-0.354,"Gene_SNP","Deletion","CCNE1",9338,1e+05
0.084,"Gene_Conumee","Normal","CCNE1",9338,1e+05
0.0611,"Gene_SeSAMe","Normal","CCNE1",9338,1e+05
-0.479546074893909,"Gene_MMasteR","Deletion","CCNE1",9350,1e+05
-1.455,"Gene_SNP","Deletion","CCNE1",9350,1e+05
-0.438,"Gene_Conumee","Deletion","CCNE1",9350,1e+05
-0.3848,"Gene_SeSAMe","Deletion","CCNE1",9350,1e+05
-0.0019579981228095,"Gene_MMasteR","Normal","CCNE1",9353,1e+05
-0.352,"Gene_SNP","Deletion","CCNE1",9353,1e+05
-0.061,"Gene_Conumee","Normal","CCNE1",9353,1e+05
-0.0063,"Gene_SeSAMe","Normal","CCNE1",9353,1e+05
-0.0194439751595931,"Gene_MMasteR","Normal","CCNE1",9354,1e+05
-0.301,"Gene_SNP","Deletion","CCNE1",9354,1e+05
-0.113,"Gene_Conumee","Normal","CCNE1",9354,1e+05
-0.0679,"Gene_SeSAMe","Normal","CCNE1",9354,1e+05
0.176399861725174,"Gene_MMasteR","Normal","CCNE1",9355,1e+05
-0.073,"Gene_SNP","Normal","CCNE1",9355,1e+05
0.056,"Gene_Conumee","Normal","CCNE1",9355,1e+05
0.1285,"Gene_SeSAMe","Normal","CCNE1",9355,1e+05
0.0739239385253885,"Gene_MMasteR","Normal","CCNE1",9356,1e+05
-0.259,"Gene_SNP","Deletion","CCNE1",9356,1e+05
-0.004,"Gene_Conumee","Normal","CCNE1",9356,1e+05
0.0625,"Gene_SeSAMe","Normal","CCNE1",9356,1e+05
-0.0521735994080085,"Gene_MMasteR","Normal","CCNE1",9357,1e+05
-0.228,"Gene_SNP","Deletion","CCNE1",9357,1e+05
0.017,"Gene_Conumee","Normal","CCNE1",9357,1e+05
0.08,"Gene_SeSAMe","Normal","CCNE1",9357,1e+05
0.0182806407870407,"Gene_MMasteR","Normal","CCNE1",9358,1e+05
-0.288,"Gene_SNP","Deletion","CCNE1",9358,1e+05
-0.004,"Gene_Conumee","Normal","CCNE1",9358,1e+05
0.0168,"Gene_SeSAMe","Normal","CCNE1",9358,1e+05
-0.384132902561527,"Gene_MMasteR","Deletion","CCNE1",9202,1e+06
-0.581,"Gene_SNP","Deletion","CCNE1",9202,1e+06
-0.342,"Gene_Conumee","Deletion","CCNE1",9202,1e+06
-0.276,"Gene_SeSAMe","Normal","CCNE1",9202,1e+06
-0.418934428096561,"Gene_MMasteR","Deletion","CCNE1",9203,1e+06
-0.602,"Gene_SNP","Deletion","CCNE1",9203,1e+06
-0.36,"Gene_Conumee","Deletion","CCNE1",9203,1e+06
-0.3292,"Gene_SeSAMe","Deletion","CCNE1",9203,1e+06
0.157010450218398,"Gene_MMasteR","Normal","CCNE1",9327,1e+06
-0.025,"Gene_SNP","Normal","CCNE1",9327,1e+06
-0.246,"Gene_SNP","Deletion","CCNE1",9327,1e+06
-0.003,"Gene_SNP","Normal","CCNE1",9327,1e+06
0.105,"Gene_Conumee","Normal","CCNE1",9327,1e+06
0.2176,"Gene_SeSAMe","Normal","CCNE1",9327,1e+06
-0.0251680918165492,"Gene_MMasteR","Normal","CCNE1",9328,1e+06
-0.401,"Gene_SNP","Deletion","CCNE1",9328,1e+06
-0.036,"Gene_Conumee","Normal","CCNE1",9328,1e+06
0.0474,"Gene_SeSAMe","Normal","CCNE1",9328,1e+06
0.0725371242519255,"Gene_MMasteR","Normal","CCNE1",9337,1e+06
0.13,"Gene_SNP","Normal","CCNE1",9337,1e+06
-0.063,"Gene_SNP","Normal","CCNE1",9337,1e+06
0.036,"Gene_Conumee","Normal","CCNE1",9337,1e+06
-0.0191,"Gene_SeSAMe","Normal","CCNE1",9337,1e+06
0.0428773513309126,"Gene_MMasteR","Normal","CCNE1",9338,1e+06
-0.354,"Gene_SNP","Deletion","CCNE1",9338,1e+06
0.087,"Gene_Conumee","Normal","CCNE1",9338,1e+06
0.0651,"Gene_SeSAMe","Normal","CCNE1",9338,1e+06
-0.507125361979414,"Gene_MMasteR","Deletion","CCNE1",9350,1e+06
-1.455,"Gene_SNP","Deletion","CCNE1",9350,1e+06
-0.455,"Gene_Conumee","Deletion","CCNE1",9350,1e+06
-0.3862,"Gene_SeSAMe","Deletion","CCNE1",9350,1e+06
-0.0135565027294626,"Gene_MMasteR","Normal","CCNE1",9353,1e+06
-0.352,"Gene_SNP","Deletion","CCNE1",9353,1e+06
-0.085,"Gene_Conumee","Normal","CCNE1",9353,1e+06
0.0026,"Gene_SeSAMe","Normal","CCNE1",9353,1e+06
-0.290938137763294,"Gene_MMasteR","Deletion","CCNE1",9354,1e+06
-0.301,"Gene_SNP","Deletion","CCNE1",9354,1e+06
-0.095,"Gene_Conumee","Normal","CCNE1",9354,1e+06
-0.0417,"Gene_SeSAMe","Normal","CCNE1",9354,1e+06
0.160326424397261,"Gene_MMasteR","Normal","CCNE1",9355,1e+06
-0.073,"Gene_SNP","Normal","CCNE1",9355,1e+06
0.02,"Gene_Conumee","Normal","CCNE1",9355,1e+06
0.1503,"Gene_SeSAMe","Normal","CCNE1",9355,1e+06
-0.173319099830389,"Gene_MMasteR","Normal","CCNE1",9356,1e+06
-0.259,"Gene_SNP","Deletion","CCNE1",9356,1e+06
0.008,"Gene_Conumee","Normal","CCNE1",9356,1e+06
0.0805,"Gene_SeSAMe","Normal","CCNE1",9356,1e+06
0.041798752205093,"Gene_MMasteR","Normal","CCNE1",9357,1e+06
-0.228,"Gene_SNP","Deletion","CCNE1",9357,1e+06
-0.003,"Gene_Conumee","Normal","CCNE1",9357,1e+06
0.0991,"Gene_SeSAMe","Normal","CCNE1",9357,1e+06
0.013991517239255,"Gene_MMasteR","Normal","CCNE1",9358,1e+06
-0.288,"Gene_SNP","Deletion","CCNE1",9358,1e+06
-0.016,"Gene_Conumee","Normal","CCNE1",9358,1e+06
0.0284,"Gene_SeSAMe","Normal","CCNE1",9358,1e+06
