,205122170045_R04C01,205122170071_R01C01,205125590021_R02C01,205125590067_R07C01,205125590068_R01C01,205128000076_R07C01,205240110063_R01C01,205243940036_R02C01,205243940046_R04C01,205243940058_R04C01,205243940065_R07C01,205243940107_R05C01,205289430139_R07C01
chr1:747994-65470000,2,2,2,2,2,2,2,2,2,2,2,2,2
chr1:747994-55050000,2,2,2,2,2,2,2,2,2,2,2,2,2
chr1:747994-38525000,2,1,2,2,2,2,2,2,2,2,2,2,1
chr1:747994-28115000,2,2,2,2,2,2,2,1,2,2,2,2,2
chr1:747994-16550000,2,2,2,2,2,2,2,2,1,2,2,2,2
chr1:747994-1490000,1,2,2,1,1,1,2,2,2,1,1,1,2
chr1:1520000-248923211,2,2,2,2,2,2,2,2,2,2,3,2,2
chr1:1520000-55050000,2,2,2,2,2,2,2,2,2,2,2,2,2
chr1:1520000-19325000,2,2,2,2,2,2,2,2,2,2,2,2,2
chr1:1520000-10490000,2,2,2,2,2,1,2,2,2,2,2,2,2
chr1:1520000-6610000,2,2,2,2,2,2,2,2,2,1,2,2,2
chr1:1520000-6565000,2,2,2,2,2,2,2,2,2,2,2,2,2
chr1:6590000-248923211,2,2,2,2,3,2,2,2,2,2,2,2,2
chr1:6670000-227760000,2,2,2,2,2,2,2,2,2,2,2,2,2
chr1:10550000-55050000,2,2,2,2,2,2,2,2,2,2,2,2,2
chr1:16625000-16950000,2,2,2,2,2,2,2,2,2,2,2,2,2
chr1:16995000-114435000,2,2,2,2,2,2,2,2,1,2,2,2,2
chr1:19365000-55050000,2,2,2,2,2,2,2,2,2,2,2,2,2
chr1:28185000-28505000,2,2,2,2,2,2,2,1,2,2,2,2,2
chr1:28530000-38525000,2,2,2,2,2,2,2,1,2,2,2,2,2
chr1:38690000-208295000,2,3,2,2,2,2,2,2,2,2,2,2,2
chr1:38690000-186405000,2,2,2,2,2,2,2,2,2,2,2,2,2
chr1:38690000-108715000,2,2,2,2,2,2,2,2,2,2,2,2,3
chr1:55140000-248923211,2,2,2,2,2,2,2,2,2,2,2,2,2
chr1:55140000-108430000,3,2,2,2,2,2,2,2,2,2,2,2,2
chr1:55140000-61440000,2,2,3,2,2,2,2,2,2,2,2,2,2
chr1:61610000-65890000,2,2,2,2,2,2,2,2,2,2,2,2,2
chr1:65655000-108915000,2,2,2,2,2,2,3,2,2,2,2,2,2
chr1:66120000-108915000,2,2,3,2,2,2,2,2,2,2,2,2,2
chr1:108675000-109120000,2,2,2,2,2,2,2,2,2,2,2,2,2
chr1:108805000-109170000,2,2,2,2,2,2,2,2,2,2,2,2,1
chr1:109000000-119465000,2,2,2,2,2,2,2,2,2,2,2,2,2
chr1:109000000-110480000,2,2,2,2,2,2,1,2,2,2,2,2,2
chr1:109170000-235240000,3,2,2,2,2,2,2,2,2,2,2,2,2
chr1:109245000-185820000,2,2,2,2,2,2,2,2,2,2,2,2,2
chr1:110555000-110915000,2,2,2,2,2,2,1,2,2,2,2,2,2
chr1:111050000-152245000,2,2,2,2,2,2,2,2,2,2,2,2,2
chr1:114625000-248923211,2,2,2,2,2,2,2,2,2,2,2,2,2
chr1:119640000-143695000,2,2,3,2,2,2,2,2,2,2,2,2,2
chr1:144725000-248923211,2,2,2,2,2,2,2,2,2,2,2,2,2
chr1:152340000-153470000,2,2,2,2,2,2,1,2,2,2,2,2,2
chr1:153535000-157185000,2,2,2,2,2,2,2,2,2,2,2,2,2
chr1:157400000-160915000,2,2,2,2,2,2,1,2,2,2,2,2,2
chr1:160995000-248923211,2,2,2,2,2,2,2,2,2,2,2,2,2
chr1:186100000-199570000,2,2,2,2,2,2,2,2,2,2,2,2,3
chr1:186560000-199570000,2,2,2,2,2,2,2,3,2,2,2,2,2
chr1:199885000-208295000,2,2,2,2,2,2,2,2,2,2,2,2,2
chr1:208480000-248923211,2,2,2,2,2,2,2,1,2,2,2,2,1
chr1:208480000-247370000,2,1,2,2,2,2,2,2,2,2,2,2,2
chr1:227860000-228669182,2,2,2,2,2,2,2,2,2,1,2,2,2
chr1:228795000-248923211,2,2,2,2,2,2,2,2,2,2,2,2,2
chr1:235365000-248923211,2,2,2,2,2,2,2,2,2,2,2,2,2
chr1:247430000-248655000,2,1,2,2,2,2,2,2,2,2,2,2,2
chr1:248755000-248923211,2,1,2,2,2,2,2,2,2,2,2,2,2
chr2:110000-242111765,2,2,2,2,2,2,2,2,2,2,2,2,2
chr2:110000-223720000,2,2,2,2,2,2,2,2,2,2,2,2,2
chr2:110000-155340000,2,2,2,2,2,2,2,2,2,2,2,2,2
chr2:110000-66025000,2,2,2,2,2,2,2,2,2,2,2,2,2
chr2:110000-46830000,2,1,2,2,2,2,2,1,2,2,2,2,1
chr2:110000-43070000,2,2,2,2,2,2,2,2,2,2,2,2,2
chr2:110000-16268060,2,2,2,2,2,1,2,2,2,2,2,2,2
chr2:110000-5705000,2,2,2,2,2,2,2,2,2,2,2,2,2
chr2:110000-3675000,2,2,2,2,2,2,2,2,2,2,2,2,2
chr2:110000-1515000,2,2,2,1,2,2,2,2,2,2,2,2,2
chr2:1550000-36495000,2,2,2,2,2,2,2,2,2,2,2,2,2
chr2:3725000-155340000,2,2,2,2,2,2,2,2,2,2,2,2,2
chr2:5825000-6710000,2,2,2,2,2,2,1,2,2,2,2,2,2
chr2:6815000-56080000,2,2,2,2,2,2,2,2,2,2,2,2,2
chr2:16455000-156150000,2,2,2,2,2,2,2,2,2,2,2,2,2
chr2:36560000-155340000,2,2,2,2,2,2,2,2,2,2,2,2,2
chr2:43115000-43340000,2,2,2,2,2,2,2,2,1,2,2,2,2
chr2:43420000-242111765,2,2,2,2,2,2,2,2,2,2,2,2,2
chr2:46880000-49160000,2,1,2,2,2,2,2,1,2,2,2,2,1
chr2:49835000-233555000,2,1,2,2,2,2,2,2,2,2,2,2,2
chr2:49835000-200815000,2,2,2,2,2,2,2,1,2,2,2,2,1
chr2:56860000-60540000,2,2,2,2,2,2,1,2,2,2,2,2,2
chr2:60600000-80855000,2,2,2,2,2,2,2,2,2,2,2,2,2
chr2:66330000-66700000,2,2,2,2,2,2,2,2,2,2,3,2,2
chr2:66820000-156440000,2,2,2,2,2,2,2,2,2,2,2,2,2
chr2:81595000-86795000,2,2,2,2,2,2,3,2,2,2,2,2,2
chr2:87425000-90078252,2,2,2,2,2,2,1,2,2,2,2,2,2
chr2:91770328-113555000,2,2,2,2,2,2,2,2,2,2,2,2,2
chr2:113865000-179930000,2,2,2,2,2,2,1,2,2,2,2,2,2
chr2:156150000-173805000,2,2,2,1,1,2,2,2,2,2,2,2,2
chr2:156150000-173580000,2,2,2,2,2,2,2,2,2,2,2,1,2
chr2:156150000-173435000,1,2,2,2,2,2,2,2,2,2,2,2,2
chr2:156325000-173805000,2,2,2,2,2,1,2,2,2,2,2,2,2
chr2:156560000-173805000,2,2,2,2,2,2,2,2,2,2,1,2,2
chr2:173580000-242111765,2,2,2,2,2,2,2,2,2,2,2,2,2
chr2:173805000-242111765,2,2,2,2,2,2,2,2,2,2,2,2,2
chr2:173990000-242111765,2,2,2,2,2,2,2,2,2,2,2,2,2
chr2:180260000-181790000,2,2,2,2,2,2,1,2,2,2,2,2,2
chr2:181900000-223720000,2,2,2,2,2,2,1,2,2,2,2,2,2
chr2:200840000-201405000,2,2,2,2,2,2,2,2,2,2,2,2,1
chr2:200840000-201305000,2,2,2,2,2,2,2,1,2,2,2,2,2
chr2:201405000-242111765,2,2,2,2,2,2,2,1,2,2,2,2,2
chr2:201545000-242111765,2,2,2,2,2,2,2,2,2,2,2,2,1
chr2:223890000-227610000,2,2,1,2,2,2,2,2,2,2,2,2,2
chr2:223890000-225490000,2,2,2,2,2,2,1,2,2,2,2,2,2
chr2:225805000-226865000,2,2,2,2,2,2,2,2,2,2,2,2,2
chr2:226945000-233555000,2,2,2,2,2,2,1,2,2,2,2,2,2
chr2:227680000-235705000,2,2,1,2,2,2,2,2,2,2,2,2,2
chr2:233670000-234870000,2,1,2,2,2,2,2,2,2,2,2,2,2
chr2:233670000-234455000,2,2,2,2,2,2,1,2,2,2,2,2,2
chr2:234555000-239420000,2,2,2,2,2,2,1,2,2,2,2,2,2
chr2:234960000-242111765,2,1,2,2,2,2,2,2,2,2,2,2,2
chr2:235755000-242111765,2,2,1,2,2,2,2,2,2,2,2,2,2
chr2:239470000-240405000,2,2,2,2,2,2,1,2,2,2,2,2,2
chr2:240440000-242111765,2,2,2,2,2,2,1,2,2,2,2,2,2
chr3:115000-198097780,2,2,2,2,2,2,2,2,2,2,2,2,2
chr3:115000-186810000,3,2,2,3,2,2,2,2,2,2,2,2,2
chr3:115000-186745000,2,2,2,2,2,2,2,2,2,2,2,2,2
chr3:115000-179680000,2,2,2,2,2,2,2,2,2,2,2,2,2
chr3:115000-175795000,2,2,2,2,2,2,2,2,2,2,2,3,2
chr3:115000-86300000,2,2,2,2,2,2,2,2,1,2,2,2,2
chr3:115000-3710000,2,2,2,2,2,2,2,2,2,2,2,2,2
chr3:4050000-175480000,2,2,2,2,3,2,2,2,2,2,2,2,2
chr3:86885000-198097780,2,2,2,2,2,2,2,2,2,2,2,2,2
chr3:175795000-177730000,2,2,2,2,2,2,2,2,2,2,2,2,2
chr3:176390000-177730000,2,2,2,2,2,1,2,2,2,2,2,2,2
chr3:177800000-186875000,2,2,2,2,2,2,2,2,2,2,2,2,2
chr3:177800000-186810000,2,2,2,2,3,2,2,2,2,2,2,2,2
chr3:179795000-182740000,2,2,2,2,2,2,1,2,2,2,2,2,2
chr3:182830000-198097780,2,2,2,2,2,2,2,2,2,2,2,2,2
chr3:186790000-189220000,2,2,2,2,2,2,2,2,2,2,2,2,2
chr3:186875000-189220000,2,2,2,1,2,2,2,2,2,2,1,2,2
chr3:186960000-189220000,2,2,2,2,2,1,2,2,2,2,2,2,2
chr3:189350000-198097780,2,2,2,2,3,2,2,2,2,2,2,2,2
chr3:189350000-192260000,3,2,2,2,2,2,2,2,2,2,3,3,2
chr3:192455000-198097780,2,2,2,2,2,2,2,2,2,2,2,2,2
chr3:192455000-194170000,2,2,2,2,2,1,2,2,2,2,2,2,2
chr3:194235000-198097780,2,2,2,2,2,2,2,2,2,2,2,2,2
chr4:110000-190066561,2,2,2,2,2,2,2,2,2,2,2,2,2
chr4:110000-154410000,2,2,2,2,2,2,2,2,2,2,2,2,2
chr4:110000-92750000,2,2,2,2,2,2,2,2,2,2,2,2,2
chr4:110000-68275000,2,2,2,2,2,2,2,2,2,2,2,2,2
chr4:110000-22850000,2,2,2,2,2,2,2,2,2,2,2,2,2
chr4:110000-10330000,2,2,2,2,2,2,2,2,2,2,2,2,2
chr4:110000-505000,2,2,2,2,2,2,2,2,2,2,2,2,1
chr4:525000-190066561,2,2,2,2,2,2,2,2,2,2,2,2,2
chr4:10525000-48940000,2,2,2,2,2,3,2,2,2,2,2,2,2
chr4:23380000-49158462,2,2,2,2,2,2,2,2,3,2,2,2,2
chr4:49158462-91705000,2,2,2,2,2,2,2,2,2,2,2,2,2
chr4:51836976-190066561,2,2,2,2,2,2,2,2,2,2,2,2,2
chr4:68520000-70435000,2,2,2,2,2,2,1,2,2,2,2,2,2
chr4:70665000-190066561,2,2,2,2,2,2,2,2,2,2,2,2,2
chr4:92750000-190066561,2,2,2,2,2,1,2,2,2,2,2,2,2
chr4:93510000-190066561,2,2,2,2,2,2,2,2,2,2,2,2,2
chr4:93510000-187830000,2,2,2,2,2,2,2,2,2,2,2,2,2
chr4:154525000-155285000,2,2,2,2,2,2,2,2,2,2,2,2,2
chr4:155405000-159340000,2,2,2,2,2,2,2,2,2,2,2,2,2
chr4:159445000-190066561,2,2,2,2,2,2,2,2,2,2,2,2,2
chr4:188045000-190066561,2,2,2,1,2,2,2,2,2,2,2,2,2
chr5:50000-181369130,2,2,2,2,3,2,2,2,2,2,2,2,2
chr5:50000-134605000,2,2,2,2,2,2,2,2,2,2,2,3,2
chr5:50000-108225000,2,2,2,2,2,2,2,2,2,2,3,2,2
chr5:50000-93455000,2,2,2,2,2,2,2,2,2,2,2,2,2
chr5:50000-90580000,2,2,2,3,2,2,2,2,2,2,2,2,2
chr5:50000-31230000,2,2,2,2,2,2,2,2,2,2,2,2,2
chr5:50000-26630000,2,2,2,2,2,2,2,2,2,2,2,2,2
chr5:50000-1450000,2,2,2,2,2,2,2,2,2,2,2,2,2
chr5:50000-630000,2,2,2,2,2,2,2,2,2,2,2,2,2
chr5:650000-1885000,2,2,2,2,2,2,2,2,2,2,2,2,2
chr5:1465000-1615000,2,1,2,2,2,2,2,2,2,2,2,2,2
chr5:1650000-1875000,2,1,2,2,2,2,2,2,2,2,2,2,2
chr5:1885000-7215000,2,1,2,2,2,2,2,2,2,2,2,2,2
chr5:1910000-52390000,3,2,2,2,2,2,2,2,2,2,2,2,2
chr5:7535000-17310000,2,1,2,2,2,2,2,2,2,2,2,2,2
chr5:17375000-28160000,2,1,2,2,2,2,2,2,2,2,2,2,2
chr5:27275000-54045000,2,2,3,2,2,2,2,2,2,2,2,2,2
chr5:29350000-154675000,2,2,2,2,2,2,2,2,2,2,2,2,2
chr5:31350000-53875000,2,2,2,2,2,2,3,2,2,2,2,2,2
chr5:52815000-181369130,2,2,2,2,2,2,2,2,2,2,2,2,2
chr5:54045000-55265000,2,2,2,2,2,2,2,2,2,2,2,2,2
chr5:54235000-55265000,2,2,2,2,2,2,2,2,2,2,2,2,2
chr5:55415000-62035000,2,2,3,2,2,2,2,2,2,2,2,2,2
chr5:55415000-61515000,2,2,2,2,2,2,3,2,2,2,2,2,2
chr5:61640000-65670000,2,2,2,2,2,2,2,2,2,2,2,2,2
chr5:62305000-65670000,2,2,2,2,2,2,2,2,2,2,2,2,2
chr5:65820000-68250000,2,2,3,2,2,2,2,2,2,2,2,2,2
chr5:65820000-67450000,2,2,2,2,2,2,3,2,2,2,2,2,2
chr5:67705000-181369130,2,2,2,2,2,2,2,2,2,2,2,2,2
chr5:68305000-181369130,2,2,2,2,2,2,2,2,2,2,2,2,2
chr5:90740000-175250000,2,2,2,2,2,2,2,2,2,2,2,2,2
chr5:93575000-142730000,2,2,2,2,2,1,2,2,2,2,2,2,2
chr5:108560000-181369130,2,2,2,2,2,2,2,2,2,2,2,2,2
chr5:134695000-135100000,2,2,2,2,2,2,2,2,2,2,2,2,2
chr5:135170000-168025000,2,2,2,2,2,2,2,2,2,2,2,2,2
chr5:142795000-181369130,2,2,2,2,2,2,2,2,2,2,2,2,2
chr5:154755000-168915000,2,1,2,2,2,2,2,2,2,2,2,2,2
chr5:168205000-181369130,2,2,2,2,2,2,2,2,2,2,2,2,2
chr5:169045000-180025000,2,2,2,2,2,2,2,2,2,2,2,2,2
chr5:175455000-180940000,2,2,2,1,2,2,2,2,2,2,2,2,2
chr5:180110000-181369130,2,1,2,2,2,2,2,2,2,2,2,2,2
chr5:181015000-181369130,2,2,2,2,2,2,2,2,2,2,2,2,2
chr6:140000-170662990,2,2,2,2,2,2,2,2,2,2,2,2,2
chr6:140000-132885000,2,2,2,2,2,2,2,2,2,2,2,2,2
chr6:140000-32425000,2,2,2,2,2,2,2,2,1,2,2,2,2
chr6:140000-15165000,2,2,2,2,2,2,2,2,2,2,1,2,2
chr6:140000-15035000,1,2,2,1,1,2,2,2,2,1,2,2,2
chr6:140000-13600000,2,2,2,2,2,2,2,2,2,2,2,2,2
chr6:140000-8310000,2,1,2,2,2,2,2,2,2,2,2,2,2
chr6:140000-365000,2,2,2,2,2,1,2,2,2,2,2,1,2
chr6:405000-15035000,2,2,2,2,2,1,2,2,2,2,2,1,2
chr6:8915000-170435000,2,2,2,2,2,2,2,2,2,2,2,2,2
chr6:13670000-15620000,2,2,2,2,2,2,3,2,2,2,2,2,2
chr6:15165000-32535000,1,2,2,2,2,2,2,2,2,2,2,2,2
chr6:15165000-32480000,2,2,2,1,1,1,2,2,2,2,2,2,2
chr6:15165000-32425000,2,2,2,2,2,2,2,2,2,1,2,1,2
chr6:15260000-32205000,2,2,2,2,2,2,2,2,2,2,1,2,2
chr6:15770000-32425000,2,2,2,2,2,2,2,2,2,2,2,2,2
chr6:32215000-32800000,2,2,2,2,2,2,2,2,2,2,1,2,2
chr6:32480000-32700000,2,2,2,2,2,2,1,2,1,1,2,1,2
chr6:32535000-32750000,2,2,2,1,1,1,2,2,2,2,2,2,2
chr6:32565000-32775000,1,2,2,2,2,2,2,2,2,2,2,2,2
chr6:32750000-57881944,2,2,2,2,2,2,3,2,2,1,2,2,2
chr6:32750000-57265000,2,2,2,2,2,2,2,2,2,2,2,1,2
chr6:32750000-49630000,2,2,2,2,2,2,2,2,1,2,2,2,2
chr6:32775000-57881944,2,2,2,1,1,1,2,2,2,2,2,2,2
chr6:32800000-57265000,1,2,2,2,2,2,2,2,2,2,2,2,2
chr6:32815000-56905000,2,2,2,2,2,2,2,2,2,2,1,2,2
chr6:49790000-50830000,2,2,2,2,2,2,2,2,1,2,2,2,2
chr6:50845000-57881944,2,2,2,2,2,2,2,2,1,2,2,2,2
chr6:56995000-84940000,2,2,2,2,2,2,2,2,2,2,3,2,2
chr6:57881944-73035000,3,2,2,2,2,2,2,2,2,2,2,3,2
chr6:60793482-170662990,2,2,2,2,2,2,2,2,2,2,2,2,2
chr6:60793482-84940000,2,2,2,2,2,2,2,2,2,2,2,2,2
chr6:60793482-73035000,2,2,2,2,3,3,2,2,2,2,2,2,2
chr6:73285000-73605000,2,2,2,2,2,2,2,2,2,2,2,2,2
chr6:73285000-73490000,2,2,2,2,2,2,2,2,2,2,2,2,2
chr6:73605000-84940000,3,2,2,3,3,2,2,2,2,2,2,3,2
chr6:73875000-84940000,2,2,2,2,2,3,2,2,2,2,2,2,2
chr6:85275000-116330000,1,2,2,1,1,1,2,2,2,1,1,1,2
chr6:116460000-170662990,3,2,2,2,3,3,2,2,2,2,3,3,2
chr6:133100000-136085000,2,2,3,2,2,2,2,2,2,2,2,2,2
chr6:136195000-170662990,2,2,2,2,2,2,2,2,2,2,2,2,2
chr6:170500000-170662990,2,1,2,2,2,2,2,2,2,2,2,2,2
chr7:50000-159247987,2,2,2,2,2,2,2,1,2,2,2,2,1
chr7:50000-153400000,2,2,2,2,2,2,2,2,2,2,2,2,2
chr7:50000-64065000,2,2,2,2,2,2,2,2,2,2,2,2,2
chr7:50000-54645000,2,2,2,2,2,2,2,2,1,2,2,2,2
chr7:50000-7125000,2,2,2,2,2,2,2,2,2,2,2,2,2
chr7:50000-1185000,2,2,2,2,2,2,2,2,2,2,2,2,2
chr7:50000-1155000,2,2,2,2,2,2,2,2,2,2,2,1,2
chr7:50000-115000,2,2,2,2,2,2,2,2,2,2,2,2,2
chr7:150000-7000000,2,2,2,2,2,2,2,2,2,2,2,2,2
chr7:1185000-1395000,2,1,2,2,2,2,2,2,2,2,2,1,2
chr7:1220000-1420000,2,2,2,2,1,2,2,2,2,2,2,2,2
chr7:1420000-159247987,2,1,2,2,2,2,2,2,2,2,2,2,2
chr7:1420000-7000000,2,2,2,2,2,2,2,2,2,2,2,1,2
chr7:1440000-159247987,2,2,2,2,2,2,2,2,2,2,2,2,2
chr7:7125000-55725000,2,2,2,2,2,2,2,2,2,2,2,2,2
chr7:7125000-43810000,2,2,2,2,2,2,2,2,2,2,2,2,2
chr7:7215000-38510000,2,2,2,2,2,2,2,2,2,2,2,2,2
chr7:38685000-62868390,2,2,2,1,2,2,2,2,2,2,2,2,2
chr7:43895000-45900000,2,2,2,2,2,2,2,2,2,2,2,2,2
chr7:45960000-55550000,2,2,2,2,2,2,2,2,2,2,2,2,2
chr7:54790000-141850000,2,2,2,2,2,2,2,2,2,2,2,2,2
chr7:55725000-57789827,2,2,2,2,2,2,2,2,2,2,2,2,2
chr7:55920000-56350000,2,2,2,2,2,2,2,2,2,2,2,1,2
chr7:56890000-159247987,2,2,2,2,2,2,2,2,2,2,2,2,2
chr7:62868390-159247987,2,2,2,2,2,2,2,2,2,2,2,2,2
chr7:63580000-68440000,2,2,2,2,2,2,2,2,2,2,2,2,2
chr7:64255000-68440000,2,2,2,2,2,2,3,2,2,2,2,2,2
chr7:69395000-141760000,2,2,2,2,2,2,2,2,2,2,2,2,2
chr7:69395000-70760000,2,2,2,2,2,2,2,2,2,2,2,2,2
chr7:70960000-159247987,2,2,2,2,2,2,2,2,2,2,2,2,2
chr7:141850000-142755000,2,2,2,2,2,2,1,2,2,2,2,2,2
chr7:141940000-159247987,2,2,2,2,2,2,2,2,1,2,2,2,2
chr7:142825000-153400000,2,2,2,2,2,2,2,2,2,2,2,2,2
chr7:154090000-159247987,2,2,1,2,2,2,2,2,2,2,2,2,2
chr7:154090000-157420000,2,2,2,2,2,2,1,2,2,2,2,2,2
chr7:157445000-158555000,2,2,2,2,2,2,1,2,2,2,2,2,2
chr7:158640000-159247987,2,2,2,2,2,2,1,2,2,2,2,2,2
chr8:195000-145039318,2,2,2,2,2,2,2,2,2,2,2,2,2
chr8:195000-142080000,2,2,2,2,2,2,2,2,2,2,2,2,2
chr8:195000-141310000,2,2,2,2,2,2,2,2,2,2,2,2,2
chr8:195000-141180000,2,2,2,2,2,2,2,2,2,2,2,2,2
chr8:195000-123445000,2,2,2,2,2,2,2,2,2,2,2,2,2
chr8:195000-57915000,2,2,2,2,2,2,2,2,2,2,2,2,2
chr8:195000-43676872,2,2,2,2,2,2,2,2,2,2,2,2,2
chr8:195000-30920000,2,1,2,2,2,2,2,2,2,2,2,2,2
chr8:195000-4305000,2,2,2,2,2,2,1,2,2,2,2,2,2
chr8:195000-2395000,2,2,1,2,2,2,2,2,2,2,2,2,2
chr8:2685000-4785000,2,2,2,2,2,2,2,2,2,2,2,2,2
chr8:4785000-43676872,2,2,2,2,2,2,3,2,2,2,2,2,2
chr8:5560000-12107173,2,2,3,2,2,2,2,2,2,2,2,2,2
chr8:12517173-21485000,2,2,3,2,2,2,2,2,2,2,2,2,2
chr8:21730000-23230000,2,2,3,2,2,2,2,2,2,2,2,2,2
chr8:23260000-40825000,2,2,3,2,2,2,2,2,2,2,2,2,2
chr8:31100000-33860000,2,2,2,2,2,2,2,2,2,2,2,2,2
chr8:34390000-36330000,2,1,2,2,2,2,2,2,2,2,2,2,2
chr8:36960000-145039318,2,2,2,2,2,2,2,2,2,2,2,2,2
chr8:41005000-53385000,2,2,2,2,2,2,2,2,2,2,2,2,2
chr8:46063633-80125000,2,2,2,2,2,2,2,2,3,2,2,2,2
chr8:46063633-48530000,2,2,2,2,2,2,1,2,2,2,2,2,2
chr8:48585000-50275000,2,2,2,2,2,2,2,2,2,2,2,2,2
chr8:51020000-53385000,2,2,2,2,2,2,1,2,2,2,2,2,2
chr8:53630000-145039318,2,2,2,2,2,2,3,2,2,2,2,2,2
chr8:53630000-141180000,2,2,3,2,2,2,2,2,2,2,2,2,2
chr8:58085000-59400000,2,2,2,2,1,2,2,2,2,2,2,2,2
chr8:59930000-75255000,2,2,2,2,2,2,2,2,2,2,2,2,2
chr8:75710000-82555000,2,2,2,2,1,2,2,2,2,2,2,2,2
chr8:80215000-80725000,2,2,2,2,2,2,2,2,1,2,2,2,2
chr8:80950000-141290000,2,2,2,2,2,2,2,2,3,2,2,2,2
chr8:83565000-86575000,2,2,2,2,2,2,2,2,2,2,2,2,2
chr8:86755000-145039318,2,2,2,2,1,2,2,2,2,2,2,2,2
chr8:123510000-134255000,2,2,2,2,2,2,2,2,2,2,2,2,2
chr8:134505000-145039318,2,2,2,2,2,2,2,2,2,2,2,2,2
chr8:141200000-145039318,2,2,2,2,2,2,2,2,2,1,2,2,2
chr8:141310000-145039318,2,2,2,2,2,2,2,2,2,2,2,2,2
chr8:141335000-145039318,2,2,2,2,2,1,2,2,2,2,2,1,2
chr8:142145000-145039318,1,2,2,2,2,2,2,2,2,2,2,2,2
chr9:215000-138187359,2,2,2,2,2,2,2,2,2,2,2,2,2
chr9:215000-39479735,2,2,2,2,2,2,2,2,1,2,2,2,2
chr9:215000-22400000,2,2,2,2,2,2,1,2,2,2,2,2,2
chr9:215000-6835000,2,2,2,1,2,2,2,2,2,2,2,2,2
chr9:215000-1010000,2,2,2,2,1,1,2,2,2,2,1,1,2
chr9:215000-905000,1,2,2,2,2,2,2,2,2,1,2,2,2
chr9:1010000-138187359,2,2,2,2,2,2,2,2,2,2,2,2,2
chr9:1010000-127315000,2,2,2,2,2,2,2,2,2,2,2,2,2
chr9:1290000-130310000,2,2,2,2,2,2,2,2,2,2,2,2,2
chr9:1290000-127315000,2,2,2,2,2,2,2,2,2,2,2,2,2
chr9:1290000-6835000,2,2,2,2,1,2,2,2,2,2,2,2,2
chr9:1290000-6715000,2,2,2,2,2,2,2,2,2,2,1,2,2
chr9:6835000-18080000,2,2,2,2,2,2,2,2,2,2,2,2,2
chr9:7010000-17515000,2,2,2,2,2,2,2,2,2,2,2,2,2
chr9:7010000-8515000,2,2,2,2,2,2,2,2,2,2,2,2,2
chr9:9380000-17000000,2,2,2,2,2,2,2,2,2,2,2,2,2
chr9:17515000-24830000,2,2,2,1,2,2,2,2,2,2,2,2,2
chr9:18080000-21755000,2,2,2,2,1,2,2,2,2,2,2,2,2
chr9:18540000-21400000,2,2,2,2,2,2,2,2,2,2,1,2,2
chr9:21560000-138187359,2,2,2,2,2,2,2,2,2,2,2,2,2
chr9:21900000-138187359,2,2,2,2,2,2,2,2,2,2,2,2,2
chr9:23290000-31100000,2,2,2,2,2,2,1,2,2,2,2,2,2
chr9:26185000-138187359,2,2,2,2,2,2,2,2,2,2,2,2,2
chr9:32465000-68835000,2,2,2,2,2,2,1,2,2,2,2,2,2
chr9:68460276-112820000,2,2,2,2,2,2,2,2,2,2,2,2,2
chr9:68460276-92485000,2,2,2,2,2,2,2,2,3,2,2,2,2
chr9:68960000-112820000,2,2,2,2,2,2,2,2,2,2,2,2,2
chr9:92685000-94020000,2,2,2,2,2,2,2,2,3,2,2,2,2
chr9:94170000-95415000,2,2,2,2,2,2,2,2,3,2,2,2,2
chr9:95475000-95945000,2,2,2,2,2,2,2,2,1,2,2,2,2
chr9:96050000-138187359,2,2,2,2,2,2,2,2,2,2,2,2,2
chr9:112970000-138187359,2,2,1,2,2,2,1,2,2,2,2,2,2
chr9:127420000-138187359,2,2,2,2,2,2,2,2,2,2,2,1,2
chr9:130380000-138187359,2,2,2,2,2,1,2,2,2,2,2,2,2
chr10:125000-133625233,3,1,2,2,2,2,2,2,2,2,2,2,2
chr10:125000-131965000,2,2,2,2,2,2,2,2,2,2,2,2,2
chr10:125000-74415000,2,2,2,2,2,2,2,2,2,2,2,2,2
chr10:125000-37910000,2,2,3,2,2,2,2,2,2,2,2,2,2
chr10:125000-1155000,2,2,2,2,2,2,2,2,2,2,2,2,2
chr10:1170000-2235000,2,2,2,2,2,2,2,2,2,2,2,2,2
chr10:2465000-31515000,2,2,2,2,2,2,3,2,2,2,2,2,2
chr10:31765000-35530000,2,2,2,2,2,2,3,2,2,2,2,2,2
chr10:35620000-80495000,2,2,2,2,2,2,2,2,2,2,2,2,2
chr10:37990000-133625233,2,2,2,2,2,2,2,2,2,2,2,2,2
chr10:74595000-133625233,2,2,2,2,2,2,2,1,2,2,2,2,1
chr10:80565000-86420000,2,2,2,2,2,2,1,2,2,2,2,2,2
chr10:86495000-104405000,2,2,2,2,2,2,2,2,2,2,2,2,2
chr10:104560000-109395000,2,2,2,2,2,2,1,2,2,2,2,2,2
chr10:109900000-133625233,2,2,2,2,2,2,2,2,2,2,2,2,2
chr10:132005000-133625233,2,2,2,2,2,2,2,2,2,2,2,2,2
chr11:145000-134993311,2,2,2,2,2,2,2,2,2,2,2,2,2
chr11:145000-125915000,2,2,2,2,2,2,2,2,2,2,2,2,2
chr11:145000-81290000,2,2,2,2,2,2,2,2,2,2,2,2,2
chr11:145000-79565000,2,2,2,2,2,2,2,2,2,2,2,2,2
chr11:145000-62735000,2,2,2,2,2,2,2,2,2,2,2,2,2
chr11:145000-50555674,2,2,2,2,2,2,2,2,2,2,2,2,2
chr11:145000-50275000,2,2,2,2,2,2,2,2,2,2,2,2,2
chr11:145000-18230000,2,2,1,2,2,2,2,2,2,2,2,2,2
chr11:145000-10775000,2,2,2,2,2,2,2,2,1,2,2,2,2
chr11:145000-9130000,2,2,2,2,2,2,2,2,2,2,2,2,2
chr11:145000-4225000,2,2,2,2,2,2,1,2,2,2,2,2,2
chr11:145000-3795000,2,2,2,2,2,2,2,2,2,2,2,1,2
chr11:145000-2935000,2,2,2,2,2,2,2,2,2,1,2,2,2
chr11:2950000-134993311,2,2,2,2,2,2,2,2,2,2,2,2,2
chr11:3825000-78190000,2,2,2,2,2,2,2,2,2,2,2,2,2
chr11:4450000-5480000,2,2,2,2,2,2,1,2,2,2,2,2,2
chr11:5550000-6710000,2,2,2,2,2,2,1,2,2,2,2,2,2
chr11:6765000-8295000,2,2,2,2,2,2,1,2,2,2,2,2,2
chr11:8460000-18230000,2,2,2,2,2,2,1,2,2,2,2,2,2
chr11:9240000-50555674,2,2,2,2,2,2,2,2,2,2,1,2,2
chr11:10830000-26255000,2,2,2,2,2,2,2,2,3,2,2,2,2
chr11:18290000-71097848,2,2,2,2,2,2,2,2,2,2,2,2,2
chr11:18290000-70922848,2,2,2,2,2,2,2,2,2,2,2,2,2
chr11:26525000-85100000,2,2,2,2,2,2,2,2,2,2,2,2,2
chr11:50555674-81290000,2,2,2,2,1,2,2,2,2,2,2,2,2
chr11:55167537-56835000,2,2,2,2,2,2,2,2,2,2,3,2,2
chr11:55167537-56615000,2,1,2,2,2,2,2,2,2,2,2,2,2
chr11:56835000-134993311,2,2,2,2,2,2,2,2,2,2,2,2,2
chr11:57105000-134993311,2,2,2,2,2,2,2,2,2,2,3,2,2
chr11:62760000-62840000,2,2,2,2,2,2,2,1,2,2,2,2,2
chr11:62865000-134993311,2,2,2,2,2,2,2,2,2,2,2,2,2
chr11:71097848-78635000,2,2,2,2,2,2,1,2,2,2,2,2,2
chr11:71180000-134993311,2,2,1,2,2,2,2,2,2,2,2,2,2
chr11:78270000-116170000,2,2,2,2,2,2,2,2,2,2,2,3,2
chr11:78800000-82565000,2,2,2,2,2,2,1,2,2,2,2,2,2
chr11:80005000-117665000,2,2,2,2,2,2,2,2,2,2,2,2,2
chr11:82070000-86990000,2,2,2,2,2,2,2,2,2,2,2,2,2
chr11:82070000-85100000,3,2,2,2,2,2,2,2,2,2,2,2,2
chr11:82785000-134993311,2,2,2,2,2,2,1,2,2,2,2,2,2
chr11:85450000-134993311,2,2,2,2,2,2,2,2,1,2,2,2,2
chr11:85450000-86990000,2,2,2,2,2,2,2,2,2,2,2,2,2
chr11:87155000-100780000,2,2,2,2,1,2,2,2,2,2,2,2,2
chr11:100980000-117845000,2,2,2,2,2,2,2,2,2,2,2,2,2
chr11:116345000-134993311,2,2,2,2,2,2,2,2,2,2,2,2,2
chr11:117755000-125915000,2,2,2,2,2,2,2,2,2,2,2,2,2
chr11:117895000-125915000,2,2,2,2,1,2,2,2,2,2,2,2,2
chr11:117895000-125830000,1,2,2,2,2,2,2,2,2,2,2,2,2
chr11:125890000-134993311,1,2,2,2,2,2,2,2,2,2,2,2,2
chr11:125995000-134993311,2,2,2,1,1,1,2,2,2,2,2,2,2
chr12:70000-133222655,2,2,2,2,2,2,2,2,2,2,2,2,2
chr12:70000-131770000,2,2,2,2,2,2,2,2,2,2,2,2,2
chr12:70000-27395000,2,2,1,2,2,2,2,2,2,2,2,2,2
chr12:70000-8645000,2,2,2,2,2,2,2,2,2,2,1,2,2
chr12:70000-8555000,2,2,2,2,2,1,2,2,2,1,2,2,2
chr12:70000-7325000,2,2,2,1,1,2,2,2,2,2,2,2,2
chr12:70000-7195000,2,2,2,2,2,2,2,2,2,2,2,2,2
chr12:70000-4880000,2,2,2,2,2,2,2,2,2,2,2,2,2
chr12:4995000-7195000,2,2,2,2,2,2,1,2,2,2,2,2,2
chr12:7325000-7825000,2,1,2,2,2,2,1,2,2,2,2,2,2
chr12:7470000-8645000,2,2,2,1,2,2,2,2,2,2,2,2,2
chr12:7470000-8555000,2,2,2,2,1,2,2,2,2,2,2,2,2
chr12:7920000-133222655,2,2,2,2,2,2,2,2,2,2,2,2,2
chr12:7920000-9710000,2,2,2,2,2,2,1,2,2,2,2,2,2
chr12:8645000-133222655,2,2,2,2,2,2,2,2,2,2,2,2,2
chr12:8645000-132790000,2,2,2,2,2,2,2,2,2,2,2,2,2
chr12:8765000-132790000,2,2,2,2,2,2,2,2,2,2,2,2,2
chr12:8765000-45360000,3,2,2,2,2,2,2,2,2,2,2,2,2
chr12:8765000-9810000,2,2,2,2,2,2,2,2,2,2,2,2,2
chr12:9810000-10190000,2,2,2,2,2,2,1,2,2,2,2,2,2
chr12:9900000-10190000,2,2,2,1,2,2,2,2,2,2,2,2,2
chr12:10215000-132790000,2,2,2,2,2,2,2,2,2,2,2,2,2
chr12:10215000-13070000,2,2,2,2,2,2,1,2,2,2,2,2,2
chr12:13115000-13825000,2,2,2,2,2,2,1,2,2,2,2,2,2
chr12:14210000-27565000,2,2,2,2,2,2,1,2,2,2,2,2,2
chr12:27490000-40935000,2,2,3,2,2,2,2,2,2,2,2,2,2
chr12:27660000-29260000,2,2,2,2,2,2,3,2,2,2,2,2,2
chr12:29450000-32710000,2,2,2,2,2,2,3,2,2,2,2,2,2
chr12:32820000-38720000,2,2,2,2,2,2,3,2,2,2,2,2,2
chr12:39170000-54575000,2,2,2,2,2,2,2,2,2,2,2,2,2
chr12:41305000-133222655,2,2,2,2,2,2,2,2,2,2,2,2,2
chr12:45580000-133222655,2,2,2,2,2,2,2,2,2,2,2,2,2
chr12:54615000-55565000,2,2,2,2,2,2,1,2,2,2,2,2,2
chr12:55695000-71895000,2,2,2,2,2,2,2,2,2,2,2,2,2
chr12:71995000-75000000,2,2,2,2,2,2,1,2,2,2,2,2,2
chr12:75265000-125130000,2,2,2,2,2,2,1,2,2,2,2,2,2
chr12:125170000-130745000,2,2,2,2,2,2,1,2,2,2,2,2,2
chr12:130795000-133222655,2,2,2,2,2,2,1,2,2,2,2,2,2
chr12:131795000-131945000,2,2,2,2,2,2,2,2,2,2,2,2,2
chr12:131985000-132095000,2,2,2,2,2,2,2,2,2,2,2,2,2
chr12:132125000-133222655,2,2,2,2,2,2,2,2,2,2,2,2,2
chr12:132810000-133222655,2,2,2,1,1,1,2,2,2,2,1,2,2
chr13:18679053-114332164,2,2,2,2,2,2,2,2,2,2,2,2,2
chr13:18679053-68310000,2,2,2,2,2,2,2,2,2,2,2,2,2
chr13:18679053-47270000,2,2,2,2,2,2,2,2,2,2,2,2,2
chr13:18679053-39295000,2,2,2,2,2,2,2,2,2,2,2,2,2
chr13:18679053-37025000,2,2,2,2,2,2,2,2,2,2,3,2,2
chr13:18679053-36940000,3,2,2,2,2,2,2,2,2,2,2,2,2
chr13:18679053-22090000,2,2,2,2,2,2,2,2,2,2,2,2,2
chr13:18679053-21770000,2,2,2,2,2,2,2,2,2,2,2,2,2
chr13:18679053-21415000,2,2,2,2,2,2,2,2,2,2,2,2,2
chr13:21530000-37110000,2,2,2,2,2,2,2,2,2,2,2,3,2
chr13:21530000-30395000,2,2,2,2,3,2,2,2,2,2,2,2,2
chr13:21925000-37110000,2,2,2,2,2,3,2,2,2,3,2,2,2
chr13:22485000-37110000,2,2,2,3,2,2,2,2,2,2,2,2,2
chr13:30440000-37110000,2,2,2,2,2,2,2,2,2,2,2,2,2
chr13:37025000-66625000,1,2,2,2,2,2,2,2,2,2,2,2,2
chr13:37110000-66625000,2,2,2,2,2,2,2,2,2,2,1,2,2
chr13:37330000-66625000,2,2,2,1,1,1,2,2,2,1,2,1,2
chr13:39550000-50125000,2,2,2,2,2,2,2,2,1,2,2,2,2
chr13:47630000-61950000,2,1,2,2,2,2,2,1,2,2,2,2,1
chr13:50240000-74180000,2,2,2,2,2,2,2,2,2,2,2,2,2
chr13:63095000-114332164,2,2,2,2,2,2,2,2,2,2,2,2,2
chr13:67040000-114332164,3,2,2,2,2,2,2,2,2,2,3,2,2
chr13:67040000-113535000,2,2,2,2,2,2,2,2,2,2,2,3,2
chr13:67040000-110490000,2,2,2,3,2,2,2,2,2,2,2,2,2
chr13:67040000-110440000,2,2,2,2,2,2,2,2,2,3,2,2,2
chr13:67040000-110240000,2,2,2,2,2,3,2,2,2,2,2,2,2
chr13:67040000-70700000,2,2,2,2,2,2,2,2,2,2,2,2,2
chr13:69540000-99830000,2,2,3,2,2,2,2,2,2,2,2,2,2
chr13:71580000-112860000,2,2,2,2,3,2,2,2,2,2,2,2,2
chr13:74400000-97360000,2,2,2,2,2,2,2,2,3,2,2,2,2
chr13:97550000-104095000,2,2,2,2,2,2,2,2,2,2,2,2,2
chr13:99920000-100090000,2,2,2,2,2,2,2,2,2,2,2,2,2
chr13:100145000-110440000,2,2,3,2,2,2,2,2,2,2,2,2,2
chr13:104885000-109760000,2,2,2,2,2,2,2,2,3,2,2,2,2
chr13:109845000-114332164,2,2,2,2,2,2,2,2,2,2,2,2,2
chr13:110280000-114332164,2,2,2,2,2,3,2,2,2,2,2,2,2
chr13:110490000-114332164,2,2,2,2,2,2,2,2,2,3,2,2,2
chr13:110530000-114332164,2,2,2,3,2,2,2,2,2,2,2,2,2
chr13:112875000-114332164,2,2,2,2,2,2,2,2,2,2,2,2,2
chr13:113560000-114332164,2,2,2,2,2,2,2,2,2,2,2,2,2
chr14:19770857-106751859,2,2,2,2,2,2,2,2,2,2,2,2,2
chr14:19770857-71035000,2,2,2,2,2,2,2,2,2,2,2,2,2
chr14:19770857-70710000,2,2,2,2,2,2,2,2,2,2,2,2,2
chr14:19770857-39460000,2,2,2,2,2,2,3,2,2,2,2,2,2
chr14:19770857-37425000,2,2,2,2,2,2,2,2,2,2,3,2,2
chr14:19770857-37080000,2,2,2,2,2,2,2,2,2,2,2,2,2
chr14:19770857-21735000,3,2,2,2,3,2,2,2,2,2,2,2,2
chr14:21880000-22565000,2,2,2,2,3,2,2,2,2,2,2,2,2
chr14:21880000-22530000,3,2,2,2,2,2,2,2,2,2,2,3,2
chr14:22565000-24430000,2,2,2,2,2,2,2,2,2,2,2,2,2
chr14:22600000-35465000,2,2,2,2,3,2,2,2,2,2,2,2,2
chr14:24505000-30585000,2,2,2,2,2,2,2,2,2,2,2,3,2
chr14:24505000-30385000,3,2,2,2,2,2,2,2,2,2,2,2,2
chr14:30585000-37080000,3,2,2,2,2,2,2,2,2,2,2,2,2
chr14:30745000-37425000,2,2,2,2,2,2,2,2,2,2,2,2,2
chr14:35665000-37225000,2,2,2,2,2,2,2,2,2,2,2,2,2
chr14:37180000-38325000,2,2,2,1,2,2,2,2,2,2,2,2,2
chr14:37425000-38325000,2,2,2,2,1,2,2,2,2,2,2,2,2
chr14:37595000-38325000,2,2,2,2,2,1,2,2,2,1,1,1,2
chr14:38750000-57330000,2,2,2,2,2,2,2,2,2,2,2,2,2
chr14:38750000-57040000,2,2,2,2,2,2,2,2,2,2,2,2,2
chr14:38750000-49330000,2,2,2,2,2,2,2,2,2,2,2,2,2
chr14:39850000-58525000,2,2,2,2,2,2,1,2,2,2,2,2,2
chr14:49605000-49925000,2,2,2,2,2,2,2,2,2,2,2,2,2
chr14:50000000-57040000,2,2,2,2,2,2,2,2,2,2,2,2,2
chr14:57330000-106751859,2,2,2,2,2,1,2,2,2,2,2,2,2
chr14:57330000-100925000,2,2,2,2,2,2,2,2,2,2,1,2,2
chr14:57330000-73235000,2,2,2,1,2,2,2,2,2,2,2,2,2
chr14:57330000-68590000,2,2,2,2,1,2,2,2,2,2,2,2,2
chr14:57330000-67765000,1,2,2,2,2,2,2,2,2,2,2,2,2
chr14:57490000-106751859,2,2,2,2,2,2,2,2,2,1,2,1,2
chr14:58680000-70765000,2,2,2,2,2,2,2,2,2,2,2,2,2
chr14:67955000-69220000,2,2,2,2,2,2,2,2,2,2,2,2,2
chr14:68655000-68990000,2,2,2,2,2,2,2,2,2,2,2,2,2
chr14:69100000-76900000,2,2,2,2,1,2,2,2,2,2,2,2,2
chr14:69255000-106751859,1,2,2,2,2,2,2,2,2,2,2,2,2
chr14:70765000-72815000,2,2,3,2,2,2,2,2,2,2,2,2,2
chr14:70810000-72080000,2,2,2,2,2,2,3,2,2,2,2,2,2
chr14:71155000-90290000,2,1,2,2,2,2,2,1,2,2,2,2,1
chr14:72350000-75485000,2,2,2,2,2,2,2,2,2,2,2,2,2
chr14:72905000-75880000,2,2,2,2,2,2,2,2,2,2,2,2,2
chr14:73350000-73675000,2,2,2,1,2,2,2,2,2,2,2,2,2
chr14:73715000-100925000,2,2,2,1,2,2,2,2,2,2,2,2,2
chr14:75570000-96965000,2,2,2,2,2,2,1,2,2,2,2,2,2
chr14:75950000-106751859,2,2,2,2,2,2,2,2,2,2,2,2,2
chr14:76970000-77105000,2,2,2,2,2,2,2,2,2,2,2,2,2
chr14:77130000-100900000,2,2,2,2,1,2,2,2,2,2,2,2,2
chr14:90360000-106751859,2,2,2,2,2,2,2,2,2,2,2,2,2
chr14:90360000-100925000,2,2,2,2,2,2,2,2,2,2,2,2,2
chr14:97090000-99140000,2,2,2,2,2,2,1,2,2,2,2,2,2
chr14:99205000-100900000,2,2,2,2,2,2,1,2,2,2,2,2,2
chr14:100925000-101005000,2,2,2,2,1,2,1,2,2,2,2,2,2
chr14:100950000-101005000,2,1,2,1,2,2,2,2,2,2,1,2,2
chr14:101025000-106751859,2,2,2,1,1,2,2,2,2,2,1,2,2
chr14:101025000-101695000,2,2,2,2,2,2,1,2,2,2,2,2,2
chr14:101780000-103860000,2,2,2,2,2,2,1,2,2,2,2,2,2
chr14:103900000-104670000,2,2,2,2,2,2,1,2,2,2,2,2,2
chr14:104690000-105855000,2,2,2,2,2,2,2,2,2,2,2,2,2
chr14:105870000-106751859,2,2,2,2,2,2,1,2,2,2,2,2,2
chr15:20232279-101850595,2,2,2,2,2,2,2,2,2,2,2,2,2
chr15:20232279-36845000,2,2,2,2,2,2,2,2,2,2,2,2,2
chr15:20232279-25135000,2,2,2,2,2,2,2,2,2,1,2,2,2
chr15:20232279-24320000,2,2,2,2,2,2,2,2,2,2,2,2,2
chr15:20232279-23825000,2,2,2,2,2,2,2,2,2,2,1,2,2
chr15:20232279-23005000,2,2,2,2,2,2,2,2,2,2,2,2,2
chr15:23128437-28055000,2,2,2,2,2,2,1,2,2,2,2,2,2
chr15:24320000-25015000,2,2,2,2,2,2,2,2,2,2,1,2,2
chr15:24745000-35035000,3,2,2,2,2,2,2,2,2,2,2,2,2
chr15:25055000-101850595,2,2,2,2,2,2,2,2,2,2,1,2,2
chr15:25175000-25255000,2,2,1,2,2,1,2,2,2,1,2,2,2
chr15:25350000-101850595,2,2,2,2,2,2,2,2,2,2,2,2,2
chr15:28100000-101850595,2,2,2,2,2,2,2,2,2,2,2,2,2
chr15:35130000-39880000,3,2,2,2,2,2,2,2,2,2,2,2,2
chr15:36910000-37300000,2,2,2,3,2,2,2,2,2,2,2,2,2
chr15:37710000-101850595,2,2,2,2,2,2,2,2,2,2,2,2,2
chr15:39950000-45665000,3,2,2,2,2,2,2,2,2,2,2,2,2
chr15:45890000-51500000,3,2,2,2,2,2,2,2,2,2,2,2,2
chr15:51650000-64065000,3,2,2,2,2,2,2,2,2,2,2,2,2
chr15:64120000-101850595,2,2,2,2,2,2,2,2,2,2,2,2,2
chr16:40000-48010000,2,2,2,2,2,2,2,2,2,2,2,2,2
chr16:40000-46655000,2,2,2,2,2,2,2,2,2,2,2,2,2
chr16:40000-34892311,2,2,2,2,2,2,2,2,2,2,2,2,2
chr16:40000-33865870,2,2,2,1,1,2,2,2,2,2,2,2,2
chr16:40000-32060000,1,2,2,2,2,1,2,2,2,1,1,1,2
chr16:32732298-52395000,2,2,2,2,2,2,2,2,2,2,2,2,2
chr16:32732298-51250000,2,2,2,2,2,2,2,2,2,2,2,2,2
chr16:34892311-90149173,2,1,2,2,2,2,2,2,2,2,2,2,2
chr16:34892311-51250000,2,2,2,2,2,2,2,2,2,2,2,2,2
chr16:35350000-47490000,2,2,3,2,2,2,2,2,2,2,2,2,2
chr16:35350000-47225000,2,2,2,2,2,2,3,2,2,2,2,2,2
chr16:46725000-90149173,2,2,2,2,2,2,2,2,1,2,2,2,2
chr16:47385000-50085000,2,2,2,2,2,2,3,2,2,2,2,2,2
chr16:47700000-50085000,2,2,3,2,2,2,2,2,2,2,2,2,2
chr16:48160000-55185000,2,2,2,2,2,2,2,2,2,2,2,2,1
chr16:48160000-54995000,2,2,2,2,2,2,2,1,2,2,2,2,2
chr16:50195000-58805000,2,2,1,2,2,2,2,2,2,2,2,2,2
chr16:50195000-50790000,2,2,2,2,2,2,1,2,2,2,2,2,2
chr16:50860000-52830000,2,2,2,2,2,2,1,2,2,2,2,2,2
chr16:51455000-90149173,2,2,2,1,2,1,2,2,2,1,2,1,2
chr16:51455000-85315000,2,2,2,2,1,2,2,2,2,2,2,2,2
chr16:51455000-59705000,2,2,2,2,2,2,2,2,2,2,1,2,2
chr16:52575000-75750000,1,2,2,2,2,2,2,2,2,2,2,2,2
chr16:53210000-58480000,2,2,2,2,2,2,1,2,2,2,2,2,2
chr16:55185000-55785000,2,2,2,2,2,2,2,2,2,2,2,2,2
chr16:55325000-55785000,2,2,2,2,2,2,2,2,2,2,2,2,2
chr16:55925000-56730000,2,2,2,2,2,2,2,1,2,2,2,2,1
chr16:56820000-57925000,2,2,2,2,2,2,2,2,2,2,2,2,2
chr16:57995000-90149173,2,2,2,2,2,2,2,1,2,2,2,2,1
chr16:58505000-90149173,2,2,2,2,2,2,2,2,2,2,2,2,2
chr16:59060000-90149173,2,2,2,2,2,2,2,2,2,2,2,2,2
chr16:60955000-84595000,2,2,2,2,2,2,2,2,2,2,2,2,2
chr16:76085000-80690000,2,2,2,2,2,2,2,2,2,2,2,2,2
chr16:80865000-90149173,1,2,2,2,2,2,2,2,2,2,2,2,2
chr16:84675000-90149173,2,2,2,2,2,2,2,2,2,2,1,2,2
chr16:85345000-85620000,2,2,2,2,1,2,2,2,2,2,2,2,2
chr16:85635000-90149173,2,2,2,2,1,2,2,2,2,2,2,2,2
chr17:130000-83168721,2,2,2,2,2,2,2,2,2,2,2,2,2
chr17:130000-68480000,2,2,2,2,2,2,2,2,2,2,2,2,2
chr17:130000-29720000,2,2,3,2,2,2,2,2,2,2,2,2,2
chr17:130000-22586840,2,2,2,2,2,2,3,2,2,2,2,2,2
chr17:130000-7460000,2,2,2,2,2,2,2,2,2,2,2,2,2
chr17:130000-765000,2,2,2,2,2,2,2,2,2,2,2,2,2
chr17:785000-10400000,1,2,2,1,1,1,2,2,2,2,2,1,2
chr17:785000-10240000,2,2,2,2,2,2,2,2,2,1,2,2,2
chr17:785000-2005000,2,2,2,2,2,2,2,2,2,2,1,2,2
chr17:2030000-2405000,2,2,2,2,2,2,2,2,2,2,2,2,2
chr17:2460000-10400000,2,2,2,2,2,2,2,2,2,2,1,2,2
chr17:7490000-9650000,2,2,2,2,2,2,2,2,1,2,2,2,2
chr17:9740000-16315000,2,2,2,2,2,2,2,2,3,2,2,2,2
chr17:10400000-27112990,2,2,2,2,2,2,2,2,2,3,2,2,2
chr17:10580000-22586840,3,2,2,2,2,2,2,2,2,2,3,2,2
chr17:10580000-16405000,2,2,2,2,3,3,2,2,2,2,2,2,2
chr17:10580000-16315000,2,2,2,3,2,2,2,2,2,2,2,3,2
chr17:16365000-22586840,2,2,2,3,2,2,2,2,2,2,2,3,2
chr17:16365000-21582925,2,2,2,2,2,2,2,2,3,2,2,2,2
chr17:16435000-22586840,2,2,2,2,3,3,2,2,2,2,2,2,2
chr17:22249705-41885000,2,2,2,2,2,2,2,2,2,2,2,2,2
chr17:27112990-68415000,2,2,2,2,2,2,2,2,2,2,2,2,2
chr17:27112990-68315000,2,2,2,2,2,2,2,2,2,2,2,2,2
chr17:27112990-55145000,2,2,2,2,2,2,2,2,2,2,2,2,2
chr17:27112990-49815000,2,2,2,2,2,2,2,2,2,2,2,2,2
chr17:27112990-46015000,2,2,2,2,2,2,2,2,2,2,2,2,2
chr17:27112990-40555000,2,2,2,2,2,2,2,2,2,2,2,2,2
chr17:27112990-32855000,2,2,2,2,2,2,2,2,2,2,2,2,2
chr17:27335000-45940000,2,2,2,2,2,2,2,2,2,2,2,2,2
chr17:29850000-83168721,2,2,2,2,2,2,2,2,2,2,2,2,2
chr17:32955000-34860000,2,2,2,2,2,2,1,2,2,2,2,2,2
chr17:35010000-59465000,2,2,2,2,2,2,2,2,2,2,2,2,2
chr17:40620000-41395000,2,2,2,2,2,3,2,2,2,2,2,2,2
chr17:41470000-68315000,2,2,2,2,2,2,2,2,2,2,2,2,2
chr17:41920000-42875000,2,2,2,2,2,2,2,2,1,2,2,2,2
chr17:42930000-75425000,2,2,2,2,2,2,2,2,2,2,2,2,2
chr17:46015000-46745000,2,2,2,2,2,2,2,2,2,3,2,2,2
chr17:46080000-46790000,2,2,2,2,2,2,2,2,2,2,2,3,2
chr17:46790000-68480000,2,2,2,2,2,2,2,2,2,2,2,2,2
chr17:46830000-55145000,2,2,2,2,2,2,2,2,2,2,2,2,2
chr17:49865000-54170000,2,2,2,2,2,2,2,2,2,2,2,2,2
chr17:54710000-56185000,2,2,2,3,2,2,2,2,2,2,2,2,2
chr17:55290000-56185000,2,2,2,2,3,2,2,2,2,2,2,3,2
chr17:56405000-68315000,2,2,2,2,2,2,2,2,2,2,2,2,2
chr17:56405000-60705000,2,2,2,2,2,2,2,2,2,2,2,2,2
chr17:59590000-59925000,2,2,2,2,2,2,3,2,2,2,2,2,2
chr17:60020000-79085000,2,2,2,2,2,2,2,2,2,2,2,2,2
chr17:60940000-63075000,2,2,2,3,3,2,2,2,2,2,2,2,2
chr17:63315000-67655000,2,2,2,2,2,2,2,2,2,2,2,2,2
chr17:63315000-65625000,2,2,2,2,2,2,2,2,2,2,2,2,2
chr17:65770000-68265000,2,2,2,2,2,2,2,2,2,2,2,2,2
chr17:67730000-68415000,2,2,2,2,3,2,2,2,2,2,2,2,2
chr17:68315000-72565000,2,2,2,3,2,2,2,2,2,2,2,2,2
chr17:68360000-74700000,3,2,2,2,2,2,2,2,2,2,2,2,2
chr17:68360000-72955000,2,2,2,2,2,2,2,2,2,2,2,3,2
chr17:68360000-72565000,2,2,2,2,2,3,2,2,2,2,2,2,2
chr17:68480000-72380000,2,2,2,2,2,2,2,2,2,2,3,2,2
chr17:68480000-72070000,2,2,2,2,3,2,2,2,2,2,2,2,2
chr17:68530000-72070000,2,2,2,2,2,2,2,2,2,3,2,2,2
chr17:72115000-83168721,2,2,2,2,2,2,2,2,2,2,2,2,2
chr17:72115000-74700000,2,2,2,2,3,2,2,2,2,2,2,2,2
chr17:72485000-83168721,2,2,2,2,2,2,2,2,2,2,2,2,2
chr17:72600000-83168721,2,2,2,2,2,2,2,2,2,2,2,2,2
chr17:72600000-79820000,2,2,2,2,2,2,2,2,2,2,2,2,2
chr17:73125000-79820000,2,2,2,2,2,2,2,2,2,2,2,2,2
chr17:74735000-83168721,2,2,2,2,2,2,2,2,2,2,2,2,2
chr17:74735000-79820000,2,2,2,2,2,2,2,2,2,2,2,2,2
chr17:75475000-75905000,2,2,2,2,2,2,2,2,1,2,2,2,2
chr17:75940000-77295000,2,2,2,2,2,2,2,2,2,2,2,2,2
chr17:77315000-80370000,2,2,2,2,2,2,2,2,1,2,2,2,2
chr17:79110000-79735000,2,2,2,2,2,2,1,2,2,2,2,2,2
chr17:79765000-83168721,2,2,2,2,2,2,2,2,2,2,2,2,2
chr17:79835000-79990000,2,2,2,2,2,2,2,2,2,2,2,2,2
chr17:79835000-79965000,2,2,2,2,2,2,2,2,2,2,2,1,2
chr17:79990000-83168721,2,2,2,2,2,2,2,2,2,2,2,2,2
chr17:80015000-83168721,2,2,2,2,2,2,2,2,2,2,2,2,2
chr17:80395000-80695000,2,2,2,2,2,2,2,2,2,2,2,2,2
chr17:80735000-83168721,2,2,2,2,2,2,2,2,1,2,2,2,2
chr18:135000-80206643,3,2,2,3,3,3,2,2,2,3,3,2,2
chr18:135000-14430000,2,2,2,2,2,2,2,2,2,2,2,2,2
chr18:15080450-22385000,2,2,2,2,2,2,1,2,2,2,2,2,2
chr18:22535000-23630000,2,2,2,2,2,2,2,2,2,2,2,2,2
chr18:23710000-31220000,2,2,2,2,2,2,1,2,2,2,2,2,2
chr18:31390000-32805000,2,2,2,2,2,2,2,2,2,2,2,2,2
chr18:33205000-36880000,2,2,2,2,2,2,1,2,2,2,2,2,2
chr18:37105000-63445000,2,2,2,2,2,2,1,2,2,2,2,2,2
chr18:63525000-67055000,2,2,2,2,2,2,1,2,2,2,2,2,2
chr18:67815000-70400000,2,2,2,2,2,2,1,2,2,2,2,2,2
chr18:70730000-74560000,2,2,2,2,2,2,1,2,2,2,2,2,2
chr18:74610000-77295000,2,2,2,2,2,2,1,2,2,2,2,2,2
chr18:77600000-78950000,2,2,2,2,2,2,1,2,2,2,2,2,2
chr18:78980000-79890000,2,2,2,2,2,2,1,2,2,2,2,2,2
chr18:79935000-80206643,2,2,2,2,2,2,2,2,2,2,2,2,2
chr19:175000-58588808,2,2,2,2,2,2,2,2,2,2,2,2,2
chr19:175000-53595000,2,2,2,2,2,2,2,2,2,2,2,2,2
chr19:175000-42355000,2,2,2,2,2,2,2,2,2,2,2,2,2
chr19:175000-34390000,2,2,2,2,2,2,2,2,2,2,2,2,2
chr19:175000-30295000,2,2,2,2,2,2,2,2,2,2,2,2,2
chr19:175000-29890000,2,2,2,2,2,2,2,2,2,2,2,2,2
chr19:175000-4080000,2,2,2,2,2,2,2,2,2,2,2,2,2
chr19:4125000-18045000,2,1,2,2,2,2,2,2,2,2,2,2,2
chr19:18120000-19695000,2,3,2,2,2,2,2,2,2,2,2,2,2
chr19:19795000-34390000,2,2,2,2,2,2,2,2,2,2,2,2,2
chr19:29975000-32370000,3,2,2,2,2,3,2,2,2,2,2,2,2
chr19:30405000-32370000,2,2,2,2,2,2,2,2,2,2,2,3,2
chr19:32490000-58588808,2,2,2,2,2,2,2,2,2,2,2,2,2
chr19:32490000-58245000,2,2,2,2,2,2,2,2,2,2,2,2,2
chr19:32490000-34390000,2,2,2,2,2,2,2,2,2,2,2,2,2
chr19:34455000-58588808,2,1,2,2,2,2,2,1,2,2,2,2,1
chr19:42405000-49570000,2,2,2,2,2,2,2,2,1,2,2,2,2
chr19:49615000-57910000,2,2,2,2,2,2,2,2,2,2,2,2,2
chr19:53660000-53820000,2,2,2,2,2,2,2,2,2,2,1,2,2
chr19:53870000-58588808,2,2,2,2,2,2,2,2,2,2,2,2,2
chr19:57970000-58588808,2,2,2,2,2,2,2,2,1,2,2,2,2
chr19:58295000-58588808,2,2,2,2,2,1,2,2,2,2,2,2,2
chr20:178168-64292084,3,2,2,3,2,2,2,2,2,2,2,3,2
chr20:178168-62575000,2,2,2,2,2,2,2,2,2,2,2,2,2
chr20:178168-30256738,2,2,2,2,2,2,2,2,2,2,2,2,2
chr20:178168-6165000,2,2,2,2,2,2,2,2,2,2,2,2,2
chr20:178168-5645000,2,2,2,2,2,2,2,2,2,2,2,2,2
chr20:178168-2825000,2,2,2,2,2,2,2,2,2,2,2,2,2
chr20:178168-1965000,2,2,2,2,2,2,2,2,2,2,2,2,2
chr20:2045000-8290000,2,2,2,2,1,2,2,2,2,2,2,2,2
chr20:2850000-9180000,2,2,2,2,2,2,2,2,1,2,2,2,2
chr20:5730000-64292084,2,2,2,2,2,3,2,2,2,2,2,2,2
chr20:6485000-17040000,2,2,3,2,2,2,2,2,2,2,2,2,2
chr20:8585000-30256738,2,2,2,2,2,2,2,2,2,2,2,2,2
chr20:9405000-17715000,2,2,2,2,2,2,2,2,2,2,2,2,2
chr20:17265000-52250000,2,2,2,2,2,2,2,2,2,2,2,2,2
chr20:17880000-57370000,2,2,2,2,2,2,2,2,2,2,2,2,2
chr20:31265813-64292084,2,2,2,2,2,2,2,2,2,3,2,2,2
chr20:31265813-52250000,2,2,2,2,3,2,2,2,2,2,2,2,2
chr20:52405000-54120000,2,2,3,2,3,2,2,2,2,2,2,2,2
chr20:54185000-64292084,2,2,2,2,3,2,2,2,2,2,2,2,2
chr20:57395000-64292084,2,2,2,2,2,2,2,2,1,2,2,2,2
chr20:62625000-63665000,2,1,2,2,2,2,2,2,2,2,2,2,2
chr20:63690000-63945000,2,2,2,2,2,2,2,2,2,2,2,2,2
chr20:63965000-64292084,2,1,2,2,2,2,2,2,2,2,2,2,2
chr21:10569444-46679992,2,2,2,2,2,1,2,2,2,1,2,2,2
chr21:10569444-44045000,2,2,2,1,2,2,2,2,2,2,2,2,2
chr21:10569444-30110000,2,2,2,2,2,2,2,2,2,2,2,2,2
chr21:10569444-20255000,2,2,2,2,2,2,1,2,2,2,2,2,2
chr21:10569444-18030000,2,2,2,2,2,2,2,2,2,2,2,2,2
chr21:18460000-46679992,2,2,2,2,1,2,2,2,2,2,2,2,2
chr21:21190000-29790000,2,2,2,2,2,2,2,2,2,2,2,2,2
chr21:30110000-30795000,2,2,2,2,2,2,1,2,2,2,2,2,2
chr21:30305000-30795000,2,1,2,2,2,2,2,2,2,2,2,2,2
chr21:31030000-46679992,2,2,2,2,2,2,2,2,2,2,2,2,2
chr21:44180000-46140000,2,2,2,1,2,2,2,2,2,2,2,2,2
chr21:46185000-46679992,2,2,2,1,2,2,2,2,2,2,2,2,2
chr22:16567005-50769234,2,2,2,2,2,2,2,2,2,2,2,2,2
chr22:16567005-49880000,2,2,2,2,2,2,2,2,2,2,2,2,2
chr22:16567005-45930000,2,2,2,2,2,2,2,2,2,2,2,2,2
chr22:16567005-31315000,2,2,2,2,2,2,2,2,2,2,2,2,2
chr22:31365000-50769234,2,2,2,2,2,2,2,2,1,2,2,2,2
chr22:45990000-46100000,2,2,2,2,2,2,2,2,2,2,3,2,2
chr22:46135000-50769234,2,2,2,2,2,2,2,2,2,2,2,2,2
chr22:49920000-50769234,2,2,2,2,2,2,2,2,2,1,2,2,2
chrX:2528744-155645448,2,2,2,2,2,2,2,2,2,2,2,2,3
chrX:2528744-152870000,2,2,2,2,2,2,2,3,2,2,2,2,2
chrX:2528744-73135000,2,3,2,2,2,2,2,2,2,2,2,2,2
chrX:2528744-58072790,2,2,2,2,2,2,2,2,3,2,2,2,2
chrX:2528744-42345000,1,2,2,1,1,1,2,2,2,1,1,1,2
chrX:2528744-18385000,2,2,2,2,2,2,1,2,2,2,2,2,2
chrX:18555000-76215000,2,2,3,2,2,2,2,2,2,2,2,2,2
chrX:18555000-30270000,2,2,2,2,2,2,2,2,2,2,2,2,2
chrX:30305000-76215000,2,2,2,2,2,2,3,2,2,2,2,2,2
chrX:43210000-63011271,3,2,2,2,2,3,2,2,2,3,3,3,2
chrX:43210000-55805000,2,2,2,2,3,2,2,2,2,2,2,2,2
chrX:43210000-46870000,2,2,2,3,2,2,2,2,2,2,2,2,2
chrX:47025000-55370000,2,2,2,3,2,2,2,2,2,2,2,2,2
chrX:55595000-63011271,2,2,2,3,2,2,2,2,2,2,2,2,2
chrX:56065000-63011271,2,2,2,2,3,2,2,2,2,2,2,2,2
chrX:63011271-150725000,2,2,2,2,2,2,2,2,2,2,2,2,2
chrX:63670000-137565000,1,2,2,1,1,1,2,2,2,1,1,2,2
chrX:63670000-119720000,2,2,2,2,2,2,2,2,2,2,2,1,2
chrX:73885000-155645448,2,2,2,2,2,2,2,2,2,2,2,2,2
chrX:77215000-126370000,2,2,1,2,2,2,2,2,2,2,2,2,2
chrX:77215000-104180000,2,2,2,2,2,2,1,2,2,2,2,2,2
chrX:104405000-109445000,2,2,2,2,2,2,1,2,2,2,2,2,2
chrX:109675000-126370000,2,2,2,2,2,2,1,2,2,2,2,2,2
chrX:119770000-120050000,2,2,2,2,2,2,2,2,2,2,2,1,2
chrX:120180000-137565000,2,2,2,2,2,2,2,2,2,2,2,1,2
chrX:127590000-155645448,2,2,3,2,2,2,2,2,2,2,2,2,2
chrX:127590000-135935000,2,2,2,2,2,2,3,2,2,2,2,2,2
chrX:136060000-136905000,2,2,2,2,2,2,3,2,2,2,2,2,2
chrX:137295000-155645448,2,2,2,2,2,2,3,2,2,2,2,2,2
chrX:138150000-153425000,3,2,2,2,2,2,2,2,2,2,2,3,2
chrX:138150000-153380000,2,2,2,2,2,3,2,2,2,2,2,2,2
chrX:138150000-152870000,2,2,2,3,3,2,2,2,2,3,3,2,2
chrX:150825000-155645448,2,2,2,2,2,2,2,2,2,2,2,2,2
chrX:152950000-154595000,2,2,2,3,3,2,2,2,2,3,3,2,2
chrX:152950000-154350000,2,2,2,2,2,2,2,3,2,2,2,2,2
chrX:153425000-154595000,2,2,2,2,2,3,2,2,2,2,2,2,2
chrX:153455000-154595000,3,2,2,2,2,2,2,2,2,2,2,3,2
chrX:154380000-155645448,2,2,2,2,2,2,2,3,2,2,2,2,2
chrX:154700000-155645448,3,2,2,3,3,3,2,2,2,3,3,3,2
chrY:4728744-21244771,1,1,1,1,1,1,1,1,1,1,1,1,1
