"","Cases","Bin_Size","Technology","Accuracy"
"1",9202,"50000","MethylMaster",1
"2",9203,"50000","MethylMaster",1
"3",9328,"50000","MethylMaster",0.35096019265018
"4",9337,"50000","MethylMaster",0.851468163785921
"5",9338,"50000","MethylMaster",0.250959938121917
"6",9350,"50000","MethylMaster",0.198457492874841
"7",9353,"50000","MethylMaster",0.482772105234808
"8",9354,"50000","MethylMaster",0.568466847124336
"9",9355,"50000","MethylMaster",0.430572853448187
"10",9356,"50000","MethylMaster",0.607324703082288
"11",9357,"50000","MethylMaster",0.564906435961642
"12",9358,"50000","MethylMaster",0.665595115485569
"13",9202,"10000","MethylMaster",0.999886962227654
"14",9203,"10000","MethylMaster",1
"15",9328,"10000","MethylMaster",0.341464728725935
"16",9337,"10000","MethylMaster",0.81518498768988
"17",9338,"10000","MethylMaster",0.256299399170707
"18",9350,"10000","MethylMaster",0.198422360776831
"19",9353,"10000","MethylMaster",0.303629666190278
"20",9354,"10000","MethylMaster",0.558511828256602
"21",9355,"10000","MethylMaster",0.346773726569043
"22",9356,"10000","MethylMaster",0.704965998595606
"23",9357,"10000","MethylMaster",0.506925012534204
"24",9358,"10000","MethylMaster",0.59056778959156
"25",9202,"1e+05","MethylMaster",1
"26",9203,"1e+05","MethylMaster",1
"27",9328,"1e+05","MethylMaster",0.348645465785936
"28",9337,"1e+05","MethylMaster",0.926417463488087
"29",9338,"1e+05","MethylMaster",0.269678305419363
"30",9350,"1e+05","MethylMaster",0.222406312891461
"31",9353,"1e+05","MethylMaster",0.486186847387764
"32",9354,"1e+05","MethylMaster",0.561178451159521
"33",9355,"1e+05","MethylMaster",0.417610659551363
"34",9356,"1e+05","MethylMaster",0.728512743821675
"35",9357,"1e+05","MethylMaster",0.718861925296442
"36",9358,"1e+05","MethylMaster",0.667055737737689
"37",9202,"1e+06","MethylMaster",1
"38",9203,"1e+06","MethylMaster",1
"39",9328,"1e+06","MethylMaster",0.358031701999802
"40",9337,"1e+06","MethylMaster",0.912312885633678
"41",9338,"1e+06","MethylMaster",0.276308288057494
"42",9350,"1e+06","MethylMaster",0.219523527719752
"43",9353,"1e+06","MethylMaster",0.50071534128812
"44",9354,"1e+06","MethylMaster",0.919128484626318
"45",9355,"1e+06","MethylMaster",0.384567508263876
"46",9356,"1e+06","MethylMaster",0.879036833209275
"47",9357,"1e+06","MethylMaster",0.424415514636603
"48",9358,"1e+06","MethylMaster",0.639314478919449
"49",9202,"50000","Sesame",0.999510395309862
"50",9203,"50000","Sesame",0.999998694036605
"51",9328,"50000","Sesame",0.264853186943905
"52",9337,"50000","Sesame",0.864362468486624
"53",9338,"50000","Sesame",0.287276853937437
"54",9350,"50000","Sesame",0.204078283529481
"55",9353,"50000","Sesame",0.498650674699894
"56",9354,"50000","Sesame",0.618254413056612
"57",9355,"50000","Sesame",0.642776059945384
"58",9356,"50000","Sesame",0.697701636356358
"59",9357,"50000","Sesame",0.468391890094765
"60",9358,"50000","Sesame",0.667081291930277
"61",9202,"10000","Sesame",0.999723560631668
"62",9203,"10000","Sesame",0.999036612267176
"63",9328,"10000","Sesame",0.263395928949322
"64",9337,"10000","Sesame",0.879358443925473
"65",9338,"10000","Sesame",0.275796568053444
"66",9350,"10000","Sesame",0.208273052936646
"67",9353,"10000","Sesame",0.497678797656735
"68",9354,"10000","Sesame",0.611229573514133
"69",9355,"10000","Sesame",0.631612550999932
"70",9356,"10000","Sesame",0.707561748255073
"71",9357,"10000","Sesame",0.534938815514331
"72",9358,"10000","Sesame",0.650398637867504
"73",9202,"1e+05","Sesame",0.999408848951851
"74",9203,"1e+05","Sesame",0.999860350456605
"75",9328,"1e+05","Sesame",0.263456788822614
"76",9337,"1e+05","Sesame",0.87169563809747
"77",9338,"1e+05","Sesame",0.238462279812112
"78",9350,"1e+05","Sesame",0.209977139610579
"79",9353,"1e+05","Sesame",0.478766673067204
"80",9354,"1e+05","Sesame",0.592467192589266
"81",9355,"1e+05","Sesame",0.610540851046365
"82",9356,"1e+05","Sesame",0.731183364474055
"83",9357,"1e+05","Sesame",0.397031609123438
"84",9358,"1e+05","Sesame",0.662585215400226
"85",9202,"1e+06","Sesame",0.999408848951851
"86",9203,"1e+06","Sesame",1
"87",9328,"1e+06","Sesame",0.248979120352235
"88",9337,"1e+06","Sesame",0.919507055235483
"89",9338,"1e+06","Sesame",0.263078391563497
"90",9350,"1e+06","Sesame",0.219523527719752
"91",9353,"1e+06","Sesame",0.426023355058801
"92",9354,"1e+06","Sesame",0.49781143342822
"93",9355,"1e+06","Sesame",0.54769304872043
"94",9356,"1e+06","Sesame",0.433997248554692
"95",9357,"1e+06","Sesame",0.33660484567477
"96",9358,"1e+06","Sesame",0.639314478919449
"97",9202,"50000","Conumee",1
"98",9203,"50000","Conumee",1
"99",9328,"50000","Conumee",0.336025560989293
"100",9337,"50000","Conumee",0.869745058582075
"101",9338,"50000","Conumee",0.20881046402476
"102",9350,"50000","Conumee",0.210154990664282
"103",9353,"50000","Conumee",0.529382014885761
"104",9354,"50000","Conumee",0.614932603617137
"105",9355,"50000","Conumee",0.602236487429693
"106",9356,"50000","Conumee",0.720956330110134
"107",9357,"50000","Conumee",0.532001499469636
"108",9358,"50000","Conumee",0.670443394149259
"109",9202,"10000","Conumee",1
"110",9203,"10000","Conumee",1
"111",9328,"10000","Conumee",0.334094679885814
"112",9337,"10000","Conumee",0.8142745394817
"113",9338,"10000","Conumee",0.236159051891373
"114",9350,"10000","Conumee",0.21004533195517
"115",9353,"10000","Conumee",0.523704750907254
"116",9354,"10000","Conumee",0.611178632151385
"117",9355,"10000","Conumee",0.601149287237095
"118",9356,"10000","Conumee",0.727319010903309
"119",9357,"10000","Conumee",0.506067246282345
"120",9358,"10000","Conumee",0.651721331438238
"121",9202,"1e+05","Conumee",1
"122",9203,"1e+05","Conumee",1
"123",9328,"1e+05","Conumee",0.336533327986368
"124",9337,"1e+05","Conumee",0.851973425472503
"125",9338,"1e+05","Conumee",0.233780413508649
"126",9350,"1e+05","Conumee",0.206172351216819
"127",9353,"1e+05","Conumee",0.498091989847552
"128",9354,"1e+05","Conumee",0.611730109587383
"129",9355,"1e+05","Conumee",0.601897674888116
"130",9356,"1e+05","Conumee",0.724455856476002
"131",9357,"1e+05","Conumee",0.53088541487118
"132",9358,"1e+05","Conumee",0.652655142990938
"133",9202,"1e+06","Conumee",1
"134",9203,"1e+06","Conumee",1
"135",9328,"1e+06","Conumee",0.362571360177972
"136",9337,"1e+06","Conumee",0.836949619433759
"137",9338,"1e+06","Conumee",0.199566809569017
"138",9350,"1e+06","Conumee",0.216431753833138
"139",9353,"1e+06","Conumee",0.532013758304114
"140",9354,"1e+06","Conumee",0.616380261148833
"141",9355,"1e+06","Conumee",0.601004922837915
"142",9356,"1e+06","Conumee",0.848885375320502
"143",9357,"1e+06","Conumee",0.537529517857402
"144",9358,"1e+06","Conumee",0.656010926813656
