"","Chromosome Region","Event","Length","Cytoband","% of CNV Overlap","Probe Median","% Heterozygous","Probes","Count of Gene Symbols"
"1","chr1:0-39,049,907","CN Loss","39049908","p36.33 - p34.3","84.47848544171949","-0.554070770740509","11.069882498453927","3234","712"
"2","chr1:39,049,907-73,848,133","CN Gain","34798227","p34.3 - p31.1","70.95596769789357","0.3220565617084503","30.801836806782056","2831","355"
"3","chr1:80,328,741-93,236,691","CN Gain","12907951","p31.1 - p22.1","81.79982104052154","0.350862517952919","29.554655870445345","988","81"
"4","chr1:152,362,919-208,560,504","CN Gain","56197586","q21.3 - q32.2","76.97853920235184","0.33723126351833344","39.266304347826086","4416","723"
"5","chr1:208,560,504-249,250,621","CN Loss","40690118","q32.2 - q44","80.69059128043304","-0.6010326743125916","6.935687263556116","3172","366"
"6","chr2:0-47,059,304","CN Loss","47059305","p25.3 - p21","84.51895718644712","-0.5563378632068634","9.822866344605474","3726","344"
"7","chr2:49,989,848-90,245,035","CN Loss","40255188","p16.3 - p11.2","85.04146061972088","-0.5997248888015747","6.90271816881259","2796","305"
"8","chr2:95,429,197-243,199,373","CN Loss","147770177","q11.1 - q37.3","79.89163591440806","-0.5936172008514404","8.450331125827814","11325","1089"
"9","chr7:0-58,025,423","CN Loss","58025424","p22.3 - p11.1","91.64598593275227","-0.5751807689666748","7.414829659318637","4491","442"
"10","chr7:61,064,518-159,138,663","CN Loss","98074146","q11.1 - q36.3","88.69763075681159","-0.5883224606513977","9.687332977017638","7484","860"
"11","chr10:76,169,426-135,534,747","CN Loss","59365322","q22.2 - q26.3","84.88544178848119","-0.6019642353057861","12.00791730811524","4547","540"
"12","chr13:47,848,098-63,701,932","CN Loss","15853835","q14.2 - q21.31","84.19157157820625","-0.5863068103790283","5.707395498392283","1244","114"
"13","chr14:71,424,231-90,808,225","CN Loss","19383995","q24.2 - q32.11","80.24010944287333","-0.6321694552898407","8.960843373493976","1328","132"
"14","chr16:48,180,597-55,161,289","CN Loss","6980693","q12.1 - q12.2","75.12076166660842","-0.5815205574035645","11.224489795918368","490","46"
"15","chr16:57,977,288-90,354,753","CN Loss","32377466","q21 - q24.3","91.71062959993934","-0.5804101526737213","7.142857142857143","2534","372"
"16","chr19:34,923,957-59,128,983","CN Loss","24205027","q13.11 - q13.43","89.13012115748192","-0.5910147130489349","7.303370786516854","2136","1095"
"17","chrX:90,603,377-95,323,414","CN Loss","4720038","q21.31 - q21.33","93.27255273634508","-0.4456353187561035","34.40514469453376","311","7"
