Sample_ID,chrom,loc.start,loc.end,num.mark,bstat,seg.mean,seg.median,pval,state,treatment,method,sub.method
205122170045_R04C01,1,717994,1475000,14,NA,-0.561652823208269,NA,0.05,1,tumor,custom,NA
205122170071_R01C01,1,717994,38625000,528,NA,-0.489753752438966,NA,0.05,1,tumor,custom,NA
205125590021_R02C01,1,717994,65475000,791,NA,-0.0293701133640526,NA,0.05,2,tumor,custom,NA
205125590067_R07C01,1,717994,1475000,14,NA,-0.743317349427686,NA,0.05,1,tumor,custom,NA
205125590068_R01C01,1,717994,1475000,14,NA,-0.445312311116581,NA,0.05,1,tumor,custom,NA
205128000076_R07C01,1,717994,1475000,14,NA,-0.994551380248793,NA,0.05,1,tumor,custom,NA
205240110063_R01C01,1,717994,65350000,790,NA,-0.00307854870452067,NA,0.05,2,tumor,custom,NA
205243940036_R02C01,1,717994,38625000,528,NA,-0.413651893557549,NA,0.05,1,tumor,custom,NA
205243940046_R04C01,1,717994,114350000,1056,NA,-0.312361947653721,NA,0.05,1,tumor,custom,NA
205243940058_R04C01,1,717994,1475000,14,NA,-0.928840256925178,NA,0.05,1,tumor,custom,NA
205243940065_R07C01,1,717994,1475000,14,NA,-0.247081796263037,NA,0.05,1,tumor,custom,NA
205243940107_R05C01,1,717994,1475000,14,NA,-0.671621419035538,NA,0.05,1,tumor,custom,NA
205289430139_R07C01,1,717994,38625000,528,NA,-0.419994693442419,NA,0.05,1,tumor,custom,NA
205122170045_R04C01,1,1525000,55025000,702,NA,0.104847176791731,NA,0.05,2,tumor,custom,NA
205125590067_R07C01,1,1525000,18975000,245,NA,-0.196317349427686,NA,0.05,2,tumor,custom,NA
205125590068_R01C01,1,1525000,6525000,72,NA,0.0163876888834193,NA,0.05,2,tumor,custom,NA
205128000076_R07C01,1,1525000,10475000,135,NA,-0.414251380248793,NA,0.05,1,tumor,custom,NA
205243940058_R04C01,1,1525000,3775000,42,NA,-0.332140256925178,NA,0.05,1,tumor,custom,NA
205243940065_R07C01,1,1525000,248923211,1926,NA,0.220518203736963,NA,0.05,3,tumor,custom,NA
205243940107_R05C01,1,1525000,3775000,42,NA,-0.120421419035538,NA,0.05,2,tumor,custom,NA
205243940058_R04C01,1,3825000,227625000,1706,NA,0.00645974307482236,NA,0.05,2,tumor,custom,NA
205243940107_R05C01,1,3825000,248923211,1884,NA,0.191778580964462,NA,0.05,2,tumor,custom,NA
205125590068_R01C01,1,6575000,248923211,1854,NA,0.183887688883419,NA,0.05,2,tumor,custom,NA
205128000076_R07C01,1,10550000,55025000,567,NA,-0.0908513802487933,NA,0.05,2,tumor,custom,NA
205125590067_R07C01,1,19025000,55025000,457,NA,-0.00121734942768617,NA,0.05,2,tumor,custom,NA
205122170071_R01C01,1,38750000,208300000,1094,NA,0.218446247561034,NA,0.05,3,tumor,custom,NA
205243940036_R02C01,1,38750000,186400000,937,NA,0.156448106442451,NA,0.05,2,tumor,custom,NA
205289430139_R07C01,1,38750000,108775000,463,NA,0.218105306557581,NA,0.05,3,tumor,custom,NA
205122170045_R04C01,1,55125000,235225000,1126,NA,0.347347176791731,NA,0.05,3,tumor,custom,NA
205125590067_R07C01,1,55125000,248923211,1224,NA,0.194982650572314,NA,0.05,2,tumor,custom,NA
205128000076_R07C01,1,55125000,248923211,1224,NA,0.153548619751207,NA,0.05,2,tumor,custom,NA
205240110063_R01C01,1,65475000,108925000,202,NA,0.274221451295479,NA,0.05,3,tumor,custom,NA
205125590021_R02C01,1,65900000,108775000,200,NA,0.274229886635947,NA,0.05,3,tumor,custom,NA
205125590021_R02C01,1,108925000,248923211,949,NA,-0.0095701133640526,NA,0.05,2,tumor,custom,NA
205289430139_R07C01,1,108925000,109175000,5,NA,-0.209594693442419,NA,0.05,1,tumor,custom,NA
205240110063_R01C01,1,109025000,119500000,106,NA,-0.260378548704521,NA,0.05,1,tumor,custom,NA
205289430139_R07C01,1,109225000,186400000,469,NA,0.155105306557581,NA,0.05,2,tumor,custom,NA
205243940046_R04C01,1,114600000,248923211,884,NA,0.0289380523462786,NA,0.05,2,tumor,custom,NA
205240110063_R01C01,1,119650000,121063230,5,NA,0.306521451295479,NA,0.05,3,tumor,custom,NA
205240110063_R01C01,1,143442294,152225000,56,NA,-0.0375785487045207,NA,0.05,2,tumor,custom,NA
205240110063_R01C01,1,152325000,153450000,15,NA,-0.444378548704521,NA,0.05,1,tumor,custom,NA
205240110063_R01C01,1,153525000,247350000,750,NA,-0.0974785487045207,NA,0.05,2,tumor,custom,NA
205243940036_R02C01,1,186550000,200625000,45,NA,0.360148106442451,NA,0.05,3,tumor,custom,NA
205289430139_R07C01,1,186550000,199550000,38,NA,0.437905306557581,NA,0.05,3,tumor,custom,NA
205289430139_R07C01,1,199850000,208300000,119,NA,0.164605306557581,NA,0.05,2,tumor,custom,NA
205243940036_R02C01,1,200675000,208300000,112,NA,0.143848106442451,NA,0.05,2,tumor,custom,NA
205122170071_R01C01,1,208500000,247350000,302,NA,-0.490353752438966,NA,0.05,1,tumor,custom,NA
205243940036_R02C01,1,208500000,248923211,318,NA,-0.329151893557549,NA,0.05,1,tumor,custom,NA
205289430139_R07C01,1,208500000,248923211,318,NA,-0.373394693442419,NA,0.05,1,tumor,custom,NA
205243940058_R04C01,1,227725000,228654182,15,NA,-0.349840256925178,NA,0.05,1,tumor,custom,NA
205243940058_R04C01,1,228725000,248923211,163,NA,0.0643597430748224,NA,0.05,2,tumor,custom,NA
205122170045_R04C01,1,235350000,248923211,98,NA,0.0293471767917314,NA,0.05,2,tumor,custom,NA
205122170071_R01C01,1,247425000,248525000,11,NA,-0.856453752438966,NA,0.05,1,tumor,custom,NA
205240110063_R01C01,1,247425000,248923211,16,NA,-0.373478548704521,NA,0.05,1,tumor,custom,NA
205122170071_R01C01,1,248675000,248923211,5,NA,-0.409453752438966,NA,0.05,1,tumor,custom,NA
205122170045_R04C01,2,105000,3675000,52,NA,-0.244352823208269,NA,0.05,1,tumor,custom,NA
205122170071_R01C01,2,105000,46825000,393,NA,-0.455353752438966,NA,0.05,1,tumor,custom,NA
205125590021_R02C01,2,105000,226875000,1426,NA,0.0322298866359474,NA,0.05,2,tumor,custom,NA
205125590067_R07C01,2,105000,1325000,20,NA,-0.415217349427686,NA,0.05,1,tumor,custom,NA
205125590068_R01C01,2,105000,155250000,1012,NA,0.0218876888834193,NA,0.05,2,tumor,custom,NA
205128000076_R07C01,2,105000,17875000,157,NA,-0.284551380248793,NA,0.05,1,tumor,custom,NA
205240110063_R01C01,2,105000,55950000,446,NA,-0.0852785487045207,NA,0.05,2,tumor,custom,NA
205243940036_R02C01,2,105000,46825000,393,NA,-0.317951893557549,NA,0.05,1,tumor,custom,NA
205243940046_R04C01,2,105000,43025000,352,NA,-0.00656194765372137,NA,0.05,2,tumor,custom,NA
205243940058_R04C01,2,105000,156050000,1013,NA,-0.0310402569251776,NA,0.05,2,tumor,custom,NA
205243940065_R07C01,2,105000,156350000,1014,NA,0.0222182037369631,NA,0.05,2,tumor,custom,NA
205243940107_R05C01,2,105000,156050000,1013,NA,0.00787858096446184,NA,0.05,2,tumor,custom,NA
205289430139_R07C01,2,105000,46825000,393,NA,-0.363294693442419,NA,0.05,1,tumor,custom,NA
205125590067_R07C01,2,1425000,36525000,280,NA,-0.155717349427686,NA,0.05,2,tumor,custom,NA
205122170045_R04C01,2,3725000,156050000,961,NA,0.118547176791731,NA,0.05,2,tumor,custom,NA
205128000076_R07C01,2,18000000,156050000,856,NA,-0.00865138024879334,NA,0.05,2,tumor,custom,NA
205125590067_R07C01,2,36675000,155250000,712,NA,0.0346826505723138,NA,0.05,2,tumor,custom,NA
205243940046_R04C01,2,43075000,43300000,5,NA,-0.287161947653721,NA,0.05,1,tumor,custom,NA
205243940046_R04C01,2,43375000,242116765,1267,NA,-0.00616194765372136,NA,0.05,2,tumor,custom,NA
205122170071_R01C01,2,46875000,49125000,22,NA,-2.46975375243897,NA,0.05,1,tumor,custom,NA
205243940036_R02C01,2,46875000,49125000,22,NA,-1.32385189355755,NA,0.05,1,tumor,custom,NA
205289430139_R07C01,2,46875000,49125000,22,NA,-1.49829469344242,NA,0.05,1,tumor,custom,NA
205122170071_R01C01,2,49800000,233550000,1078,NA,-0.470853752438966,NA,0.05,1,tumor,custom,NA
205243940036_R02C01,2,49800000,242116765,1209,NA,-0.321651893557549,NA,0.05,1,tumor,custom,NA
205289430139_R07C01,2,49800000,242116765,1209,NA,-0.365894693442419,NA,0.05,1,tumor,custom,NA
205240110063_R01C01,2,56075000,60525000,13,NA,-0.353378548704521,NA,0.05,1,tumor,custom,NA
205240110063_R01C01,2,60650000,81300000,150,NA,-0.0600785487045207,NA,0.05,2,tumor,custom,NA
205240110063_R01C01,2,82050000,86775000,35,NA,0.387221451295479,NA,0.05,3,tumor,custom,NA
205240110063_R01C01,2,87425000,90078252,10,NA,-0.285578548704521,NA,0.05,1,tumor,custom,NA
205240110063_R01C01,2,91770328,113775000,158,NA,0.0784214512954793,NA,0.05,2,tumor,custom,NA
205240110063_R01C01,2,113825000,114025000,3,NA,-0.207478548704521,NA,0.05,1,tumor,custom,NA
205240110063_R01C01,2,114375000,117425000,5,NA,-0.662178548704521,NA,0.05,1,tumor,custom,NA
205240110063_R01C01,2,117825000,179925000,340,NA,-0.336278548704521,NA,0.05,1,tumor,custom,NA
205125590067_R07C01,2,156050000,173800000,107,NA,-0.298617349427686,NA,0.05,1,tumor,custom,NA
205125590068_R01C01,2,156050000,173800000,107,NA,-0.290412311116581,NA,0.05,1,tumor,custom,NA
205122170045_R04C01,2,156350000,173975000,107,NA,-0.248352823208269,NA,0.05,1,tumor,custom,NA
205128000076_R07C01,2,156350000,173800000,106,NA,-0.255051380248793,NA,0.05,1,tumor,custom,NA
205243940058_R04C01,2,156350000,173975000,107,NA,-0.364540256925178,NA,0.05,1,tumor,custom,NA
205243940107_R05C01,2,156350000,173800000,106,NA,-0.300421419035538,NA,0.05,1,tumor,custom,NA
205243940065_R07C01,2,156425000,173800000,105,NA,-0.278681796263037,NA,0.05,1,tumor,custom,NA
205125590067_R07C01,2,173975000,242116765,505,NA,-0.0160173494276862,NA,0.05,2,tumor,custom,NA
205125590068_R01C01,2,173975000,242116765,505,NA,0.0160876888834193,NA,0.05,2,tumor,custom,NA
205128000076_R07C01,2,173975000,242116765,505,NA,0.00444861975120666,NA,0.05,2,tumor,custom,NA
205243940065_R07C01,2,173975000,242116765,505,NA,0.0484182037369631,NA,0.05,2,tumor,custom,NA
205243940107_R05C01,2,173975000,242116765,505,NA,-0.00382141903553816,NA,0.05,2,tumor,custom,NA
205122170045_R04C01,2,174050000,242116765,504,NA,0.0237471767917314,NA,0.05,2,tumor,custom,NA
205243940058_R04C01,2,174050000,242116765,504,NA,-0.0994402569251776,NA,0.05,2,tumor,custom,NA
205240110063_R01C01,2,180125000,181750000,8,NA,-0.673178548704521,NA,0.05,1,tumor,custom,NA
205240110063_R01C01,2,181925000,223850000,243,NA,-0.249078548704521,NA,0.05,1,tumor,custom,NA
205240110063_R01C01,2,223925000,225775000,10,NA,-0.749378548704521,NA,0.05,1,tumor,custom,NA
205240110063_R01C01,2,226275000,226875000,5,NA,-0.0589785487045207,NA,0.05,2,tumor,custom,NA
205125590021_R02C01,2,227050000,227550000,6,NA,-0.359070113364053,NA,0.05,1,tumor,custom,NA
205240110063_R01C01,2,227050000,233675000,68,NA,-0.741178548704521,NA,0.05,1,tumor,custom,NA
205125590021_R02C01,2,227650000,235725000,84,NA,-0.760870113364053,NA,0.05,1,tumor,custom,NA
205122170071_R01C01,2,233675000,234875000,13,NA,-0.751753752438966,NA,0.05,1,tumor,custom,NA
205240110063_R01C01,2,233725000,234425000,8,NA,-1.08377854870452,NA,0.05,1,tumor,custom,NA
205240110063_R01C01,2,234500000,242116765,122,NA,-0.668678548704521,NA,0.05,1,tumor,custom,NA
205122170071_R01C01,2,234975000,242116765,118,NA,-0.395753752438966,NA,0.05,1,tumor,custom,NA
205125590021_R02C01,2,235775000,242116765,108,NA,-0.483270113364053,NA,0.05,1,tumor,custom,NA
205122170045_R04C01,3,230000,186850000,1116,NA,0.240347176791731,NA,0.05,3,tumor,custom,NA
205122170071_R01C01,3,230000,198142780,1225,NA,-0.0846537524389659,NA,0.05,2,tumor,custom,NA
205125590021_R02C01,3,230000,198142780,1225,NA,0.0572298866359474,NA,0.05,2,tumor,custom,NA
205125590067_R07C01,3,230000,186850000,1116,NA,0.205282650572314,NA,0.05,3,tumor,custom,NA
205125590068_R01C01,3,230000,175525000,1031,NA,0.235687688883419,NA,0.05,3,tumor,custom,NA
205128000076_R07C01,3,230000,175525000,1031,NA,0.122448619751207,NA,0.05,2,tumor,custom,NA
205240110063_R01C01,3,230000,81925000,544,NA,-0.00117854870452068,NA,0.05,2,tumor,custom,NA
205243940036_R02C01,3,230000,198142780,1225,NA,0.0116481064424515,NA,0.05,2,tumor,custom,NA
205243940046_R04C01,3,230000,85675000,549,NA,-0.404861947653721,NA,0.05,1,tumor,custom,NA
205243940058_R04C01,3,230000,186775000,1115,NA,0.0880597430748224,NA,0.05,2,tumor,custom,NA
205243940065_R07C01,3,230000,186850000,1116,NA,0.196118203736963,NA,0.05,2,tumor,custom,NA
205243940107_R05C01,3,230000,186850000,1116,NA,0.198878580964462,NA,0.05,2,tumor,custom,NA
205289430139_R07C01,3,230000,198142780,1225,NA,0.0104053065575814,NA,0.05,2,tumor,custom,NA
205240110063_R01C01,3,82450000,85675000,5,NA,-0.406178548704521,NA,0.05,1,tumor,custom,NA
205240110063_R01C01,3,86575000,198142780,676,NA,-0.00457854870452068,NA,0.05,2,tumor,custom,NA
205243940046_R04C01,3,86575000,198142780,676,NA,0.0315380523462786,NA,0.05,2,tumor,custom,NA
205125590068_R01C01,3,176375000,177700000,6,NA,-0.00191231111658075,NA,0.05,2,tumor,custom,NA
205128000076_R07C01,3,176375000,177850000,7,NA,-0.235251380248793,NA,0.05,1,tumor,custom,NA
205125590068_R01C01,3,177850000,186850000,79,NA,0.204087688883419,NA,0.05,3,tumor,custom,NA
205128000076_R07C01,3,178075000,186850000,78,NA,0.0104486197512067,NA,0.05,2,tumor,custom,NA
205243940058_R04C01,3,186850000,189150000,23,NA,-0.293940256925178,NA,0.05,1,tumor,custom,NA
205122170045_R04C01,3,186925000,189150000,22,NA,-0.195852823208269,NA,0.05,2,tumor,custom,NA
205125590067_R07C01,3,186925000,189150000,22,NA,-0.259717349427686,NA,0.05,1,tumor,custom,NA
205125590068_R01C01,3,186925000,189150000,22,NA,-0.215012311116581,NA,0.05,1,tumor,custom,NA
205128000076_R07C01,3,186925000,189275000,23,NA,-0.808551380248793,NA,0.05,1,tumor,custom,NA
205243940065_R07C01,3,186925000,189275000,23,NA,-0.292581796263037,NA,0.05,1,tumor,custom,NA
205243940107_R05C01,3,186925000,189150000,22,NA,-0.231121419035538,NA,0.05,1,tumor,custom,NA
205122170045_R04C01,3,189275000,192250000,17,NA,0.367247176791731,NA,0.05,3,tumor,custom,NA
205125590067_R07C01,3,189275000,198142780,87,NA,0.00248265057231383,NA,0.05,2,tumor,custom,NA
205125590068_R01C01,3,189275000,198142780,87,NA,0.160987688883419,NA,0.05,2,tumor,custom,NA
205243940058_R04C01,3,189275000,192250000,17,NA,0.207059743074822,NA,0.05,3,tumor,custom,NA
205243940107_R05C01,3,189275000,192250000,17,NA,0.285578580964462,NA,0.05,3,tumor,custom,NA
205128000076_R07C01,3,189475000,192250000,16,NA,0.151448619751207,NA,0.05,2,tumor,custom,NA
205243940065_R07C01,3,189475000,192250000,16,NA,0.421218203736963,NA,0.05,3,tumor,custom,NA
205122170045_R04C01,3,192450000,198142780,70,NA,0.111047176791731,NA,0.05,2,tumor,custom,NA
205128000076_R07C01,3,192450000,198142780,70,NA,-0.0821513802487933,NA,0.05,2,tumor,custom,NA
205243940058_R04C01,3,192450000,198142780,70,NA,-0.0270402569251776,NA,0.05,2,tumor,custom,NA
205243940065_R07C01,3,192450000,198142780,70,NA,0.115318203736963,NA,0.05,2,tumor,custom,NA
205243940107_R05C01,3,192450000,198142780,70,NA,0.0161785809644618,NA,0.05,2,tumor,custom,NA
205122170045_R04C01,4,55000,190061561,926,NA,0.160747176791731,NA,0.05,2,tumor,custom,NA
205122170071_R01C01,4,55000,190061561,926,NA,0.0060462475610341,NA,0.05,2,tumor,custom,NA
205125590021_R02C01,4,55000,78575000,426,NA,0.0856298866359474,NA,0.05,2,tumor,custom,NA
205125590067_R07C01,4,55000,92550000,499,NA,0.0878826505723138,NA,0.05,2,tumor,custom,NA
205125590068_R01C01,4,55000,92550000,499,NA,0.0479876888834193,NA,0.05,2,tumor,custom,NA
205128000076_R07C01,4,55000,92550000,499,NA,0.130048619751207,NA,0.05,2,tumor,custom,NA
205240110063_R01C01,4,55000,68375000,368,NA,-0.0240785487045207,NA,0.05,2,tumor,custom,NA
205243940036_R02C01,4,55000,190061561,926,NA,0.0490481064424515,NA,0.05,2,tumor,custom,NA
205243940046_R04C01,4,55000,23025000,192,NA,-0.0515619476537214,NA,0.05,2,tumor,custom,NA
205243940058_R04C01,4,55000,190061561,926,NA,0.0116597430748224,NA,0.05,2,tumor,custom,NA
205243940065_R07C01,4,55000,190061561,926,NA,0.167118203736963,NA,0.05,2,tumor,custom,NA
205243940107_R05C01,4,55000,190061561,926,NA,0.122078580964462,NA,0.05,2,tumor,custom,NA
205289430139_R07C01,4,55000,525000,6,NA,-0.203894693442419,NA,0.05,1,tumor,custom,NA
205289430139_R07C01,4,575000,190061561,920,NA,0.0522053065575814,NA,0.05,2,tumor,custom,NA
205243940046_R04C01,4,23525000,49143462,117,NA,0.296138052346279,NA,0.05,3,tumor,custom,NA
205243940046_R04C01,4,51821976,190061561,617,NA,0.0177380523462786,NA,0.05,2,tumor,custom,NA
205240110063_R01C01,4,68650000,70500000,6,NA,-0.540578548704521,NA,0.05,1,tumor,custom,NA
205240110063_R01C01,4,70675000,190061561,552,NA,-0.0931785487045207,NA,0.05,2,tumor,custom,NA
205125590021_R02C01,4,78625000,79725000,6,NA,0.374529886635947,NA,0.05,3,tumor,custom,NA
205125590021_R02C01,4,80100000,190061561,494,NA,0.0649298866359474,NA,0.05,2,tumor,custom,NA
205125590067_R07C01,4,93300000,187800000,412,NA,-0.163717349427686,NA,0.05,2,tumor,custom,NA
205125590068_R01C01,4,93300000,189250000,422,NA,-0.188212311116581,NA,0.05,2,tumor,custom,NA
205128000076_R07C01,4,93300000,190061561,427,NA,-0.243951380248793,NA,0.05,1,tumor,custom,NA
205125590067_R07C01,4,187975000,190061561,15,NA,-0.447217349427686,NA,0.05,1,tumor,custom,NA
205125590068_R01C01,4,189475000,190061561,5,NA,0.0485876888834193,NA,0.05,2,tumor,custom,NA
205122170045_R04C01,5,55000,625000,12,NA,-0.232252823208269,NA,0.05,1,tumor,custom,NA
205122170071_R01C01,5,55000,1425000,26,NA,-0.178153752438966,NA,0.05,2,tumor,custom,NA
205125590021_R02C01,5,55000,23925000,152,NA,-0.0236701133640526,NA,0.05,2,tumor,custom,NA
205125590067_R07C01,5,55000,90500000,477,NA,0.209682650572314,NA,0.05,3,tumor,custom,NA
205125590068_R01C01,5,55000,181364130,1089,NA,0.214587688883419,NA,0.05,3,tumor,custom,NA
205128000076_R07C01,5,55000,15550000,130,NA,0.000548619751206667,NA,0.05,2,tumor,custom,NA
205240110063_R01C01,5,55000,31200000,162,NA,-0.186978548704521,NA,0.05,2,tumor,custom,NA
205243940036_R02C01,5,55000,181364130,1089,NA,0.0373481064424515,NA,0.05,2,tumor,custom,NA
205243940046_R04C01,5,55000,181364130,1089,NA,0.0139380523462786,NA,0.05,2,tumor,custom,NA
205243940058_R04C01,5,55000,181364130,1089,NA,0.0676597430748224,NA,0.05,2,tumor,custom,NA
205243940065_R07C01,5,55000,108450000,540,NA,0.311918203736963,NA,0.05,3,tumor,custom,NA
205243940107_R05C01,5,55000,134525000,680,NA,0.257378580964462,NA,0.05,3,tumor,custom,NA
205289430139_R07C01,5,55000,181364130,1089,NA,0.0356053065575814,NA,0.05,2,tumor,custom,NA
205122170045_R04C01,5,700000,134575000,669,NA,0.165447176791731,NA,0.05,2,tumor,custom,NA
205122170071_R01C01,5,1475000,1875000,9,NA,-0.869253752438966,NA,0.05,1,tumor,custom,NA
205122170071_R01C01,5,1925000,7575000,50,NA,-0.532153752438966,NA,0.05,1,tumor,custom,NA
205122170071_R01C01,5,7825000,17300000,57,NA,-0.240353752438966,NA,0.05,1,tumor,custom,NA
205128000076_R07C01,5,15750000,50404904,130,NA,0.274348619751207,NA,0.05,3,tumor,custom,NA
205122170071_R01C01,5,17375000,28050000,17,NA,-0.476153752438966,NA,0.05,1,tumor,custom,NA
205125590021_R02C01,5,24475000,54100000,122,NA,0.318729886635947,NA,0.05,3,tumor,custom,NA
205122170071_R01C01,5,28875000,154675000,715,NA,-0.0025537524389659,NA,0.05,2,tumor,custom,NA
205240110063_R01C01,5,31325000,53750000,111,NA,0.266621451295479,NA,0.05,3,tumor,custom,NA
205128000076_R07C01,5,50825000,93425000,226,NA,0.0764486197512067,NA,0.05,2,tumor,custom,NA
205240110063_R01C01,5,54100000,55250000,10,NA,-0.0741785487045207,NA,0.05,2,tumor,custom,NA
205125590021_R02C01,5,54400000,55250000,9,NA,0.0414298866359474,NA,0.05,2,tumor,custom,NA
205125590021_R02C01,5,55350000,61750000,43,NA,0.398729886635947,NA,0.05,3,tumor,custom,NA
205240110063_R01C01,5,55350000,61625000,42,NA,0.366721451295479,NA,0.05,3,tumor,custom,NA
205240110063_R01C01,5,61750000,65575000,14,NA,-0.113678548704521,NA,0.05,2,tumor,custom,NA
205125590021_R02C01,5,62075000,65750000,15,NA,0.000929886635947404,NA,0.05,2,tumor,custom,NA
205240110063_R01C01,5,65650000,68175000,16,NA,0.262721451295479,NA,0.05,3,tumor,custom,NA
205125590021_R02C01,5,65875000,68175000,14,NA,0.361229886635947,NA,0.05,3,tumor,custom,NA
205125590021_R02C01,5,68225000,181364130,734,NA,0.0103298866359474,NA,0.05,2,tumor,custom,NA
205240110063_R01C01,5,68225000,163525000,571,NA,-0.0876785487045207,NA,0.05,2,tumor,custom,NA
205125590067_R07C01,5,90650000,171525000,490,NA,-0.00151734942768617,NA,0.05,2,tumor,custom,NA
205128000076_R07C01,5,93575000,145200000,310,NA,-0.283551380248793,NA,0.05,1,tumor,custom,NA
205243940065_R07C01,5,108625000,181364130,549,NA,0.0105182037369631,NA,0.05,2,tumor,custom,NA
205243940107_R05C01,5,134575000,135050000,8,NA,-0.127021419035538,NA,0.05,2,tumor,custom,NA
205122170045_R04C01,5,134650000,134950000,6,NA,-0.325452823208269,NA,0.05,1,tumor,custom,NA
205122170045_R04C01,5,135050000,181364130,402,NA,0.00494717679173139,NA,0.05,2,tumor,custom,NA
205243940107_R05C01,5,135125000,167800000,249,NA,0.155478580964462,NA,0.05,2,tumor,custom,NA
205128000076_R07C01,5,145850000,181364130,293,NA,-0.0321513802487933,NA,0.05,2,tumor,custom,NA
205122170071_R01C01,5,154725000,168925000,74,NA,-0.501953752438966,NA,0.05,1,tumor,custom,NA
205240110063_R01C01,5,163725000,167125000,8,NA,-0.482078548704521,NA,0.05,1,tumor,custom,NA
205240110063_R01C01,5,167425000,181364130,155,NA,-0.135378548704521,NA,0.05,2,tumor,custom,NA
205243940107_R05C01,5,167900000,181364130,152,NA,-0.163421419035538,NA,0.05,2,tumor,custom,NA
205122170071_R01C01,5,169150000,180000000,121,NA,-0.0016537524389659,NA,0.05,2,tumor,custom,NA
205125590067_R07C01,5,171675000,172625000,13,NA,-0.185117349427686,NA,0.05,2,tumor,custom,NA
205125590067_R07C01,5,172675000,175325000,30,NA,-0.0172173494276862,NA,0.05,2,tumor,custom,NA
205125590067_R07C01,5,175550000,180975000,73,NA,-0.262017349427686,NA,0.05,1,tumor,custom,NA
205122170071_R01C01,5,180075000,181364130,20,NA,-0.475053752438966,NA,0.05,1,tumor,custom,NA
205125590067_R07C01,5,181025000,181364130,6,NA,-0.0494173494276862,NA,0.05,2,tumor,custom,NA
205122170045_R04C01,6,155000,375000,4,NA,-0.649052823208269,NA,0.05,1,tumor,custom,NA
205122170071_R01C01,6,155000,8575000,95,NA,-0.480253752438966,NA,0.05,1,tumor,custom,NA
205125590021_R02C01,6,155000,13575000,132,NA,0.0102298866359474,NA,0.05,2,tumor,custom,NA
205125590067_R07C01,6,155000,15125000,146,NA,-0.741917349427686,NA,0.05,1,tumor,custom,NA
205125590068_R01C01,6,155000,14950000,145,NA,-0.897212311116581,NA,0.05,1,tumor,custom,NA
205128000076_R07C01,6,155000,325000,3,NA,-0.587151380248793,NA,0.05,1,tumor,custom,NA
205240110063_R01C01,6,155000,13575000,132,NA,0.0555214512954793,NA,0.05,2,tumor,custom,NA
205243940036_R02C01,6,155000,170647990,1167,NA,-0.00835189355754854,NA,0.05,2,tumor,custom,NA
205243940046_R04C01,6,155000,32250000,320,NA,-0.445561947653721,NA,0.05,1,tumor,custom,NA
205243940058_R04C01,6,155000,14950000,145,NA,-1.11924025692518,NA,0.05,1,tumor,custom,NA
205243940065_R07C01,6,155000,15125000,146,NA,-1.12328179626304,NA,0.05,1,tumor,custom,NA
205243940107_R05C01,6,155000,14950000,145,NA,-1.07712141903554,NA,0.05,1,tumor,custom,NA
205289430139_R07C01,6,155000,170647990,1167,NA,-0.0221946934424186,NA,0.05,2,tumor,custom,NA
205128000076_R07C01,6,375000,14950000,142,NA,-0.909051380248793,NA,0.05,1,tumor,custom,NA
205122170045_R04C01,6,425000,14950000,141,NA,-0.985052823208269,NA,0.05,1,tumor,custom,NA
205122170071_R01C01,6,9325000,170425000,1070,NA,0.0040462475610341,NA,0.05,2,tumor,custom,NA
205125590021_R02C01,6,13650000,15600000,22,NA,0.310529886635947,NA,0.05,3,tumor,custom,NA
205240110063_R01C01,6,13650000,15700000,23,NA,0.374621451295479,NA,0.05,3,tumor,custom,NA
205122170045_R04C01,6,15125000,32525000,179,NA,-0.367852823208269,NA,0.05,1,tumor,custom,NA
205125590068_R01C01,6,15125000,32450000,178,NA,-0.332612311116581,NA,0.05,1,tumor,custom,NA
205128000076_R07C01,6,15125000,32450000,178,NA,-0.358251380248793,NA,0.05,1,tumor,custom,NA
205243940058_R04C01,6,15125000,32450000,178,NA,-0.492740256925178,NA,0.05,1,tumor,custom,NA
205243940107_R05C01,6,15125000,32450000,178,NA,-0.443921419035538,NA,0.05,1,tumor,custom,NA
205125590067_R07C01,6,15225000,32450000,177,NA,-0.334117349427686,NA,0.05,1,tumor,custom,NA
205243940065_R07C01,6,15225000,32525000,178,NA,-0.396081796263037,NA,0.05,1,tumor,custom,NA
205125590021_R02C01,6,15700000,132875000,708,NA,0.0049298866359474,NA,0.05,2,tumor,custom,NA
205240110063_R01C01,6,15850000,136150000,729,NA,0.0410214512954793,NA,0.05,2,tumor,custom,NA
205243940046_R04C01,6,32325000,32575000,5,NA,-1.47636194765372,NA,0.05,1,tumor,custom,NA
205125590067_R07C01,6,32525000,32725000,5,NA,-1.36151734942769,NA,0.05,1,tumor,custom,NA
205125590068_R01C01,6,32525000,32725000,5,NA,-1.63521231111658,NA,0.05,1,tumor,custom,NA
205128000076_R07C01,6,32525000,32725000,5,NA,-1.58295138024879,NA,0.05,1,tumor,custom,NA
205243940058_R04C01,6,32525000,32725000,5,NA,-1.59964025692518,NA,0.05,1,tumor,custom,NA
205243940107_R05C01,6,32525000,32725000,5,NA,-1.61252141903554,NA,0.05,1,tumor,custom,NA
205122170045_R04C01,6,32575000,32775000,5,NA,-1.36625282320827,NA,0.05,1,tumor,custom,NA
205243940065_R07C01,6,32575000,32775000,5,NA,-0.938681796263037,NA,0.05,1,tumor,custom,NA
205243940046_R04C01,6,32625000,49725000,195,NA,-0.445261947653721,NA,0.05,1,tumor,custom,NA
205125590067_R07C01,6,32775000,57876944,240,NA,-0.331017349427686,NA,0.05,1,tumor,custom,NA
205125590068_R01C01,6,32775000,57100000,237,NA,-0.323912311116581,NA,0.05,1,tumor,custom,NA
205128000076_R07C01,6,32775000,57876944,240,NA,-0.355651380248793,NA,0.05,1,tumor,custom,NA
205243940058_R04C01,6,32775000,57876944,240,NA,-0.509940256925178,NA,0.05,1,tumor,custom,NA
205243940107_R05C01,6,32775000,57250000,239,NA,-0.438021419035538,NA,0.05,1,tumor,custom,NA
205122170045_R04C01,6,32825000,57250000,238,NA,-0.370052823208269,NA,0.05,1,tumor,custom,NA
205243940065_R07C01,6,32825000,57876944,239,NA,-0.369281796263037,NA,0.05,1,tumor,custom,NA
205243940046_R04C01,6,49800000,51150000,6,NA,-0.659661947653721,NA,0.05,1,tumor,custom,NA
205243940046_R04C01,6,51800000,57876944,42,NA,-0.434061947653721,NA,0.05,1,tumor,custom,NA
205125590068_R01C01,6,57175000,84925000,77,NA,0.180287688883419,NA,0.05,2,tumor,custom,NA
205122170045_R04C01,6,57876944,73100000,31,NA,0.286447176791731,NA,0.05,3,tumor,custom,NA
205243940107_R05C01,6,57876944,84925000,75,NA,0.240378580964462,NA,0.05,3,tumor,custom,NA
205125590067_R07C01,6,60793482,72825000,29,NA,0.192482650572314,NA,0.05,2,tumor,custom,NA
205128000076_R07C01,6,60793482,73100000,30,NA,0.269648619751207,NA,0.05,3,tumor,custom,NA
205243940046_R04C01,6,60793482,170647990,599,NA,-0.0126619476537214,NA,0.05,2,tumor,custom,NA
205243940058_R04C01,6,60793482,85250000,75,NA,-0.0306402569251776,NA,0.05,2,tumor,custom,NA
205243940065_R07C01,6,60793482,72825000,29,NA,0.349518203736963,NA,0.05,3,tumor,custom,NA
205125590067_R07C01,6,73100000,73475000,5,NA,-0.0298173494276862,NA,0.05,2,tumor,custom,NA
205243940065_R07C01,6,73100000,73600000,7,NA,0.00371820373696308,NA,0.05,2,tumor,custom,NA
205122170045_R04C01,6,73275000,73525000,5,NA,-0.0685528232082686,NA,0.05,2,tumor,custom,NA
205128000076_R07C01,6,73275000,73525000,5,NA,-0.00915138024879333,NA,0.05,2,tumor,custom,NA
205125590067_R07C01,6,73525000,84925000,40,NA,0.206582650572314,NA,0.05,3,tumor,custom,NA
205122170045_R04C01,6,73600000,85250000,40,NA,0.284447176791731,NA,0.05,3,tumor,custom,NA
205128000076_R07C01,6,73600000,84925000,39,NA,0.261348619751207,NA,0.05,3,tumor,custom,NA
205243940065_R07C01,6,73850000,85250000,39,NA,0.347818203736963,NA,0.05,3,tumor,custom,NA
205125590067_R07C01,6,85250000,116400000,141,NA,-0.325317349427686,NA,0.05,1,tumor,custom,NA
205125590068_R01C01,6,85250000,116475000,142,NA,-0.314812311116581,NA,0.05,1,tumor,custom,NA
205128000076_R07C01,6,85250000,116400000,141,NA,-0.302551380248793,NA,0.05,1,tumor,custom,NA
205243940107_R05C01,6,85250000,116400000,141,NA,-0.361721419035538,NA,0.05,1,tumor,custom,NA
205122170045_R04C01,6,85425000,116400000,140,NA,-0.308852823208269,NA,0.05,1,tumor,custom,NA
205243940058_R04C01,6,85425000,116400000,140,NA,-0.435340256925178,NA,0.05,1,tumor,custom,NA
205243940065_R07C01,6,85425000,116400000,140,NA,-0.329881796263037,NA,0.05,1,tumor,custom,NA
205122170045_R04C01,6,116475000,170647990,384,NA,0.252347176791731,NA,0.05,3,tumor,custom,NA
205125590067_R07C01,6,116475000,170647990,384,NA,0.176982650572314,NA,0.05,2,tumor,custom,NA
205128000076_R07C01,6,116475000,170647990,384,NA,0.237848619751207,NA,0.05,3,tumor,custom,NA
205243940058_R04C01,6,116475000,170647990,384,NA,-0.0241402569251776,NA,0.05,2,tumor,custom,NA
205243940065_R07C01,6,116475000,170647990,384,NA,0.275318203736963,NA,0.05,3,tumor,custom,NA
205243940107_R05C01,6,116475000,170647990,384,NA,0.230878580964462,NA,0.05,3,tumor,custom,NA
205125590068_R01C01,6,116525000,170647990,383,NA,0.201687688883419,NA,0.05,3,tumor,custom,NA
205125590021_R02C01,6,133075000,135975000,21,NA,0.372829886635947,NA,0.05,3,tumor,custom,NA
205125590021_R02C01,6,136150000,170647990,284,NA,-0.0334701133640526,NA,0.05,2,tumor,custom,NA
205240110063_R01C01,6,136275000,170647990,283,NA,-0.214178548704521,NA,0.05,1,tumor,custom,NA
205122170071_R01C01,6,170500000,170647990,2,NA,-0.382353752438966,NA,0.05,1,tumor,custom,NA
205122170045_R04C01,7,55000,6750000,105,NA,-0.227952823208269,NA,0.05,1,tumor,custom,NA
205122170071_R01C01,7,55000,4825000,74,NA,-0.249953752438966,NA,0.05,1,tumor,custom,NA
205125590021_R02C01,7,55000,153450000,974,NA,-0.0022701133640526,NA,0.05,2,tumor,custom,NA
205125590067_R07C01,7,55000,6925000,106,NA,-0.158617349427686,NA,0.05,2,tumor,custom,NA
205125590068_R01C01,7,55000,159242987,1049,NA,-0.0356123111165807,NA,0.05,2,tumor,custom,NA
205128000076_R07C01,7,55000,6925000,106,NA,-0.174151380248793,NA,0.05,2,tumor,custom,NA
205240110063_R01C01,7,55000,64100000,414,NA,0.176621451295479,NA,0.05,2,tumor,custom,NA
205243940036_R02C01,7,55000,159242987,1049,NA,-0.376151893557549,NA,0.05,1,tumor,custom,NA
205243940046_R04C01,7,55000,54625000,388,NA,-0.457161947653721,NA,0.05,1,tumor,custom,NA
205243940058_R04C01,7,55000,159242987,1049,NA,-0.124740256925178,NA,0.05,2,tumor,custom,NA
205243940065_R07C01,7,55000,159242987,1049,NA,0.0784182037369631,NA,0.05,2,tumor,custom,NA
205243940107_R05C01,7,55000,6925000,106,NA,-0.316221419035538,NA,0.05,1,tumor,custom,NA
205289430139_R07C01,7,55000,159242987,1049,NA,-0.426194693442419,NA,0.05,1,tumor,custom,NA
205122170071_R01C01,7,4900000,5175000,5,NA,-0.530653752438966,NA,0.05,1,tumor,custom,NA
205122170071_R01C01,7,5225000,67150000,357,NA,-0.209553752438966,NA,0.05,1,tumor,custom,NA
205122170045_R04C01,7,6925000,55575000,295,NA,0.0442471767917314,NA,0.05,2,tumor,custom,NA
205125590067_R07C01,7,7150000,38500000,183,NA,0.0202826505723138,NA,0.05,2,tumor,custom,NA
205128000076_R07C01,7,7150000,43875000,212,NA,0.0540486197512067,NA,0.05,2,tumor,custom,NA
205243940107_R05C01,7,7150000,55575000,294,NA,-0.00432141903553816,NA,0.05,2,tumor,custom,NA
205125590067_R07C01,7,38625000,62803390,122,NA,-0.225117349427686,NA,0.05,1,tumor,custom,NA
205128000076_R07C01,7,43950000,45925000,26,NA,-0.165551380248793,NA,0.05,2,tumor,custom,NA
205128000076_R07C01,7,46050000,55575000,56,NA,0.0136486197512067,NA,0.05,2,tumor,custom,NA
205243940046_R04C01,7,54800000,141725000,502,NA,-0.0444619476537214,NA,0.05,2,tumor,custom,NA
205122170045_R04C01,7,55775000,62803390,11,NA,-0.205952823208269,NA,0.05,1,tumor,custom,NA
205128000076_R07C01,7,55775000,63500000,12,NA,-0.171551380248793,NA,0.05,2,tumor,custom,NA
205243940107_R05C01,7,55775000,62803390,11,NA,-0.301421419035538,NA,0.05,1,tumor,custom,NA
205122170045_R04C01,7,63500000,64425000,5,NA,0.209247176791731,NA,0.05,3,tumor,custom,NA
205125590067_R07C01,7,63500000,69475000,30,NA,-0.0485173494276862,NA,0.05,2,tumor,custom,NA
205243940107_R05C01,7,63500000,68675000,28,NA,-0.0143214190355382,NA,0.05,2,tumor,custom,NA
205128000076_R07C01,7,63950000,159242987,637,NA,0.150148619751207,NA,0.05,2,tumor,custom,NA
205240110063_R01C01,7,64250000,68675000,25,NA,0.458921451295479,NA,0.05,3,tumor,custom,NA
205122170045_R04C01,7,64600000,66925000,19,NA,-0.222952823208269,NA,0.05,1,tumor,custom,NA
205122170045_R04C01,7,67150000,70775000,14,NA,0.0848471767917314,NA,0.05,2,tumor,custom,NA
205122170071_R01C01,7,67675000,69475000,5,NA,-0.590453752438966,NA,0.05,1,tumor,custom,NA
205240110063_R01C01,7,69125000,141725000,451,NA,-0.104778548704521,NA,0.05,2,tumor,custom,NA
205243940107_R05C01,7,69125000,70775000,10,NA,0.253878580964462,NA,0.05,3,tumor,custom,NA
205122170071_R01C01,7,69600000,159242987,608,NA,-0.224453752438966,NA,0.05,1,tumor,custom,NA
205125590067_R07C01,7,69600000,70775000,8,NA,0.151482650572314,NA,0.05,2,tumor,custom,NA
205122170045_R04C01,7,70950000,76725000,45,NA,-0.254652823208269,NA,0.05,1,tumor,custom,NA
205125590067_R07C01,7,70950000,159242987,600,NA,-0.0623173494276862,NA,0.05,2,tumor,custom,NA
205243940107_R05C01,7,70950000,76725000,45,NA,-0.0961214190355382,NA,0.05,2,tumor,custom,NA
205122170045_R04C01,7,77125000,159242987,555,NA,-0.0154528232082686,NA,0.05,2,tumor,custom,NA
205243940107_R05C01,7,77125000,159242987,555,NA,0.150878580964462,NA,0.05,2,tumor,custom,NA
205240110063_R01C01,7,141825000,142800000,6,NA,-0.494978548704521,NA,0.05,1,tumor,custom,NA
205243940046_R04C01,7,141825000,159242987,159,NA,-0.252861947653721,NA,0.05,1,tumor,custom,NA
205240110063_R01C01,7,142875000,152975000,77,NA,-0.150678548704521,NA,0.05,2,tumor,custom,NA
205240110063_R01C01,7,153450000,157425000,43,NA,-0.827178548704521,NA,0.05,1,tumor,custom,NA
205125590021_R02C01,7,153950000,159242987,75,NA,-0.561670113364053,NA,0.05,1,tumor,custom,NA
205240110063_R01C01,7,157475000,158625000,23,NA,-1.32117854870452,NA,0.05,1,tumor,custom,NA
205240110063_R01C01,7,158725000,159242987,10,NA,-0.949678548704521,NA,0.05,1,tumor,custom,NA
205122170045_R04C01,8,205000,141025000,861,NA,0.0282471767917314,NA,0.05,2,tumor,custom,NA
205122170071_R01C01,8,205000,31125000,250,NA,-0.548653752438966,NA,0.05,1,tumor,custom,NA
205125590021_R02C01,8,205000,2375000,37,NA,-0.322570113364053,NA,0.05,1,tumor,custom,NA
205125590067_R07C01,8,205000,123450000,730,NA,0.00118265057231383,NA,0.05,2,tumor,custom,NA
205125590068_R01C01,8,205000,57875000,400,NA,-0.0100123111165807,NA,0.05,2,tumor,custom,NA
205128000076_R07C01,8,205000,141275000,866,NA,0.0226486197512067,NA,0.05,2,tumor,custom,NA
205240110063_R01C01,8,205000,5225000,45,NA,-0.218378548704521,NA,0.05,1,tumor,custom,NA
205243940036_R02C01,8,205000,145039318,931,NA,0.0111481064424515,NA,0.05,2,tumor,custom,NA
205243940046_R04C01,8,205000,43616872,332,NA,-0.0316619476537214,NA,0.05,2,tumor,custom,NA
205243940058_R04C01,8,205000,141275000,866,NA,-0.0873402569251776,NA,0.05,2,tumor,custom,NA
205243940065_R07C01,8,205000,145039318,931,NA,-0.00768179626303692,NA,0.05,2,tumor,custom,NA
205243940107_R05C01,8,205000,97475000,585,NA,-0.0115214190355382,NA,0.05,2,tumor,custom,NA
205289430139_R07C01,8,205000,145039318,931,NA,0.00350530655758137,NA,0.05,2,tumor,custom,NA
205125590021_R02C01,8,2625000,5225000,8,NA,-0.0621701133640526,NA,0.05,2,tumor,custom,NA
205125590021_R02C01,8,5950000,12092173,60,NA,0.244929886635947,NA,0.05,3,tumor,custom,NA
205240110063_R01C01,8,5950000,43616872,287,NA,0.385821451295479,NA,0.05,3,tumor,custom,NA
205125590021_R02C01,8,12517173,21200000,47,NA,0.649729886635947,NA,0.05,3,tumor,custom,NA
205125590021_R02C01,8,21575000,23225000,25,NA,0.251129886635947,NA,0.05,3,tumor,custom,NA
205125590021_R02C01,8,23275000,40675000,127,NA,0.590229886635947,NA,0.05,3,tumor,custom,NA
205122170071_R01C01,8,31425000,34375000,12,NA,-0.0382537524389659,NA,0.05,2,tumor,custom,NA
205122170071_R01C01,8,34975000,36825000,5,NA,-0.549253752438966,NA,0.05,1,tumor,custom,NA
205122170071_R01C01,8,37000000,145039318,664,NA,0.0061462475610341,NA,0.05,2,tumor,custom,NA
205125590021_R02C01,8,40900000,42950000,25,NA,0.325429886635947,NA,0.05,3,tumor,custom,NA
205125590021_R02C01,8,43075000,53525000,44,NA,0.0789298866359474,NA,0.05,2,tumor,custom,NA
205240110063_R01C01,8,46063633,48525000,18,NA,-0.311878548704521,NA,0.05,1,tumor,custom,NA
205243940046_R04C01,8,46063633,80125000,174,NA,0.226838052346279,NA,0.05,3,tumor,custom,NA
205240110063_R01C01,8,48575000,50325000,10,NA,0.147621451295479,NA,0.05,2,tumor,custom,NA
205240110063_R01C01,8,51050000,53525000,13,NA,-0.448478548704521,NA,0.05,1,tumor,custom,NA
205125590021_R02C01,8,53750000,128150000,406,NA,0.460029886635947,NA,0.05,3,tumor,custom,NA
205240110063_R01C01,8,53750000,145039318,558,NA,0.229021451295479,NA,0.05,3,tumor,custom,NA
205125590068_R01C01,8,58025000,59475000,8,NA,-0.256012311116581,NA,0.05,1,tumor,custom,NA
205125590068_R01C01,8,59950000,75225000,82,NA,-0.0279123111165807,NA,0.05,2,tumor,custom,NA
205125590068_R01C01,8,76075000,83550000,30,NA,-0.280812311116581,NA,0.05,1,tumor,custom,NA
205243940046_R04C01,8,80175000,80700000,5,NA,-0.177661947653721,NA,0.05,2,tumor,custom,NA
205243940046_R04C01,8,80925000,141275000,355,NA,0.235738052346279,NA,0.05,3,tumor,custom,NA
205125590068_R01C01,8,84625000,86425000,10,NA,-0.0453123111165807,NA,0.05,2,tumor,custom,NA
205125590068_R01C01,8,86600000,145039318,401,NA,-0.314612311116581,NA,0.05,1,tumor,custom,NA
205243940107_R05C01,8,97675000,98125000,7,NA,-0.246821419035538,NA,0.05,1,tumor,custom,NA
205243940107_R05C01,8,98200000,141175000,272,NA,0.0343785809644618,NA,0.05,2,tumor,custom,NA
205125590067_R07C01,8,123525000,134625000,94,NA,0.170282650572314,NA,0.05,2,tumor,custom,NA
205125590021_R02C01,8,128250000,129600000,10,NA,0.764029886635947,NA,0.05,3,tumor,custom,NA
205125590021_R02C01,8,129675000,141025000,72,NA,0.473429886635947,NA,0.05,3,tumor,custom,NA
205125590067_R07C01,8,134675000,145039318,107,NA,-0.0823173494276862,NA,0.05,2,tumor,custom,NA
205122170045_R04C01,8,141075000,145039318,70,NA,-0.210652823208269,NA,0.05,1,tumor,custom,NA
205125590021_R02C01,8,141075000,145039318,70,NA,0.202929886635947,NA,0.05,3,tumor,custom,NA
205243940107_R05C01,8,141225000,145039318,67,NA,-0.283521419035538,NA,0.05,1,tumor,custom,NA
205128000076_R07C01,8,141325000,145039318,65,NA,-0.220551380248793,NA,0.05,1,tumor,custom,NA
205243940046_R04C01,8,141325000,145039318,65,NA,0.0309380523462786,NA,0.05,2,tumor,custom,NA
205243940058_R04C01,8,141325000,145039318,65,NA,-0.415940256925178,NA,0.05,1,tumor,custom,NA
205122170045_R04C01,9,130000,975000,7,NA,-0.711852823208269,NA,0.05,1,tumor,custom,NA
205122170071_R01C01,9,130000,138192359,673,NA,-0.200253752438966,NA,0.05,1,tumor,custom,NA
205125590021_R02C01,9,130000,1025000,8,NA,0.117329886635947,NA,0.05,2,tumor,custom,NA
205125590067_R07C01,9,130000,975000,7,NA,-1.44401734942769,NA,0.05,1,tumor,custom,NA
205125590068_R01C01,9,130000,975000,7,NA,-0.887212311116581,NA,0.05,1,tumor,custom,NA
205128000076_R07C01,9,130000,975000,7,NA,-0.924151380248793,NA,0.05,1,tumor,custom,NA
205240110063_R01C01,9,130000,39589735,149,NA,-0.291978548704521,NA,0.05,1,tumor,custom,NA
205243940036_R02C01,9,130000,138192359,673,NA,-0.0327518935575485,NA,0.05,2,tumor,custom,NA
205243940046_R04C01,9,130000,39589735,149,NA,-0.419161947653721,NA,0.05,1,tumor,custom,NA
205243940058_R04C01,9,130000,975000,7,NA,-1.10944025692518,NA,0.05,1,tumor,custom,NA
205243940065_R07C01,9,130000,975000,7,NA,-1.13908179626304,NA,0.05,1,tumor,custom,NA
205243940107_R05C01,9,130000,975000,7,NA,-0.660921419035538,NA,0.05,1,tumor,custom,NA
205289430139_R07C01,9,130000,138192359,673,NA,-0.0214946934424186,NA,0.05,2,tumor,custom,NA
205122170045_R04C01,9,1025000,6850000,27,NA,-0.193852823208269,NA,0.05,2,tumor,custom,NA
205125590067_R07C01,9,1025000,6850000,27,NA,-0.644417349427686,NA,0.05,1,tumor,custom,NA
205125590068_R01C01,9,1025000,6850000,27,NA,-0.296112311116581,NA,0.05,1,tumor,custom,NA
205128000076_R07C01,9,1025000,6850000,27,NA,-0.275051380248793,NA,0.05,1,tumor,custom,NA
205243940058_R04C01,9,1025000,138192359,666,NA,-0.207740256925178,NA,0.05,1,tumor,custom,NA
205243940065_R07C01,9,1025000,6725000,26,NA,-0.338281796263037,NA,0.05,1,tumor,custom,NA
205243940107_R05C01,9,1025000,7075000,28,NA,-0.138421419035538,NA,0.05,2,tumor,custom,NA
205125590021_R02C01,9,1525000,39589735,141,NA,-0.165470113364053,NA,0.05,2,tumor,custom,NA
205243940065_R07C01,9,6850000,17900000,29,NA,0.124218203736963,NA,0.05,2,tumor,custom,NA
205122170045_R04C01,9,7075000,18375000,29,NA,0.113647176791731,NA,0.05,2,tumor,custom,NA
205125590067_R07C01,9,7075000,8775000,4,NA,-0.179117349427686,NA,0.05,2,tumor,custom,NA
205125590068_R01C01,9,7075000,17325000,27,NA,0.0824876888834193,NA,0.05,2,tumor,custom,NA
205128000076_R07C01,9,7075000,130300000,506,NA,-0.0216513802487933,NA,0.05,2,tumor,custom,NA
205243940107_R05C01,9,7325000,17900000,27,NA,0.120178580964462,NA,0.05,2,tumor,custom,NA
205125590067_R07C01,9,9725000,17325000,23,NA,0.0698826505723138,NA,0.05,2,tumor,custom,NA
205125590067_R07C01,9,17900000,25975000,23,NA,-0.258217349427686,NA,0.05,1,tumor,custom,NA
205125590068_R01C01,9,17900000,21600000,15,NA,-0.308012311116581,NA,0.05,1,tumor,custom,NA
205243940065_R07C01,9,18375000,21375000,13,NA,-0.345381796263037,NA,0.05,1,tumor,custom,NA
205243940107_R05C01,9,18375000,21600000,14,NA,-0.362121419035538,NA,0.05,1,tumor,custom,NA
205122170045_R04C01,9,18750000,21600000,13,NA,-0.321552823208269,NA,0.05,1,tumor,custom,NA
205243940065_R07C01,9,21600000,138192359,598,NA,-0.0291817962630369,NA,0.05,2,tumor,custom,NA
205122170045_R04C01,9,21875000,138192359,597,NA,-0.0614528232082686,NA,0.05,2,tumor,custom,NA
205125590068_R01C01,9,21875000,138192359,597,NA,-0.0383123111165807,NA,0.05,2,tumor,custom,NA
205243940107_R05C01,9,21875000,127375000,413,NA,-0.0363214190355382,NA,0.05,2,tumor,custom,NA
205125590067_R07C01,9,26600000,138192359,589,NA,-0.0552173494276862,NA,0.05,2,tumor,custom,NA
205125590021_R02C01,9,68385276,112800000,232,NA,0.134629886635947,NA,0.05,2,tumor,custom,NA
205240110063_R01C01,9,68385276,112800000,232,NA,0.0547214512954793,NA,0.05,2,tumor,custom,NA
205243940046_R04C01,9,68385276,92500000,105,NA,0.509638052346279,NA,0.05,3,tumor,custom,NA
205243940046_R04C01,9,92625000,94000000,17,NA,0.313638052346279,NA,0.05,3,tumor,custom,NA
205243940046_R04C01,9,94100000,95375000,13,NA,0.524138052346279,NA,0.05,3,tumor,custom,NA
205243940046_R04C01,9,95475000,95925000,6,NA,-0.313761947653721,NA,0.05,1,tumor,custom,NA
205243940046_R04C01,9,96025000,138192359,383,NA,-0.0492619476537214,NA,0.05,2,tumor,custom,NA
205125590021_R02C01,9,112950000,138192359,292,NA,-0.299670113364053,NA,0.05,1,tumor,custom,NA
205240110063_R01C01,9,112950000,138192359,292,NA,-0.315178548704521,NA,0.05,1,tumor,custom,NA
205243940107_R05C01,9,127425000,138192359,184,NA,-0.276921419035538,NA,0.05,1,tumor,custom,NA
205128000076_R07C01,9,130375000,138192359,133,NA,-0.459451380248793,NA,0.05,1,tumor,custom,NA
205122170045_R04C01,10,105000,133620233,1029,NA,0.177847176791731,NA,0.05,2,tumor,custom,NA
205122170071_R01C01,10,105000,80550000,574,NA,-0.490253752438966,NA,0.05,1,tumor,custom,NA
205125590021_R02C01,10,105000,2000000,33,NA,0.152829886635947,NA,0.05,2,tumor,custom,NA
205125590067_R07C01,10,105000,133620233,1029,NA,0.0149826505723138,NA,0.05,2,tumor,custom,NA
205125590068_R01C01,10,105000,133620233,1029,NA,-0.00551231111658075,NA,0.05,2,tumor,custom,NA
205128000076_R07C01,10,105000,133620233,1029,NA,0.167148619751207,NA,0.05,2,tumor,custom,NA
205240110063_R01C01,10,105000,1125000,19,NA,0.179221451295479,NA,0.05,2,tumor,custom,NA
205243940036_R02C01,10,105000,74400000,517,NA,4.81064424514566e-05,NA,0.05,2,tumor,custom,NA
205243940046_R04C01,10,105000,133620233,1029,NA,-0.0378619476537214,NA,0.05,2,tumor,custom,NA
205243940058_R04C01,10,105000,133620233,1029,NA,-0.0455402569251776,NA,0.05,2,tumor,custom,NA
205243940065_R07C01,10,105000,133620233,1029,NA,-0.0158817962630369,NA,0.05,2,tumor,custom,NA
205243940107_R05C01,10,105000,131350000,989,NA,0.0780785809644618,NA,0.05,2,tumor,custom,NA
205289430139_R07C01,10,105000,74400000,517,NA,-0.00889469344241862,NA,0.05,2,tumor,custom,NA
205240110063_R01C01,10,1175000,2175000,15,NA,-0.157378548704521,NA,0.05,2,tumor,custom,NA
205125590021_R02C01,10,2175000,3775000,16,NA,0.422629886635947,NA,0.05,3,tumor,custom,NA
205240110063_R01C01,10,2450000,3075000,5,NA,0.258721451295479,NA,0.05,3,tumor,custom,NA
205240110063_R01C01,10,3125000,4725000,18,NA,0.526221451295479,NA,0.05,3,tumor,custom,NA
205125590021_R02C01,10,3825000,5075000,11,NA,0.639029886635947,NA,0.05,3,tumor,custom,NA
205240110063_R01C01,10,4825000,31325000,201,NA,0.214621451295479,NA,0.05,3,tumor,custom,NA
205125590021_R02C01,10,5200000,31325000,198,NA,0.356929886635947,NA,0.05,3,tumor,custom,NA
205125590021_R02C01,10,31500000,37475000,39,NA,0.613729886635947,NA,0.05,3,tumor,custom,NA
205240110063_R01C01,10,31500000,35075000,27,NA,0.956621451295479,NA,0.05,3,tumor,custom,NA
205240110063_R01C01,10,35125000,36550000,10,NA,0.610821451295479,NA,0.05,3,tumor,custom,NA
205240110063_R01C01,10,36975000,133620233,734,NA,-0.00477854870452067,NA,0.05,2,tumor,custom,NA
205125590021_R02C01,10,37700000,133620233,732,NA,0.0751298866359474,NA,0.05,2,tumor,custom,NA
205243940036_R02C01,10,74675000,133620233,512,NA,-0.360451893557549,NA,0.05,1,tumor,custom,NA
205289430139_R07C01,10,74675000,133620233,512,NA,-0.387894693442419,NA,0.05,1,tumor,custom,NA
205122170071_R01C01,10,80725000,86325000,16,NA,-0.711153752438966,NA,0.05,1,tumor,custom,NA
205122170071_R01C01,10,86375000,133620233,439,NA,-0.470453752438966,NA,0.05,1,tumor,custom,NA
205243940107_R05C01,10,131450000,133620233,40,NA,-0.150321419035538,NA,0.05,2,tumor,custom,NA
205122170045_R04C01,11,155000,81375000,709,NA,-0.0225528232082686,NA,0.05,2,tumor,custom,NA
205122170071_R01C01,11,155000,50535674,388,NA,0.0021462475610341,NA,0.05,2,tumor,custom,NA
205125590021_R02C01,11,155000,18225000,206,NA,-0.284470113364053,NA,0.05,1,tumor,custom,NA
205125590067_R07C01,11,155000,125625000,1013,NA,-0.0545173494276862,NA,0.05,2,tumor,custom,NA
205125590068_R01C01,11,155000,50535674,388,NA,0.00498768888341925,NA,0.05,2,tumor,custom,NA
205128000076_R07C01,11,155000,79575000,707,NA,-0.0847513802487933,NA,0.05,2,tumor,custom,NA
205240110063_R01C01,11,155000,4225000,67,NA,-0.487478548704521,NA,0.05,1,tumor,custom,NA
205243940036_R02C01,11,155000,134988311,1097,NA,-0.00595189355754853,NA,0.05,2,tumor,custom,NA
205243940046_R04C01,11,155000,10775000,143,NA,-0.411261947653721,NA,0.05,1,tumor,custom,NA
205243940058_R04C01,11,155000,3625000,62,NA,-0.387240256925178,NA,0.05,1,tumor,custom,NA
205243940065_R07C01,11,155000,9075000,121,NA,0.0122182037369631,NA,0.05,2,tumor,custom,NA
205243940107_R05C01,11,155000,3275000,60,NA,-0.284121419035538,NA,0.05,1,tumor,custom,NA
205289430139_R07C01,11,155000,134988311,1097,NA,0.00940530655758137,NA,0.05,2,tumor,custom,NA
205243940107_R05C01,11,3475000,78675000,640,NA,0.0163785809644618,NA,0.05,2,tumor,custom,NA
205243940058_R04C01,11,3700000,78750000,639,NA,-0.127440256925178,NA,0.05,2,tumor,custom,NA
205240110063_R01C01,11,4475000,5425000,12,NA,-1.09107854870452,NA,0.05,1,tumor,custom,NA
205240110063_R01C01,11,5525000,6700000,15,NA,-0.588278548704521,NA,0.05,1,tumor,custom,NA
205240110063_R01C01,11,6825000,7975000,12,NA,-0.909778548704521,NA,0.05,1,tumor,custom,NA
205240110063_R01C01,11,8025000,18225000,100,NA,-0.567978548704521,NA,0.05,1,tumor,custom,NA
205243940065_R07C01,11,9175000,18050000,82,NA,-0.288181796263037,NA,0.05,1,tumor,custom,NA
205243940046_R04C01,11,10825000,26200000,101,NA,0.229338052346279,NA,0.05,3,tumor,custom,NA
205243940065_R07C01,11,18125000,18575000,9,NA,-0.625081796263037,NA,0.05,1,tumor,custom,NA
205125590021_R02C01,11,18275000,70927848,402,NA,0.105429886635947,NA,0.05,2,tumor,custom,NA
205240110063_R01C01,11,18275000,70927848,402,NA,0.0269214512954793,NA,0.05,2,tumor,custom,NA
205243940065_R07C01,11,18625000,47575000,164,NA,-0.303081796263037,NA,0.05,1,tumor,custom,NA
205243940046_R04C01,11,26425000,85025000,479,NA,-0.0329619476537214,NA,0.05,2,tumor,custom,NA
205243940065_R07C01,11,47650000,48925000,10,NA,-0.530581796263037,NA,0.05,1,tumor,custom,NA
205243940065_R07C01,11,49900000,134988311,711,NA,0.226918203736963,NA,0.05,3,tumor,custom,NA
205122170071_R01C01,11,55087537,56700000,5,NA,-0.430153752438966,NA,0.05,1,tumor,custom,NA
205125590068_R01C01,11,55087537,81375000,321,NA,-0.318412311116581,NA,0.05,1,tumor,custom,NA
205122170071_R01C01,11,57000000,134988311,704,NA,-0.0218537524389659,NA,0.05,2,tumor,custom,NA
205125590021_R02C01,11,71127848,134988311,489,NA,-0.389070113364053,NA,0.05,1,tumor,custom,NA
205240110063_R01C01,11,71127848,78675000,92,NA,-0.608778548704521,NA,0.05,1,tumor,custom,NA
205240110063_R01C01,11,78750000,82550000,11,NA,-1.06097854870452,NA,0.05,1,tumor,custom,NA
205243940107_R05C01,11,78750000,117700000,209,NA,0.368778580964462,NA,0.05,3,tumor,custom,NA
205243940058_R04C01,11,78850000,117700000,208,NA,0.196559743074822,NA,0.05,2,tumor,custom,NA
205128000076_R07C01,11,80275000,117700000,202,NA,0.188148619751207,NA,0.05,2,tumor,custom,NA
205122170045_R04C01,11,82175000,85025000,14,NA,0.488047176791731,NA,0.05,3,tumor,custom,NA
205125590068_R01C01,11,82175000,85025000,14,NA,0.253887688883419,NA,0.05,3,tumor,custom,NA
205240110063_R01C01,11,82750000,114850000,171,NA,-0.663878548704521,NA,0.05,1,tumor,custom,NA
205122170045_R04C01,11,85375000,86975000,17,NA,0.113347176791731,NA,0.05,2,tumor,custom,NA
205125590068_R01C01,11,85375000,86975000,17,NA,0.0720876888834193,NA,0.05,2,tumor,custom,NA
205243940046_R04C01,11,85375000,134988311,374,NA,-0.401261947653721,NA,0.05,1,tumor,custom,NA
205122170045_R04C01,11,87225000,100750000,49,NA,-0.209052823208269,NA,0.05,1,tumor,custom,NA
205125590068_R01C01,11,87225000,100750000,49,NA,-0.259012311116581,NA,0.05,1,tumor,custom,NA
205122170045_R04C01,11,100950000,117700000,120,NA,0.0772471767917314,NA,0.05,2,tumor,custom,NA
205125590068_R01C01,11,100950000,117825000,122,NA,0.0449876888834193,NA,0.05,2,tumor,custom,NA
205240110063_R01C01,11,115050000,116575000,11,NA,-1.05217854870452,NA,0.05,1,tumor,custom,NA
205240110063_R01C01,11,116675000,123175000,88,NA,-0.703978548704521,NA,0.05,1,tumor,custom,NA
205122170045_R04C01,11,117775000,125800000,106,NA,-0.292252823208269,NA,0.05,1,tumor,custom,NA
205128000076_R07C01,11,117775000,125875000,107,NA,-0.0632513802487933,NA,0.05,2,tumor,custom,NA
205243940058_R04C01,11,117775000,134988311,188,NA,-0.157340256925178,NA,0.05,2,tumor,custom,NA
205243940107_R05C01,11,117775000,134988311,188,NA,0.0768785809644618,NA,0.05,2,tumor,custom,NA
205125590068_R01C01,11,117875000,125875000,105,NA,-0.295712311116581,NA,0.05,1,tumor,custom,NA
205240110063_R01C01,11,123250000,124550000,14,NA,-1.09597854870452,NA,0.05,1,tumor,custom,NA
205240110063_R01C01,11,124625000,134988311,102,NA,-0.752578548704521,NA,0.05,1,tumor,custom,NA
205125590067_R07C01,11,125700000,134988311,84,NA,-0.353917349427686,NA,0.05,1,tumor,custom,NA
205122170045_R04C01,11,125875000,134988311,82,NA,-0.867852823208269,NA,0.05,1,tumor,custom,NA
205125590068_R01C01,11,125925000,134988311,81,NA,-0.877812311116581,NA,0.05,1,tumor,custom,NA
205128000076_R07C01,11,125925000,134988311,81,NA,-0.361151380248793,NA,0.05,1,tumor,custom,NA
205122170045_R04C01,12,80000,8625000,106,NA,0.00204717679173139,NA,0.05,2,tumor,custom,NA
205122170071_R01C01,12,80000,133207655,1037,NA,0.0030462475610341,NA,0.05,2,tumor,custom,NA
205125590021_R02C01,12,80000,27375000,229,NA,-0.265170113364053,NA,0.05,1,tumor,custom,NA
205125590067_R07C01,12,80000,8625000,106,NA,-0.371817349427686,NA,0.05,1,tumor,custom,NA
205125590068_R01C01,12,80000,8625000,106,NA,-0.266812311116581,NA,0.05,1,tumor,custom,NA
205128000076_R07C01,12,80000,8625000,106,NA,-0.323951380248793,NA,0.05,1,tumor,custom,NA
205240110063_R01C01,12,80000,4950000,65,NA,-0.111378548704521,NA,0.05,2,tumor,custom,NA
205243940036_R02C01,12,80000,133207655,1037,NA,0.00184810644245147,NA,0.05,2,tumor,custom,NA
205243940046_R04C01,12,80000,133207655,1037,NA,-0.00826194765372136,NA,0.05,2,tumor,custom,NA
205243940058_R04C01,12,80000,8625000,106,NA,-0.597640256925178,NA,0.05,1,tumor,custom,NA
205243940065_R07C01,12,80000,8850000,108,NA,-0.360181796263037,NA,0.05,1,tumor,custom,NA
205243940107_R05C01,12,80000,132075000,1015,NA,0.0821785809644618,NA,0.05,2,tumor,custom,NA
205289430139_R07C01,12,80000,31325000,254,NA,0.0431053065575814,NA,0.05,2,tumor,custom,NA
205240110063_R01C01,12,5025000,9700000,51,NA,-0.609378548704521,NA,0.05,1,tumor,custom,NA
205122170045_R04C01,12,8725000,46925000,206,NA,0.311847176791731,NA,0.05,3,tumor,custom,NA
205125590067_R07C01,12,8725000,133207655,931,NA,-0.0149173494276862,NA,0.05,2,tumor,custom,NA
205125590068_R01C01,12,8725000,132775000,923,NA,0.0931876888834193,NA,0.05,2,tumor,custom,NA
205128000076_R07C01,12,8725000,132775000,923,NA,0.0159486197512067,NA,0.05,2,tumor,custom,NA
205243940058_R04C01,12,8725000,132925000,926,NA,-0.0960402569251776,NA,0.05,2,tumor,custom,NA
205243940065_R07C01,12,8925000,132775000,921,NA,0.00971820373696308,NA,0.05,2,tumor,custom,NA
205240110063_R01C01,12,9800000,10175000,5,NA,-1.16077854870452,NA,0.05,1,tumor,custom,NA
205240110063_R01C01,12,10250000,13075000,31,NA,-0.603978548704521,NA,0.05,1,tumor,custom,NA
205240110063_R01C01,12,13125000,14150000,7,NA,-1.05997854870452,NA,0.05,1,tumor,custom,NA
205240110063_R01C01,12,14300000,16675000,18,NA,-0.572378548704521,NA,0.05,1,tumor,custom,NA
205240110063_R01C01,12,17150000,18950000,5,NA,-0.881578548704521,NA,0.05,1,tumor,custom,NA
205240110063_R01C01,12,19150000,27525000,49,NA,-0.415478548704521,NA,0.05,1,tumor,custom,NA
205125590021_R02C01,12,27475000,44625000,70,NA,0.311429886635947,NA,0.05,3,tumor,custom,NA
205240110063_R01C01,12,27625000,29150000,9,NA,0.279521451295479,NA,0.05,3,tumor,custom,NA
205240110063_R01C01,12,29275000,32700000,25,NA,0.571121451295479,NA,0.05,3,tumor,custom,NA
205289430139_R07C01,12,31375000,31875000,6,NA,-0.210894693442419,NA,0.05,1,tumor,custom,NA
205289430139_R07C01,12,32025000,133207655,777,NA,-0.000594693442418623,NA,0.05,2,tumor,custom,NA
205240110063_R01C01,12,32800000,39100000,12,NA,0.222421451295479,NA,0.05,3,tumor,custom,NA
205240110063_R01C01,12,39350000,54575000,146,NA,-0.166478548704521,NA,0.05,2,tumor,custom,NA
205125590021_R02C01,12,44950000,133207655,738,NA,-0.0887701133640526,NA,0.05,2,tumor,custom,NA
205122170045_R04C01,12,47125000,68275000,207,NA,-0.0132528232082686,NA,0.05,2,tumor,custom,NA
205240110063_R01C01,12,54775000,55550000,5,NA,-0.577878548704521,NA,0.05,1,tumor,custom,NA
205240110063_R01C01,12,55675000,71850000,118,NA,-0.203178548704521,NA,0.05,1,tumor,custom,NA
205122170045_R04C01,12,68325000,75575000,37,NA,-0.272052823208269,NA,0.05,1,tumor,custom,NA
205240110063_R01C01,12,72075000,75250000,7,NA,-0.568678548704521,NA,0.05,1,tumor,custom,NA
205240110063_R01C01,12,75325000,125125000,402,NA,-0.274278548704521,NA,0.05,1,tumor,custom,NA
205122170045_R04C01,12,75675000,133207655,481,NA,0.132747176791731,NA,0.05,2,tumor,custom,NA
205240110063_R01C01,12,125175000,131675000,52,NA,-0.546278548704521,NA,0.05,1,tumor,custom,NA
205240110063_R01C01,12,131725000,133207655,30,NA,-0.192278548704521,NA,0.05,2,tumor,custom,NA
205243940107_R05C01,12,132125000,133207655,22,NA,-0.202621419035538,NA,0.05,1,tumor,custom,NA
205125590068_R01C01,12,132825000,133207655,8,NA,-0.296512311116581,NA,0.05,1,tumor,custom,NA
205128000076_R07C01,12,132825000,133207655,8,NA,-0.304251380248793,NA,0.05,1,tumor,custom,NA
205243940065_R07C01,12,132825000,133207655,8,NA,-0.370881796263037,NA,0.05,1,tumor,custom,NA
205243940058_R04C01,12,132975000,133207655,5,NA,-0.377340256925178,NA,0.05,1,tumor,custom,NA
205122170045_R04C01,13,18729053,36975000,143,NA,0.276847176791731,NA,0.05,3,tumor,custom,NA
205122170071_R01C01,13,18729053,47200000,220,NA,0.0493462475610341,NA,0.05,2,tumor,custom,NA
205125590021_R02C01,13,18729053,68350000,285,NA,0.133729886635947,NA,0.05,2,tumor,custom,NA
205125590067_R07C01,13,18729053,22100000,33,NA,0.0565826505723138,NA,0.05,2,tumor,custom,NA
205125590068_R01C01,13,18729053,21400000,27,NA,0.123187688883419,NA,0.05,2,tumor,custom,NA
205128000076_R07C01,13,18729053,21725000,30,NA,0.147248619751207,NA,0.05,2,tumor,custom,NA
205240110063_R01C01,13,18729053,19575000,4,NA,-0.340578548704521,NA,0.05,1,tumor,custom,NA
205243940036_R02C01,13,18729053,47200000,220,NA,0.0390481064424515,NA,0.05,2,tumor,custom,NA
205243940046_R04C01,13,18729053,39250000,153,NA,0.00293805234627864,NA,0.05,2,tumor,custom,NA
205243940058_R04C01,13,18729053,21950000,32,NA,-0.0298402569251776,NA,0.05,2,tumor,custom,NA
205243940065_R07C01,13,18729053,37025000,144,NA,0.283818203736963,NA,0.05,3,tumor,custom,NA
205243940107_R05C01,13,18729053,21725000,30,NA,0.113078580964462,NA,0.05,2,tumor,custom,NA
205289430139_R07C01,13,18729053,47200000,220,NA,0.0325053065575814,NA,0.05,2,tumor,custom,NA
205240110063_R01C01,13,19625000,114327164,507,NA,0.0385214512954793,NA,0.05,2,tumor,custom,NA
205125590068_R01C01,13,21525000,30425000,75,NA,0.330187688883419,NA,0.05,3,tumor,custom,NA
205128000076_R07C01,13,21850000,37100000,115,NA,0.419548619751207,NA,0.05,3,tumor,custom,NA
205243940107_R05C01,13,21850000,37100000,115,NA,0.474278580964462,NA,0.05,3,tumor,custom,NA
205243940058_R04C01,13,22100000,37100000,113,NA,0.333559743074822,NA,0.05,3,tumor,custom,NA
205125590067_R07C01,13,22500000,37100000,112,NA,0.397982650572314,NA,0.05,3,tumor,custom,NA
205125590068_R01C01,13,30550000,33225000,21,NA,0.0707876888834193,NA,0.05,2,tumor,custom,NA
205125590068_R01C01,13,33300000,36900000,19,NA,0.231987688883419,NA,0.05,3,tumor,custom,NA
205125590068_R01C01,13,36975000,37100000,3,NA,0.0698876888834193,NA,0.05,2,tumor,custom,NA
205122170045_R04C01,13,37025000,66625000,139,NA,-0.251752823208269,NA,0.05,1,tumor,custom,NA
205243940065_R07C01,13,37100000,66625000,138,NA,-0.304881796263037,NA,0.05,1,tumor,custom,NA
205125590067_R07C01,13,37350000,66625000,137,NA,-0.297317349427686,NA,0.05,1,tumor,custom,NA
205125590068_R01C01,13,37350000,66625000,137,NA,-0.358212311116581,NA,0.05,1,tumor,custom,NA
205128000076_R07C01,13,37350000,66625000,137,NA,-0.258251380248793,NA,0.05,1,tumor,custom,NA
205243940058_R04C01,13,37350000,66625000,137,NA,-0.399440256925178,NA,0.05,1,tumor,custom,NA
205243940107_R05C01,13,37350000,66625000,137,NA,-0.327821419035538,NA,0.05,1,tumor,custom,NA
205243940046_R04C01,13,39575000,50175000,89,NA,-0.380161947653721,NA,0.05,1,tumor,custom,NA
205122170071_R01C01,13,47725000,61850000,58,NA,-0.485953752438966,NA,0.05,1,tumor,custom,NA
205243940036_R02C01,13,47725000,61850000,58,NA,-0.341051893557549,NA,0.05,1,tumor,custom,NA
205289430139_R07C01,13,47725000,61850000,58,NA,-0.394594693442419,NA,0.05,1,tumor,custom,NA
205243940046_R04C01,13,50325000,74175000,56,NA,0.0138380523462786,NA,0.05,2,tumor,custom,NA
205122170071_R01C01,13,63225000,114327164,233,NA,0.0783462475610341,NA,0.05,2,tumor,custom,NA
205243940036_R02C01,13,63225000,114327164,233,NA,0.0955481064424515,NA,0.05,2,tumor,custom,NA
205289430139_R07C01,13,63225000,114327164,233,NA,0.0791053065575814,NA,0.05,2,tumor,custom,NA
205122170045_R04C01,13,67075000,114327164,229,NA,0.556847176791731,NA,0.05,3,tumor,custom,NA
205125590067_R07C01,13,67075000,110425000,165,NA,0.470082650572314,NA,0.05,3,tumor,custom,NA
205125590068_R01C01,13,67075000,70950000,6,NA,0.0670876888834193,NA,0.05,2,tumor,custom,NA
205128000076_R07C01,13,67075000,110425000,165,NA,0.553348619751207,NA,0.05,3,tumor,custom,NA
205243940058_R04C01,13,67075000,110425000,165,NA,0.476559743074822,NA,0.05,3,tumor,custom,NA
205243940065_R07C01,13,67075000,114327164,229,NA,0.441018203736963,NA,0.05,3,tumor,custom,NA
205243940107_R05C01,13,67075000,113525000,218,NA,0.572678580964462,NA,0.05,3,tumor,custom,NA
205125590021_R02C01,13,69525000,110525000,164,NA,0.443129886635947,NA,0.05,3,tumor,custom,NA
205125590068_R01C01,13,71575000,113575000,213,NA,0.256487688883419,NA,0.05,3,tumor,custom,NA
205243940046_R04C01,13,74400000,97350000,67,NA,0.282638052346279,NA,0.05,3,tumor,custom,NA
205243940046_R04C01,13,97450000,103850000,50,NA,0.0347380523462786,NA,0.05,2,tumor,custom,NA
205243940046_R04C01,13,104875000,109575000,22,NA,0.300638052346279,NA,0.05,3,tumor,custom,NA
205243940046_R04C01,13,109725000,114327164,74,NA,0.0283380523462786,NA,0.05,2,tumor,custom,NA
205125590067_R07C01,13,110475000,114327164,64,NA,0.297482650572314,NA,0.05,3,tumor,custom,NA
205128000076_R07C01,13,110475000,114327164,64,NA,0.338448619751207,NA,0.05,3,tumor,custom,NA
205243940058_R04C01,13,110475000,114327164,64,NA,0.223559743074822,NA,0.05,3,tumor,custom,NA
205125590021_R02C01,13,110575000,114327164,62,NA,0.207329886635947,NA,0.05,3,tumor,custom,NA
205243940107_R05C01,13,113575000,114327164,11,NA,0.144678580964462,NA,0.05,2,tumor,custom,NA
205125590068_R01C01,13,113625000,114327164,10,NA,-0.0244123111165807,NA,0.05,2,tumor,custom,NA
205122170045_R04C01,14,19855857,21650000,23,NA,0.203947176791731,NA,0.05,3,tumor,custom,NA
205122170071_R01C01,14,19855857,71050000,344,NA,0.0196462475610341,NA,0.05,2,tumor,custom,NA
205125590021_R02C01,14,19855857,24525000,59,NA,0.306229886635947,NA,0.05,3,tumor,custom,NA
205125590067_R07C01,14,19855857,57150000,213,NA,0.0623826505723138,NA,0.05,2,tumor,custom,NA
205125590068_R01C01,14,19855857,35450000,106,NA,0.212287688883419,NA,0.05,3,tumor,custom,NA
205128000076_R07C01,14,19855857,57150000,213,NA,0.116248619751207,NA,0.05,2,tumor,custom,NA
205240110063_R01C01,14,19855857,28825000,69,NA,0.253421451295479,NA,0.05,3,tumor,custom,NA
205243940036_R02C01,14,19855857,71050000,344,NA,0.0153481064424515,NA,0.05,2,tumor,custom,NA
205243940046_R04C01,14,19855857,106841859,691,NA,0.00783805234627864,NA,0.05,2,tumor,custom,NA
205243940058_R04C01,14,19855857,57150000,213,NA,0.0179597430748224,NA,0.05,2,tumor,custom,NA
205243940065_R07C01,14,19855857,26375000,65,NA,0.196518203736963,NA,0.05,2,tumor,custom,NA
205243940107_R05C01,14,19855857,21650000,23,NA,0.181778580964462,NA,0.05,2,tumor,custom,NA
205289430139_R07C01,14,19855857,71050000,344,NA,0.00680530655758138,NA,0.05,2,tumor,custom,NA
205122170045_R04C01,14,21775000,22525000,7,NA,0.455547176791731,NA,0.05,3,tumor,custom,NA
205243940107_R05C01,14,21775000,22525000,7,NA,0.458978580964462,NA,0.05,3,tumor,custom,NA
205122170045_R04C01,14,22575000,57150000,183,NA,0.114047176791731,NA,0.05,2,tumor,custom,NA
205243940107_R05C01,14,22575000,24525000,29,NA,0.128878580964462,NA,0.05,2,tumor,custom,NA
205125590021_R02C01,14,24750000,28175000,9,NA,0.594029886635947,NA,0.05,3,tumor,custom,NA
205243940107_R05C01,14,24750000,30400000,15,NA,0.435578580964462,NA,0.05,3,tumor,custom,NA
205243940065_R07C01,14,26675000,30100000,8,NA,0.519418203736963,NA,0.05,3,tumor,custom,NA
205125590021_R02C01,14,28825000,70725000,272,NA,0.131229886635947,NA,0.05,2,tumor,custom,NA
205240110063_R01C01,14,29125000,30575000,6,NA,-0.177278548704521,NA,0.05,2,tumor,custom,NA
205243940065_R07C01,14,30400000,57400000,142,NA,0.0748182037369631,NA,0.05,2,tumor,custom,NA
205243940107_R05C01,14,30575000,57150000,139,NA,0.0548785809644618,NA,0.05,2,tumor,custom,NA
205240110063_R01C01,14,30725000,39575000,52,NA,0.145621451295479,NA,0.05,2,tumor,custom,NA
205125590068_R01C01,14,35650000,37275000,10,NA,-0.0285123111165807,NA,0.05,2,tumor,custom,NA
205125590068_R01C01,14,37475000,38525000,6,NA,-0.262912311116581,NA,0.05,1,tumor,custom,NA
205125590068_R01C01,14,38950000,57150000,91,NA,0.0382876888834193,NA,0.05,2,tumor,custom,NA
205240110063_R01C01,14,40675000,49300000,13,NA,-0.468878548704521,NA,0.05,1,tumor,custom,NA
205240110063_R01C01,14,49575000,58500000,84,NA,-0.250578548704521,NA,0.05,1,tumor,custom,NA
205122170045_R04C01,14,57300000,67750000,91,NA,-0.311452823208269,NA,0.05,1,tumor,custom,NA
205125590067_R07C01,14,57300000,106841859,478,NA,-0.286317349427686,NA,0.05,1,tumor,custom,NA
205125590068_R01C01,14,57300000,76875000,204,NA,-0.303412311116581,NA,0.05,1,tumor,custom,NA
205128000076_R07C01,14,57300000,106841859,478,NA,-0.332851380248793,NA,0.05,1,tumor,custom,NA
205243940058_R04C01,14,57300000,103025000,423,NA,-0.467840256925178,NA,0.05,1,tumor,custom,NA
205243940107_R05C01,14,57300000,106841859,478,NA,-0.400921419035538,NA,0.05,1,tumor,custom,NA
205243940065_R07C01,14,57500000,106841859,476,NA,-0.380481796263037,NA,0.05,1,tumor,custom,NA
205240110063_R01C01,14,58700000,75475000,176,NA,0.159421451295479,NA,0.05,2,tumor,custom,NA
205122170045_R04C01,14,67825000,69200000,18,NA,0.0615471767917314,NA,0.05,2,tumor,custom,NA
205122170045_R04C01,14,69300000,106841859,369,NA,-0.360252823208269,NA,0.05,1,tumor,custom,NA
205125590021_R02C01,14,70775000,72800000,17,NA,0.466329886635947,NA,0.05,3,tumor,custom,NA
205122170071_R01C01,14,71175000,90275000,133,NA,-0.504953752438966,NA,0.05,1,tumor,custom,NA
205243940036_R02C01,14,71175000,90275000,133,NA,-0.372051893557549,NA,0.05,1,tumor,custom,NA
205289430139_R07C01,14,71175000,90275000,133,NA,-0.417894693442419,NA,0.05,1,tumor,custom,NA
205125590021_R02C01,14,72875000,75875000,49,NA,0.180929886635947,NA,0.05,2,tumor,custom,NA
205240110063_R01C01,14,75525000,106841859,291,NA,-0.344678548704521,NA,0.05,1,tumor,custom,NA
205125590021_R02C01,14,76025000,106841859,285,NA,-0.151970113364053,NA,0.05,2,tumor,custom,NA
205125590068_R01C01,14,76925000,77125000,5,NA,-0.0701123111165807,NA,0.05,2,tumor,custom,NA
205125590068_R01C01,14,77175000,106841859,269,NA,-0.316012311116581,NA,0.05,1,tumor,custom,NA
205122170071_R01C01,14,90325000,106841859,214,NA,-0.0179537524389659,NA,0.05,2,tumor,custom,NA
205243940036_R02C01,14,90325000,106841859,214,NA,-0.0283518935575485,NA,0.05,2,tumor,custom,NA
205289430139_R07C01,14,90325000,106841859,214,NA,-0.00889469344241862,NA,0.05,2,tumor,custom,NA
205243940058_R04C01,14,103075000,105925000,49,NA,-0.706140256925178,NA,0.05,1,tumor,custom,NA
205243940058_R04C01,14,106075000,106841859,6,NA,-0.463840256925178,NA,0.05,1,tumor,custom,NA
205122170045_R04C01,15,20232279,24300000,13,NA,-0.0870528232082686,NA,0.05,2,tumor,custom,NA
205122170071_R01C01,15,20232279,101840595,694,NA,-0.00915375243896591,NA,0.05,2,tumor,custom,NA
205125590021_R02C01,15,20232279,101840595,694,NA,0.0320298866359474,NA,0.05,2,tumor,custom,NA
205125590067_R07C01,15,20232279,101550000,691,NA,-0.0603173494276862,NA,0.05,2,tumor,custom,NA
205125590068_R01C01,15,20232279,101840595,694,NA,0.00178768888341925,NA,0.05,2,tumor,custom,NA
205128000076_R07C01,15,20232279,101840595,694,NA,-0.0175513802487933,NA,0.05,2,tumor,custom,NA
205240110063_R01C01,15,20232279,23113437,8,NA,0.0958214512954793,NA,0.05,2,tumor,custom,NA
205243940036_R02C01,15,20232279,101840595,694,NA,-0.0193518935575485,NA,0.05,2,tumor,custom,NA
205243940046_R04C01,15,20232279,101840595,694,NA,0.0254380523462786,NA,0.05,2,tumor,custom,NA
205243940058_R04C01,15,20232279,101840595,694,NA,-0.248640256925178,NA,0.05,1,tumor,custom,NA
205243940065_R07C01,15,20232279,101840595,694,NA,-0.339981796263037,NA,0.05,1,tumor,custom,NA
205243940107_R05C01,15,20232279,101840595,694,NA,-0.0416214190355382,NA,0.05,2,tumor,custom,NA
205289430139_R07C01,15,20232279,101840595,694,NA,-0.0152946934424186,NA,0.05,2,tumor,custom,NA
205240110063_R01C01,15,23438437,28025000,32,NA,-0.201278548704521,NA,0.05,1,tumor,custom,NA
205122170045_R04C01,15,24750000,63950000,303,NA,0.292247176791731,NA,0.05,3,tumor,custom,NA
205240110063_R01C01,15,28075000,101840595,654,NA,0.0667214512954793,NA,0.05,2,tumor,custom,NA
205122170045_R04C01,15,64025000,101840595,378,NA,-0.0123528232082686,NA,0.05,2,tumor,custom,NA
205125590067_R07C01,15,101625000,101840595,3,NA,-0.310717349427686,NA,0.05,1,tumor,custom,NA
205122170045_R04C01,16,55000,33865870,329,NA,-0.466452823208269,NA,0.05,1,tumor,custom,NA
205122170071_R01C01,16,55000,33865870,329,NA,0.0506462475610341,NA,0.05,2,tumor,custom,NA
205125590021_R02C01,16,55000,34892311,330,NA,-0.109870113364053,NA,0.05,2,tumor,custom,NA
205125590067_R07C01,16,55000,33865870,329,NA,-0.385417349427686,NA,0.05,1,tumor,custom,NA
205125590068_R01C01,16,55000,33865870,329,NA,-0.367012311116581,NA,0.05,1,tumor,custom,NA
205128000076_R07C01,16,55000,33865870,329,NA,-0.409151380248793,NA,0.05,1,tumor,custom,NA
205240110063_R01C01,16,55000,6525000,104,NA,-0.0571785487045207,NA,0.05,2,tumor,custom,NA
205243940036_R02C01,16,55000,47975000,347,NA,-0.0954518935575485,NA,0.05,2,tumor,custom,NA
205243940046_R04C01,16,55000,46625000,337,NA,-0.0606619476537214,NA,0.05,2,tumor,custom,NA
205243940058_R04C01,16,55000,33865870,329,NA,-0.588140256925178,NA,0.05,1,tumor,custom,NA
205243940065_R07C01,16,55000,31625000,326,NA,-0.487181796263037,NA,0.05,1,tumor,custom,NA
205243940107_R05C01,16,55000,33865870,329,NA,-0.535321419035538,NA,0.05,1,tumor,custom,NA
205289430139_R07C01,16,55000,48125000,348,NA,-0.0832946934424186,NA,0.05,2,tumor,custom,NA
205240110063_R01C01,16,6950000,11025000,33,NA,-0.495778548704521,NA,0.05,1,tumor,custom,NA
205240110063_R01C01,16,11075000,34892311,193,NA,-0.147878548704521,NA,0.05,2,tumor,custom,NA
205243940065_R07C01,16,31775000,51275000,57,NA,0.123518203736963,NA,0.05,2,tumor,custom,NA
205122170045_R04C01,16,34892311,52550000,60,NA,-0.0703528232082686,NA,0.05,2,tumor,custom,NA
205122170071_R01C01,16,34892311,51900000,57,NA,-0.484353752438966,NA,0.05,1,tumor,custom,NA
205125590067_R07C01,16,34892311,51275000,54,NA,0.118482650572314,NA,0.05,2,tumor,custom,NA
205125590068_R01C01,16,34892311,51275000,54,NA,0.152587688883419,NA,0.05,2,tumor,custom,NA
205128000076_R07C01,16,34892311,51275000,54,NA,-0.0749513802487933,NA,0.05,2,tumor,custom,NA
205243940058_R04C01,16,34892311,51275000,54,NA,-0.0723402569251776,NA,0.05,2,tumor,custom,NA
205243940107_R05C01,16,34892311,51275000,54,NA,0.109778580964462,NA,0.05,2,tumor,custom,NA
205125590021_R02C01,16,35275000,50175000,38,NA,0.571029886635947,NA,0.05,3,tumor,custom,NA
205240110063_R01C01,16,35275000,46900000,11,NA,0.455021451295479,NA,0.05,3,tumor,custom,NA
205243940046_R04C01,16,46675000,90139173,430,NA,-0.415961947653721,NA,0.05,1,tumor,custom,NA
205240110063_R01C01,16,46975000,50175000,27,NA,0.734021451295479,NA,0.05,3,tumor,custom,NA
205243940036_R02C01,16,48125000,54975000,57,NA,-0.359451893557549,NA,0.05,1,tumor,custom,NA
205289430139_R07C01,16,48175000,54975000,56,NA,-0.417794693442419,NA,0.05,1,tumor,custom,NA
205125590021_R02C01,16,50225000,58675000,88,NA,-0.432170113364053,NA,0.05,1,tumor,custom,NA
205240110063_R01C01,16,50225000,50750000,10,NA,-0.357778548704521,NA,0.05,1,tumor,custom,NA
205240110063_R01C01,16,50825000,51675000,7,NA,-0.646078548704521,NA,0.05,1,tumor,custom,NA
205125590067_R07C01,16,51500000,90139173,384,NA,-0.416417349427686,NA,0.05,1,tumor,custom,NA
205125590068_R01C01,16,51500000,85275000,289,NA,-0.333212311116581,NA,0.05,1,tumor,custom,NA
205128000076_R07C01,16,51500000,90139173,384,NA,-0.922051380248793,NA,0.05,1,tumor,custom,NA
205243940058_R04C01,16,51500000,90139173,384,NA,-0.715140256925178,NA,0.05,1,tumor,custom,NA
205243940065_R07C01,16,51500000,59525000,75,NA,-0.431581796263037,NA,0.05,1,tumor,custom,NA
205243940107_R05C01,16,51500000,90139173,384,NA,-0.526921419035538,NA,0.05,1,tumor,custom,NA
205240110063_R01C01,16,51900000,52850000,6,NA,-1.41147854870452,NA,0.05,1,tumor,custom,NA
205122170071_R01C01,16,52150000,52850000,5,NA,-0.889253752438966,NA,0.05,1,tumor,custom,NA
205122170045_R04C01,16,52625000,90139173,378,NA,-0.388152823208269,NA,0.05,1,tumor,custom,NA
205122170071_R01C01,16,53075000,90139173,376,NA,-0.474553752438966,NA,0.05,1,tumor,custom,NA
205240110063_R01C01,16,53075000,58475000,62,NA,-0.695178548704521,NA,0.05,1,tumor,custom,NA
205243940036_R02C01,16,55175000,55825000,7,NA,-0.0409518935575485,NA,0.05,2,tumor,custom,NA
205289430139_R07C01,16,55175000,55725000,6,NA,0.0169053065575814,NA,0.05,2,tumor,custom,NA
205289430139_R07C01,16,55825000,56675000,13,NA,-0.354094693442419,NA,0.05,1,tumor,custom,NA
205243940036_R02C01,16,55900000,56675000,12,NA,-0.362251893557549,NA,0.05,1,tumor,custom,NA
205243940036_R02C01,16,56725000,57925000,22,NA,-0.0834518935575485,NA,0.05,2,tumor,custom,NA
205289430139_R07C01,16,56725000,57925000,22,NA,-0.0463946934424186,NA,0.05,2,tumor,custom,NA
205243940036_R02C01,16,57975000,90139173,322,NA,-0.374051893557549,NA,0.05,1,tumor,custom,NA
205289430139_R07C01,16,57975000,90139173,322,NA,-0.397794693442419,NA,0.05,1,tumor,custom,NA
205240110063_R01C01,16,58550000,63125000,10,NA,-0.282578548704521,NA,0.05,1,tumor,custom,NA
205125590021_R02C01,16,58950000,90139173,311,NA,0.0049298866359474,NA,0.05,2,tumor,custom,NA
205243940065_R07C01,16,60700000,79000000,145,NA,-0.133681796263037,NA,0.05,2,tumor,custom,NA
205240110063_R01C01,16,64000000,90139173,304,NA,0.0152214512954793,NA,0.05,2,tumor,custom,NA
205243940065_R07C01,16,79150000,80525000,9,NA,0.135518203736963,NA,0.05,2,tumor,custom,NA
205243940065_R07C01,16,80575000,84575000,46,NA,-0.199481796263037,NA,0.05,2,tumor,custom,NA
205243940065_R07C01,16,84625000,90139173,109,NA,-0.981281796263037,NA,0.05,1,tumor,custom,NA
205125590068_R01C01,16,85325000,85625000,7,NA,-0.863912311116581,NA,0.05,1,tumor,custom,NA
205125590068_R01C01,16,85675000,90139173,88,NA,-0.395912311116581,NA,0.05,1,tumor,custom,NA
205122170045_R04C01,17,130000,675000,9,NA,-0.0689528232082686,NA,0.05,2,tumor,custom,NA
205122170071_R01C01,17,130000,83148721,905,NA,-0.0416537524389659,NA,0.05,2,tumor,custom,NA
205125590021_R02C01,17,130000,29450000,287,NA,0.251029886635947,NA,0.05,3,tumor,custom,NA
205125590067_R07C01,17,130000,725000,10,NA,0.115582650572314,NA,0.05,2,tumor,custom,NA
205125590068_R01C01,17,130000,725000,10,NA,0.123287688883419,NA,0.05,2,tumor,custom,NA
205128000076_R07C01,17,130000,725000,10,NA,0.117748619751207,NA,0.05,2,tumor,custom,NA
205240110063_R01C01,17,130000,22631840,254,NA,0.366121451295479,NA,0.05,3,tumor,custom,NA
205243940036_R02C01,17,130000,83148721,905,NA,-0.0727518935575485,NA,0.05,2,tumor,custom,NA
205243940046_R04C01,17,130000,7425000,115,NA,-0.0567619476537214,NA,0.05,2,tumor,custom,NA
205243940058_R04C01,17,130000,725000,10,NA,0.00315974307482236,NA,0.05,2,tumor,custom,NA
205243940065_R07C01,17,130000,775000,11,NA,0.0781182037369631,NA,0.05,2,tumor,custom,NA
205243940107_R05C01,17,130000,725000,10,NA,0.0949785809644618,NA,0.05,2,tumor,custom,NA
205289430139_R07C01,17,130000,83148721,905,NA,-0.0590946934424186,NA,0.05,2,tumor,custom,NA
205122170045_R04C01,17,725000,10425000,146,NA,-0.437752823208269,NA,0.05,1,tumor,custom,NA
205125590067_R07C01,17,775000,10425000,145,NA,-0.363517349427686,NA,0.05,1,tumor,custom,NA
205125590068_R01C01,17,775000,10425000,145,NA,-0.353612311116581,NA,0.05,1,tumor,custom,NA
205128000076_R07C01,17,775000,10425000,145,NA,-0.392051380248793,NA,0.05,1,tumor,custom,NA
205243940058_R04C01,17,775000,10250000,144,NA,-0.573740256925178,NA,0.05,1,tumor,custom,NA
205243940107_R05C01,17,775000,10425000,145,NA,-0.517121419035538,NA,0.05,1,tumor,custom,NA
205243940065_R07C01,17,825000,10425000,144,NA,-0.443281796263037,NA,0.05,1,tumor,custom,NA
205243940046_R04C01,17,7475000,9675000,32,NA,-0.380861947653721,NA,0.05,1,tumor,custom,NA
205243940046_R04C01,17,9775000,16375000,44,NA,0.482438052346279,NA,0.05,3,tumor,custom,NA
205243940058_R04C01,17,10425000,16375000,37,NA,0.603359743074822,NA,0.05,3,tumor,custom,NA
205122170045_R04C01,17,10550000,16125000,33,NA,0.710447176791731,NA,0.05,3,tumor,custom,NA
205125590067_R07C01,17,10550000,16125000,33,NA,0.709282650572314,NA,0.05,3,tumor,custom,NA
205125590068_R01C01,17,10550000,16375000,36,NA,0.530087688883419,NA,0.05,3,tumor,custom,NA
205128000076_R07C01,17,10550000,16375000,36,NA,0.678448619751207,NA,0.05,3,tumor,custom,NA
205243940065_R07C01,17,10550000,22631840,99,NA,0.487918203736963,NA,0.05,3,tumor,custom,NA
205243940107_R05C01,17,10550000,16125000,33,NA,0.764178580964462,NA,0.05,3,tumor,custom,NA
205122170045_R04C01,17,16225000,22631840,66,NA,0.497647176791731,NA,0.05,3,tumor,custom,NA
205125590067_R07C01,17,16225000,22631840,66,NA,0.476282650572314,NA,0.05,3,tumor,custom,NA
205243940107_R05C01,17,16225000,22631840,66,NA,0.513178580964462,NA,0.05,3,tumor,custom,NA
205125590068_R01C01,17,16425000,22631840,63,NA,0.352487688883419,NA,0.05,3,tumor,custom,NA
205128000076_R07C01,17,16425000,22631840,63,NA,0.439748619751207,NA,0.05,3,tumor,custom,NA
205243940046_R04C01,17,16425000,21622925,60,NA,0.327338052346279,NA,0.05,3,tumor,custom,NA
205243940058_R04C01,17,16425000,22631840,63,NA,0.363459743074822,NA,0.05,3,tumor,custom,NA
205243940046_R04C01,17,22244705,41875000,174,NA,-0.0457619476537214,NA,0.05,2,tumor,custom,NA
205122170045_R04C01,17,27092990,51325000,313,NA,0.114347176791731,NA,0.05,2,tumor,custom,NA
205125590067_R07C01,17,27092990,49825000,289,NA,0.0820826505723138,NA,0.05,2,tumor,custom,NA
205125590068_R01C01,17,27092990,55200000,322,NA,-0.0489123111165807,NA,0.05,2,tumor,custom,NA
205128000076_R07C01,17,27092990,40625000,149,NA,0.102648619751207,NA,0.05,2,tumor,custom,NA
205240110063_R01C01,17,27092990,32725000,65,NA,0.0342214512954793,NA,0.05,2,tumor,custom,NA
205243940058_R04C01,17,27092990,51325000,313,NA,-0.0201402569251776,NA,0.05,2,tumor,custom,NA
205243940065_R07C01,17,27092990,68400000,449,NA,0.155018203736963,NA,0.05,2,tumor,custom,NA
205243940107_R05C01,17,27092990,55200000,322,NA,-0.0192214190355382,NA,0.05,2,tumor,custom,NA
205125590021_R02C01,17,29575000,83148721,618,NA,-0.141170113364053,NA,0.05,2,tumor,custom,NA
205240110063_R01C01,17,32950000,34850000,12,NA,-0.345878548704521,NA,0.05,1,tumor,custom,NA
205240110063_R01C01,17,35000000,83148721,574,NA,-0.113678548704521,NA,0.05,2,tumor,custom,NA
205128000076_R07C01,17,40700000,41425000,13,NA,0.329248619751207,NA,0.05,3,tumor,custom,NA
205128000076_R07C01,17,41475000,68525000,289,NA,0.127748619751207,NA,0.05,2,tumor,custom,NA
205243940046_R04C01,17,41925000,42875000,19,NA,-0.449961947653721,NA,0.05,1,tumor,custom,NA
205243940046_R04C01,17,42925000,75425000,319,NA,-0.0457619476537214,NA,0.05,2,tumor,custom,NA
205125590067_R07C01,17,49875000,54425000,30,NA,-0.0895173494276862,NA,0.05,2,tumor,custom,NA
205122170045_R04C01,17,51550000,55050000,8,NA,0.307147176791731,NA,0.05,3,tumor,custom,NA
205243940058_R04C01,17,51550000,56225000,18,NA,0.323959743074822,NA,0.05,3,tumor,custom,NA
205125590067_R07C01,17,54925000,55200000,3,NA,0.0918826505723138,NA,0.05,2,tumor,custom,NA
205122170045_R04C01,17,55200000,56225000,10,NA,0.584547176791731,NA,0.05,3,tumor,custom,NA
205125590067_R07C01,17,55275000,56225000,9,NA,0.343982650572314,NA,0.05,3,tumor,custom,NA
205125590068_R01C01,17,55275000,56225000,9,NA,0.396087688883419,NA,0.05,3,tumor,custom,NA
205243940107_R05C01,17,55275000,56425000,10,NA,0.323378580964462,NA,0.05,3,tumor,custom,NA
205122170045_R04C01,17,56425000,60675000,50,NA,0.157447176791731,NA,0.05,2,tumor,custom,NA
205125590067_R07C01,17,56425000,60800000,51,NA,-0.0220173494276862,NA,0.05,2,tumor,custom,NA
205125590068_R01C01,17,56425000,60800000,51,NA,-0.0102123111165807,NA,0.05,2,tumor,custom,NA
205243940058_R04C01,17,56425000,68275000,116,NA,0.0899597430748224,NA,0.05,2,tumor,custom,NA
205243940107_R05C01,17,56650000,68275000,115,NA,0.00617858096446184,NA,0.05,2,tumor,custom,NA
205122170045_R04C01,17,60800000,63075000,18,NA,0.448947176791731,NA,0.05,3,tumor,custom,NA
205125590067_R07C01,17,61025000,63075000,17,NA,0.233482650572314,NA,0.05,3,tumor,custom,NA
205125590068_R01C01,17,61025000,63075000,17,NA,0.282287688883419,NA,0.05,3,tumor,custom,NA
205122170045_R04C01,17,63275000,68225000,47,NA,0.190347176791731,NA,0.05,2,tumor,custom,NA
205125590067_R07C01,17,63275000,65600000,27,NA,-0.129817349427686,NA,0.05,2,tumor,custom,NA
205125590068_R01C01,17,63275000,67625000,42,NA,0.00178768888341925,NA,0.05,2,tumor,custom,NA
205125590067_R07C01,17,65775000,67625000,15,NA,0.107182650572314,NA,0.05,2,tumor,custom,NA
205125590067_R07C01,17,67775000,68325000,7,NA,0.231582650572314,NA,0.05,3,tumor,custom,NA
205125590068_R01C01,17,67775000,68325000,7,NA,0.208387688883419,NA,0.05,3,tumor,custom,NA
205122170045_R04C01,17,68275000,72050000,18,NA,0.620347176791731,NA,0.05,3,tumor,custom,NA
205243940058_R04C01,17,68325000,72050000,17,NA,0.474059743074822,NA,0.05,3,tumor,custom,NA
205243940107_R05C01,17,68325000,73225000,29,NA,0.298378580964462,NA,0.05,3,tumor,custom,NA
205125590067_R07C01,17,68400000,72050000,16,NA,0.408282650572314,NA,0.05,3,tumor,custom,NA
205125590068_R01C01,17,68400000,72225000,17,NA,0.422387688883419,NA,0.05,3,tumor,custom,NA
205243940065_R07C01,17,68475000,72225000,16,NA,0.488718203736963,NA,0.05,3,tumor,custom,NA
205128000076_R07C01,17,68625000,72050000,13,NA,0.507748619751207,NA,0.05,3,tumor,custom,NA
205122170045_R04C01,17,72225000,74675000,31,NA,0.397847176791731,NA,0.05,3,tumor,custom,NA
205125590067_R07C01,17,72225000,83148721,187,NA,0.114882650572314,NA,0.05,2,tumor,custom,NA
205128000076_R07C01,17,72225000,83148721,187,NA,0.0791486197512067,NA,0.05,2,tumor,custom,NA
205243940058_R04C01,17,72225000,83148721,187,NA,-0.00294025692517763,NA,0.05,2,tumor,custom,NA
205125590068_R01C01,17,72375000,74725000,31,NA,0.227487688883419,NA,0.05,3,tumor,custom,NA
205243940065_R07C01,17,72375000,83148721,186,NA,0.127918203736963,NA,0.05,2,tumor,custom,NA
205243940107_R05C01,17,73275000,83148721,175,NA,-0.100321419035538,NA,0.05,2,tumor,custom,NA
205122170045_R04C01,17,74725000,83148721,156,NA,0.164147176791731,NA,0.05,2,tumor,custom,NA
205125590068_R01C01,17,74775000,83148721,155,NA,0.0480876888834193,NA,0.05,2,tumor,custom,NA
205243940046_R04C01,17,75475000,75875000,9,NA,-0.434361947653721,NA,0.05,1,tumor,custom,NA
205243940046_R04C01,17,75925000,77275000,24,NA,-0.0713619476537214,NA,0.05,2,tumor,custom,NA
205243940046_R04C01,17,77325000,80325000,56,NA,-0.406561947653721,NA,0.05,1,tumor,custom,NA
205243940046_R04C01,17,80375000,80675000,6,NA,-0.102261947653721,NA,0.05,2,tumor,custom,NA
205243940046_R04C01,17,80725000,83148721,47,NA,-0.409661947653721,NA,0.05,1,tumor,custom,NA
205122170045_R04C01,18,130000,37775000,184,NA,0.233547176791731,NA,0.05,3,tumor,custom,NA
205122170071_R01C01,18,130000,80231643,404,NA,0.0350462475610341,NA,0.05,2,tumor,custom,NA
205125590021_R02C01,18,130000,80231643,404,NA,0.0784298866359474,NA,0.05,2,tumor,custom,NA
205125590067_R07C01,18,130000,80231643,404,NA,0.209182650572314,NA,0.05,3,tumor,custom,NA
205125590068_R01C01,18,130000,80231643,404,NA,0.232987688883419,NA,0.05,3,tumor,custom,NA
205128000076_R07C01,18,130000,80231643,404,NA,0.238748619751207,NA,0.05,3,tumor,custom,NA
205240110063_R01C01,18,130000,13825000,93,NA,0.137621451295479,NA,0.05,2,tumor,custom,NA
205243940036_R02C01,18,130000,80231643,404,NA,0.0465481064424515,NA,0.05,2,tumor,custom,NA
205243940046_R04C01,18,130000,80231643,404,NA,0.00923805234627864,NA,0.05,2,tumor,custom,NA
205243940058_R04C01,18,130000,80231643,404,NA,0.139559743074822,NA,0.05,2,tumor,custom,NA
205243940065_R07C01,18,130000,79975000,399,NA,0.214718203736963,NA,0.05,3,tumor,custom,NA
205243940107_R05C01,18,130000,80231643,404,NA,0.0355785809644618,NA,0.05,2,tumor,custom,NA
205289430139_R07C01,18,130000,80231643,404,NA,0.0403053065575814,NA,0.05,2,tumor,custom,NA
205240110063_R01C01,18,13875000,22475000,15,NA,-0.149878548704521,NA,0.05,2,tumor,custom,NA
205240110063_R01C01,18,22725000,23675000,11,NA,0.164821451295479,NA,0.05,2,tumor,custom,NA
205240110063_R01C01,18,23775000,31200000,26,NA,-0.373378548704521,NA,0.05,1,tumor,custom,NA
205240110063_R01C01,18,31375000,33075000,11,NA,0.0730214512954793,NA,0.05,2,tumor,custom,NA
205240110063_R01C01,18,33475000,37025000,22,NA,-0.281378548704521,NA,0.05,1,tumor,custom,NA
205240110063_R01C01,18,37275000,63425000,134,NA,-0.643878548704521,NA,0.05,1,tumor,custom,NA
205122170045_R04C01,18,38575000,44350000,9,NA,0.469647176791731,NA,0.05,3,tumor,custom,NA
205122170045_R04C01,18,44675000,80231643,211,NA,0.267747176791731,NA,0.05,3,tumor,custom,NA
205240110063_R01C01,18,63500000,66425000,11,NA,-1.11067854870452,NA,0.05,1,tumor,custom,NA
205240110063_R01C01,18,67325000,70400000,11,NA,-0.558678548704521,NA,0.05,1,tumor,custom,NA
205240110063_R01C01,18,70725000,74225000,7,NA,-0.981878548704521,NA,0.05,1,tumor,custom,NA
205240110063_R01C01,18,74275000,77250000,28,NA,-0.501878548704521,NA,0.05,1,tumor,custom,NA
205240110063_R01C01,18,77475000,78925000,12,NA,-0.806378548704521,NA,0.05,1,tumor,custom,NA
205240110063_R01C01,18,78975000,79925000,17,NA,-0.420478548704521,NA,0.05,1,tumor,custom,NA
205240110063_R01C01,18,79975000,80231643,6,NA,-0.0590785487045207,NA,0.05,2,tumor,custom,NA
205243940065_R07C01,18,80025000,80231643,5,NA,-0.375681796263037,NA,0.05,1,tumor,custom,NA
205122170045_R04C01,19,180000,43775000,544,NA,-0.00295282320826862,NA,0.05,2,tumor,custom,NA
205122170071_R01C01,19,180000,4125000,78,NA,0.0772462475610341,NA,0.05,2,tumor,custom,NA
205125590021_R02C01,19,180000,58578808,796,NA,-0.0316701133640526,NA,0.05,2,tumor,custom,NA
205125590067_R07C01,19,180000,19725000,332,NA,0.0179826505723138,NA,0.05,2,tumor,custom,NA
205125590068_R01C01,19,180000,58578808,796,NA,-0.0446123111165807,NA,0.05,2,tumor,custom,NA
205128000076_R07C01,19,180000,43775000,544,NA,0.00574861975120667,NA,0.05,2,tumor,custom,NA
205240110063_R01C01,19,180000,58578808,796,NA,-0.0327785487045207,NA,0.05,2,tumor,custom,NA
205243940036_R02C01,19,180000,34375000,403,NA,-0.149551893557549,NA,0.05,2,tumor,custom,NA
205243940046_R04C01,19,180000,42325000,531,NA,-0.0152619476537214,NA,0.05,2,tumor,custom,NA
205243940058_R04C01,19,180000,58578808,796,NA,-0.226640256925178,NA,0.05,1,tumor,custom,NA
205243940065_R07C01,19,180000,53575000,713,NA,-0.0415817962630369,NA,0.05,2,tumor,custom,NA
205243940107_R05C01,19,180000,43775000,544,NA,-0.0412214190355382,NA,0.05,2,tumor,custom,NA
205289430139_R07C01,19,180000,34375000,403,NA,-0.112194693442419,NA,0.05,2,tumor,custom,NA
205122170071_R01C01,19,4175000,14600000,166,NA,-0.346353752438966,NA,0.05,1,tumor,custom,NA
205122170071_R01C01,19,14700000,15050000,6,NA,-0.973453752438966,NA,0.05,1,tumor,custom,NA
205122170071_R01C01,19,15125000,16425000,21,NA,-0.491653752438966,NA,0.05,1,tumor,custom,NA
205122170071_R01C01,19,16475000,18025000,29,NA,-0.159353752438966,NA,0.05,2,tumor,custom,NA
205122170071_R01C01,19,18075000,19800000,33,NA,0.210346247561034,NA,0.05,3,tumor,custom,NA
205125590067_R07C01,19,19800000,22550000,13,NA,0.200682650572314,NA,0.05,3,tumor,custom,NA
205122170071_R01C01,19,20000000,34425000,71,NA,-0.109953752438966,NA,0.05,2,tumor,custom,NA
205125590067_R07C01,19,22725000,51800000,344,NA,-0.0141173494276862,NA,0.05,2,tumor,custom,NA
205243940036_R02C01,19,34425000,53575000,310,NA,-0.484251893557549,NA,0.05,1,tumor,custom,NA
205289430139_R07C01,19,34425000,58578808,393,NA,-0.490494693442419,NA,0.05,1,tumor,custom,NA
205122170071_R01C01,19,34500000,58578808,392,NA,-0.517553752438966,NA,0.05,1,tumor,custom,NA
205243940046_R04C01,19,42375000,49525000,115,NA,-0.447361947653721,NA,0.05,1,tumor,custom,NA
205122170045_R04C01,19,43850000,44450000,11,NA,0.255547176791731,NA,0.05,3,tumor,custom,NA
205128000076_R07C01,19,43850000,44450000,11,NA,0.225148619751207,NA,0.05,3,tumor,custom,NA
205243940107_R05C01,19,43850000,44450000,11,NA,0.237078580964462,NA,0.05,3,tumor,custom,NA
205122170045_R04C01,19,44550000,58578808,241,NA,0.0131471767917314,NA,0.05,2,tumor,custom,NA
205128000076_R07C01,19,44550000,58225000,234,NA,-0.00605138024879334,NA,0.05,2,tumor,custom,NA
205243940107_R05C01,19,44550000,58578808,241,NA,-0.0334214190355382,NA,0.05,2,tumor,custom,NA
205243940046_R04C01,19,49575000,57875000,137,NA,-0.0875619476537214,NA,0.05,2,tumor,custom,NA
205125590067_R07C01,19,51875000,52125000,5,NA,0.175482650572314,NA,0.05,2,tumor,custom,NA
205125590067_R07C01,19,52200000,58578808,102,NA,-0.0308173494276862,NA,0.05,2,tumor,custom,NA
205243940036_R02C01,19,53625000,53875000,5,NA,-0.760651893557549,NA,0.05,1,tumor,custom,NA
205243940065_R07C01,19,53625000,54075000,8,NA,-0.536481796263037,NA,0.05,1,tumor,custom,NA
205243940036_R02C01,19,53925000,58578808,78,NA,-0.454551893557549,NA,0.05,1,tumor,custom,NA
205243940065_R07C01,19,54125000,58578808,75,NA,-0.118781796263037,NA,0.05,2,tumor,custom,NA
205243940046_R04C01,19,57950000,58578808,13,NA,-0.441361947653721,NA,0.05,1,tumor,custom,NA
205128000076_R07C01,19,58275000,58578808,7,NA,-0.545751380248793,NA,0.05,1,tumor,custom,NA
205122170045_R04C01,20,158168,64292084,559,NA,0.268147176791731,NA,0.05,3,tumor,custom,NA
205122170071_R01C01,20,158168,62575000,525,NA,-0.0117537524389659,NA,0.05,2,tumor,custom,NA
205125590021_R02C01,20,158168,6300000,74,NA,-0.0870701133640526,NA,0.05,2,tumor,custom,NA
205125590067_R07C01,20,158168,64292084,559,NA,0.235782650572314,NA,0.05,3,tumor,custom,NA
205125590068_R01C01,20,158168,1925000,26,NA,0.0257876888834193,NA,0.05,2,tumor,custom,NA
205128000076_R07C01,20,158168,52175000,426,NA,0.265948619751207,NA,0.05,3,tumor,custom,NA
205240110063_R01C01,20,158168,64292084,559,NA,0.0422214512954793,NA,0.05,2,tumor,custom,NA
205243940036_R02C01,20,158168,64292084,559,NA,-0.0307518935575485,NA,0.05,2,tumor,custom,NA
205243940046_R04C01,20,158168,2825000,39,NA,-0.0357619476537214,NA,0.05,2,tumor,custom,NA
205243940058_R04C01,20,158168,30256738,182,NA,-0.135940256925178,NA,0.05,2,tumor,custom,NA
205243940065_R07C01,20,158168,64292084,559,NA,0.174418203736963,NA,0.05,2,tumor,custom,NA
205243940107_R05C01,20,158168,64292084,559,NA,0.310578580964462,NA,0.05,3,tumor,custom,NA
205289430139_R07C01,20,158168,64292084,559,NA,-0.0262946934424186,NA,0.05,2,tumor,custom,NA
205125590068_R01C01,20,2025000,8400000,54,NA,-0.301712311116581,NA,0.05,1,tumor,custom,NA
205243940046_R04C01,20,2925000,9125000,43,NA,-0.411561947653721,NA,0.05,1,tumor,custom,NA
205125590021_R02C01,20,6600000,16450000,38,NA,0.447829886635947,NA,0.05,3,tumor,custom,NA
205125590068_R01C01,20,8825000,30256738,102,NA,0.0497876888834193,NA,0.05,2,tumor,custom,NA
205243940046_R04C01,20,9350000,17825000,40,NA,-0.204261947653721,NA,0.05,1,tumor,custom,NA
205125590021_R02C01,20,16625000,52175000,314,NA,0.149529886635947,NA,0.05,2,tumor,custom,NA
205243940046_R04C01,20,17900000,57375000,338,NA,-0.0131619476537214,NA,0.05,2,tumor,custom,NA
205125590068_R01C01,20,31255813,64292084,377,NA,0.283387688883419,NA,0.05,3,tumor,custom,NA
205243940058_R04C01,20,31255813,52175000,244,NA,0.191259743074822,NA,0.05,2,tumor,custom,NA
205125590021_R02C01,20,52425000,54100000,12,NA,0.521929886635947,NA,0.05,3,tumor,custom,NA
205128000076_R07C01,20,52425000,55300000,16,NA,0.561048619751207,NA,0.05,3,tumor,custom,NA
205243940058_R04C01,20,52425000,55300000,16,NA,0.422059743074822,NA,0.05,3,tumor,custom,NA
205125590021_R02C01,20,54175000,64292084,121,NA,0.181029886635947,NA,0.05,2,tumor,custom,NA
205128000076_R07C01,20,56100000,64292084,117,NA,0.288848619751207,NA,0.05,3,tumor,custom,NA
205243940058_R04C01,20,56100000,64292084,117,NA,0.0989597430748224,NA,0.05,2,tumor,custom,NA
205243940046_R04C01,20,57425000,64292084,99,NA,-0.400761947653721,NA,0.05,1,tumor,custom,NA
205122170071_R01C01,20,62625000,63625000,21,NA,-0.461453752438966,NA,0.05,1,tumor,custom,NA
205122170071_R01C01,20,63675000,63925000,6,NA,-0.0322537524389659,NA,0.05,2,tumor,custom,NA
205122170071_R01C01,20,63975000,64292084,7,NA,-0.402953752438966,NA,0.05,1,tumor,custom,NA
205122170045_R04C01,21,10569444,46674992,240,NA,0.0116471767917314,NA,0.05,2,tumor,custom,NA
205122170071_R01C01,21,10569444,46674992,240,NA,0.0141462475610341,NA,0.05,2,tumor,custom,NA
205125590021_R02C01,21,10569444,46674992,240,NA,-0.0598701133640526,NA,0.05,2,tumor,custom,NA
205125590067_R07C01,21,10569444,44150000,195,NA,-0.293217349427686,NA,0.05,1,tumor,custom,NA
205125590068_R01C01,21,10569444,18000000,20,NA,0.0567876888834193,NA,0.05,2,tumor,custom,NA
205128000076_R07C01,21,10569444,46674992,240,NA,-0.281151380248793,NA,0.05,1,tumor,custom,NA
205240110063_R01C01,21,10569444,20025000,23,NA,-0.764478548704521,NA,0.05,1,tumor,custom,NA
205243940036_R02C01,21,10569444,46674992,240,NA,0.0318481064424515,NA,0.05,2,tumor,custom,NA
205243940046_R04C01,21,10569444,46674992,240,NA,-0.0171619476537214,NA,0.05,2,tumor,custom,NA
205243940058_R04C01,21,10569444,46674992,240,NA,-0.274640256925178,NA,0.05,1,tumor,custom,NA
205243940065_R07C01,21,10569444,46674992,240,NA,0.00431820373696308,NA,0.05,2,tumor,custom,NA
205243940107_R05C01,21,10569444,46674992,240,NA,-0.0645214190355382,NA,0.05,2,tumor,custom,NA
205289430139_R07C01,21,10569444,46674992,240,NA,0.0246053065575814,NA,0.05,2,tumor,custom,NA
205125590068_R01C01,21,18350000,46674992,220,NA,-0.245612311116581,NA,0.05,1,tumor,custom,NA
205240110063_R01C01,21,21325000,29975000,28,NA,-0.0778785487045207,NA,0.05,2,tumor,custom,NA
205240110063_R01C01,21,30175000,31125000,7,NA,-0.528378548704521,NA,0.05,1,tumor,custom,NA
205240110063_R01C01,21,31300000,46375000,176,NA,-0.0734785487045207,NA,0.05,2,tumor,custom,NA
205125590067_R07C01,21,44275000,46125000,34,NA,-0.586817349427686,NA,0.05,1,tumor,custom,NA
205125590067_R07C01,21,46175000,46674992,11,NA,-0.783717349427686,NA,0.05,1,tumor,custom,NA
205240110063_R01C01,21,46425000,46674992,6,NA,0.258921451295479,NA,0.05,3,tumor,custom,NA
205122170045_R04C01,22,16557005,50754234,432,NA,-0.0840528232082686,NA,0.05,2,tumor,custom,NA
205122170071_R01C01,22,16557005,50754234,432,NA,-0.207153752438966,NA,0.05,1,tumor,custom,NA
205125590021_R02C01,22,16557005,50754234,432,NA,-0.0293701133640526,NA,0.05,2,tumor,custom,NA
205125590067_R07C01,22,16557005,50754234,432,NA,-0.0737173494276862,NA,0.05,2,tumor,custom,NA
205125590068_R01C01,22,16557005,50754234,432,NA,-0.0442123111165807,NA,0.05,2,tumor,custom,NA
205128000076_R07C01,22,16557005,50754234,432,NA,-0.0542513802487933,NA,0.05,2,tumor,custom,NA
205240110063_R01C01,22,16557005,50754234,432,NA,0.138921451295479,NA,0.05,2,tumor,custom,NA
205243940036_R02C01,22,16557005,50754234,432,NA,-0.0754518935575485,NA,0.05,2,tumor,custom,NA
205243940046_R04C01,22,16557005,31275000,168,NA,-0.0477619476537214,NA,0.05,2,tumor,custom,NA
205243940058_R04C01,22,16557005,49875000,416,NA,-0.231040256925178,NA,0.05,1,tumor,custom,NA
205243940065_R07C01,22,16557005,50754234,432,NA,-0.0704817962630369,NA,0.05,2,tumor,custom,NA
205243940107_R05C01,22,16557005,50754234,432,NA,-0.145621419035538,NA,0.05,2,tumor,custom,NA
205289430139_R07C01,22,16557005,50754234,432,NA,-0.0519946934424186,NA,0.05,2,tumor,custom,NA
205243940046_R04C01,22,31325000,50754234,264,NA,-0.272861947653721,NA,0.05,1,tumor,custom,NA
205243940058_R04C01,22,49925000,50754234,16,NA,-0.598740256925178,NA,0.05,1,tumor,custom,NA
205122170045_R04C01,X,2518744,42425000,135,NA,-0.629752823208269,NA,0.05,1,tumor,custom,NA
205122170071_R01C01,X,2518744,73475000,251,NA,0.340846247561034,NA,0.05,3,tumor,custom,NA
205125590021_R02C01,X,2518744,18375000,60,NA,-0.0305701133640526,NA,0.05,2,tumor,custom,NA
205125590067_R07C01,X,2518744,42425000,135,NA,-0.454717349427686,NA,0.05,1,tumor,custom,NA
205125590068_R01C01,X,2518744,42425000,135,NA,-0.521412311116581,NA,0.05,1,tumor,custom,NA
205128000076_R07C01,X,2518744,42425000,135,NA,-0.582051380248793,NA,0.05,1,tumor,custom,NA
205240110063_R01C01,X,2518744,18375000,60,NA,-0.669978548704521,NA,0.05,1,tumor,custom,NA
205243940036_R02C01,X,2518744,155640448,478,NA,0.402448106442451,NA,0.05,3,tumor,custom,NA
205243940046_R04C01,X,2518744,58052790,208,NA,0.366938052346279,NA,0.05,3,tumor,custom,NA
205243940058_R04C01,X,2518744,42425000,135,NA,-0.791040256925178,NA,0.05,1,tumor,custom,NA
205243940065_R07C01,X,2518744,42425000,135,NA,-0.347181796263037,NA,0.05,1,tumor,custom,NA
205243940107_R05C01,X,2518744,42425000,135,NA,-0.669621419035538,NA,0.05,1,tumor,custom,NA
205289430139_R07C01,X,2518744,155640448,478,NA,0.489105306557581,NA,0.05,3,tumor,custom,NA
205125590021_R02C01,X,18525000,76200000,198,NA,0.451729886635947,NA,0.05,3,tumor,custom,NA
205240110063_R01C01,X,18525000,30250000,32,NA,-0.0990785487045207,NA,0.05,2,tumor,custom,NA
205240110063_R01C01,X,30425000,53525000,103,NA,0.192721451295479,NA,0.05,2,tumor,custom,NA
205122170045_R04C01,X,43300000,63106271,74,NA,0.848247176791731,NA,0.05,3,tumor,custom,NA
205125590067_R07C01,X,43300000,63106271,74,NA,1.02668265057231,NA,0.05,3,tumor,custom,NA
205125590068_R01C01,X,43300000,63106271,74,NA,0.940287688883419,NA,0.05,3,tumor,custom,NA
205128000076_R07C01,X,43300000,63106271,74,NA,0.867848619751207,NA,0.05,3,tumor,custom,NA
205243940058_R04C01,X,43300000,63106271,74,NA,0.818959743074822,NA,0.05,3,tumor,custom,NA
205243940065_R07C01,X,43300000,63106271,74,NA,1.20101820373696,NA,0.05,3,tumor,custom,NA
205243940107_R05C01,X,43300000,63106271,74,NA,0.828378580964462,NA,0.05,3,tumor,custom,NA
205240110063_R01C01,X,53825000,76200000,63,NA,0.468221451295479,NA,0.05,3,tumor,custom,NA
205243940046_R04C01,X,63106271,147925000,220,NA,0.0917380523462786,NA,0.05,2,tumor,custom,NA
205122170045_R04C01,X,63975000,138125000,206,NA,-0.674852823208269,NA,0.05,1,tumor,custom,NA
205125590067_R07C01,X,63975000,138125000,206,NA,-0.461117349427686,NA,0.05,1,tumor,custom,NA
205125590068_R01C01,X,63975000,138125000,206,NA,-0.557112311116581,NA,0.05,1,tumor,custom,NA
205128000076_R07C01,X,63975000,138125000,206,NA,-0.653251380248793,NA,0.05,1,tumor,custom,NA
205243940058_R04C01,X,63975000,138125000,206,NA,-0.860740256925178,NA,0.05,1,tumor,custom,NA
205243940065_R07C01,X,63975000,138125000,206,NA,-0.402781796263037,NA,0.05,1,tumor,custom,NA
205243940107_R05C01,X,63975000,119625000,143,NA,-0.685621419035538,NA,0.05,1,tumor,custom,NA
205122170071_R01C01,X,73825000,155640448,227,NA,0.0304462475610341,NA,0.05,2,tumor,custom,NA
205125590021_R02C01,X,77250000,125450000,109,NA,-0.289070113364053,NA,0.05,1,tumor,custom,NA
205240110063_R01C01,X,77250000,104200000,44,NA,-0.744078548704521,NA,0.05,1,tumor,custom,NA
205240110063_R01C01,X,104400000,109600000,21,NA,-1.02207854870452,NA,0.05,1,tumor,custom,NA
205240110063_R01C01,X,109850000,125450000,44,NA,-0.555378548704521,NA,0.05,1,tumor,custom,NA
205243940107_R05C01,X,119700000,120050000,5,NA,-1.08752141903554,NA,0.05,1,tumor,custom,NA
205243940107_R05C01,X,120200000,138125000,58,NA,-0.722221419035538,NA,0.05,1,tumor,custom,NA
205125590021_R02C01,X,127775000,155640448,111,NA,0.505929886635947,NA,0.05,3,tumor,custom,NA
205240110063_R01C01,X,127775000,155640448,111,NA,0.567221451295479,NA,0.05,3,tumor,custom,NA
205122170045_R04C01,X,138950000,152875000,34,NA,1.07564717679173,NA,0.05,3,tumor,custom,NA
205125590067_R07C01,X,138950000,152875000,34,NA,1.18338265057231,NA,0.05,3,tumor,custom,NA
205125590068_R01C01,X,138950000,152875000,34,NA,0.956887688883419,NA,0.05,3,tumor,custom,NA
205128000076_R07C01,X,138950000,152875000,34,NA,0.984348619751207,NA,0.05,3,tumor,custom,NA
205243940058_R04C01,X,138950000,152875000,34,NA,0.894959743074822,NA,0.05,3,tumor,custom,NA
205243940065_R07C01,X,138950000,152875000,34,NA,1.26311820373696,NA,0.05,3,tumor,custom,NA
205243940107_R05C01,X,138950000,152875000,34,NA,1.13627858096446,NA,0.05,3,tumor,custom,NA
205243940046_R04C01,X,148225000,155640448,50,NA,-0.0925619476537214,NA,0.05,2,tumor,custom,NA
205122170045_R04C01,X,152925000,154625000,24,NA,0.754947176791731,NA,0.05,3,tumor,custom,NA
205125590067_R07C01,X,152925000,154775000,25,NA,0.822282650572314,NA,0.05,3,tumor,custom,NA
205125590068_R01C01,X,152925000,154625000,24,NA,0.679787688883419,NA,0.05,3,tumor,custom,NA
205128000076_R07C01,X,152925000,154625000,24,NA,0.670948619751207,NA,0.05,3,tumor,custom,NA
205243940058_R04C01,X,152925000,154625000,24,NA,0.557759743074822,NA,0.05,3,tumor,custom,NA
205243940065_R07C01,X,152925000,154625000,24,NA,0.885718203736963,NA,0.05,3,tumor,custom,NA
205243940107_R05C01,X,152925000,154625000,24,NA,0.785678580964462,NA,0.05,3,tumor,custom,NA
205122170045_R04C01,X,154775000,155640448,5,NA,1.03804717679173,NA,0.05,3,tumor,custom,NA
205125590068_R01C01,X,154775000,155640448,5,NA,0.981287688883419,NA,0.05,3,tumor,custom,NA
205128000076_R07C01,X,154775000,155640448,5,NA,1.02304861975121,NA,0.05,3,tumor,custom,NA
205243940058_R04C01,X,154775000,155640448,5,NA,0.903059743074822,NA,0.05,3,tumor,custom,NA
205243940065_R07C01,X,154775000,155640448,5,NA,1.24051820373696,NA,0.05,3,tumor,custom,NA
205243940107_R05C01,X,154775000,155640448,5,NA,1.14307858096446,NA,0.05,3,tumor,custom,NA
205125590067_R07C01,X,154900000,155640448,4,NA,1.24248265057231,NA,0.05,3,tumor,custom,NA
205122170045_R04C01,Y,4518744,21244771,13,NA,-4.20335282320827,NA,0.05,1,tumor,custom,NA
205122170071_R01C01,Y,4518744,21244771,13,NA,-3.42375375243897,NA,0.05,1,tumor,custom,NA
205125590021_R02C01,Y,4518744,21244771,13,NA,-4.28757011336405,NA,0.05,1,tumor,custom,NA
205125590067_R07C01,Y,4518744,21244771,13,NA,-3.83541734942769,NA,0.05,1,tumor,custom,NA
205125590068_R01C01,Y,4518744,21244771,13,NA,-4.00341231111658,NA,0.05,1,tumor,custom,NA
205128000076_R07C01,Y,4518744,21244771,13,NA,-4.50175138024879,NA,0.05,1,tumor,custom,NA
205240110063_R01C01,Y,4518744,21244771,13,NA,-3.63067854870452,NA,0.05,1,tumor,custom,NA
205243940036_R02C01,Y,4518744,21244771,13,NA,-4.03535189355755,NA,0.05,1,tumor,custom,NA
205243940046_R04C01,Y,4518744,21244771,13,NA,-4.27216194765372,NA,0.05,1,tumor,custom,NA
205243940058_R04C01,Y,4518744,21244771,13,NA,-4.58804025692518,NA,0.05,1,tumor,custom,NA
205243940065_R07C01,Y,4518744,21244771,13,NA,-3.39688179626304,NA,0.05,1,tumor,custom,NA
205243940107_R05C01,Y,4518744,21244771,13,NA,-4.04122141903554,NA,0.05,1,tumor,custom,NA
205289430139_R07C01,Y,4518744,21244771,13,NA,-3.65249469344242,NA,0.05,1,tumor,custom,NA
