,205122170045_R04C01,205122170071_R01C01,205125590021_R02C01,205125590067_R07C01,205125590068_R01C01,205128000076_R07C01,205240110063_R01C01,205243940036_R02C01,205243940046_R04C01,205243940058_R04C01,205243940065_R07C01,205243940107_R05C01,205289430139_R07C01
chr1:717994-114350000,2,2,2,2,2,2,2,2,1,2,2,2,2
chr1:717994-65475000,2,2,2,2,2,2,2,2,2,2,2,2,2
chr1:717994-65350000,2,2,2,2,2,2,2,2,2,2,2,2,2
chr1:717994-38625000,2,1,2,2,2,2,2,1,2,2,2,2,1
chr1:717994-1475000,1,2,2,1,1,1,2,2,2,1,1,1,2
chr1:1525000-248923211,2,2,2,2,2,2,2,2,2,2,3,2,2
chr1:1525000-55025000,2,2,2,2,2,2,2,2,2,2,2,2,2
chr1:1525000-18975000,2,2,2,2,2,2,2,2,2,2,2,2,2
chr1:1525000-10475000,2,2,2,2,2,1,2,2,2,2,2,2,2
chr1:1525000-6525000,2,2,2,2,2,2,2,2,2,2,2,2,2
chr1:1525000-3775000,2,2,2,2,2,2,2,2,2,1,2,2,2
chr1:3825000-248923211,2,2,2,2,2,2,2,2,2,2,2,2,2
chr1:3825000-227625000,2,2,2,2,2,2,2,2,2,2,2,2,2
chr1:6575000-248923211,2,2,2,2,2,2,2,2,2,2,2,2,2
chr1:10550000-55025000,2,2,2,2,2,2,2,2,2,2,2,2,2
chr1:19025000-55025000,2,2,2,2,2,2,2,2,2,2,2,2,2
chr1:38750000-208300000,2,3,2,2,2,2,2,2,2,2,2,2,2
chr1:38750000-186400000,2,2,2,2,2,2,2,2,2,2,2,2,2
chr1:38750000-108775000,2,2,2,2,2,2,2,2,2,2,2,2,3
chr1:55125000-248923211,2,2,2,2,2,2,2,2,2,2,2,2,2
chr1:55125000-235225000,3,2,2,2,2,2,2,2,2,2,2,2,2
chr1:65475000-108925000,2,2,2,2,2,2,3,2,2,2,2,2,2
chr1:65900000-108775000,2,2,3,2,2,2,2,2,2,2,2,2,2
chr1:108925000-248923211,2,2,2,2,2,2,2,2,2,2,2,2,2
chr1:108925000-109175000,2,2,2,2,2,2,2,2,2,2,2,2,1
chr1:109025000-119500000,2,2,2,2,2,2,1,2,2,2,2,2,2
chr1:109225000-186400000,2,2,2,2,2,2,2,2,2,2,2,2,2
chr1:114600000-248923211,2,2,2,2,2,2,2,2,2,2,2,2,2
chr1:119650000-121063230,2,2,2,2,2,2,3,2,2,2,2,2,2
chr1:143442294-152225000,2,2,2,2,2,2,2,2,2,2,2,2,2
chr1:152325000-153450000,2,2,2,2,2,2,1,2,2,2,2,2,2
chr1:153525000-247350000,2,2,2,2,2,2,2,2,2,2,2,2,2
chr1:186550000-200625000,2,2,2,2,2,2,2,3,2,2,2,2,2
chr1:186550000-199550000,2,2,2,2,2,2,2,2,2,2,2,2,3
chr1:199850000-208300000,2,2,2,2,2,2,2,2,2,2,2,2,2
chr1:200675000-208300000,2,2,2,2,2,2,2,2,2,2,2,2,2
chr1:208500000-248923211,2,2,2,2,2,2,2,1,2,2,2,2,1
chr1:208500000-247350000,2,1,2,2,2,2,2,2,2,2,2,2,2
chr1:227725000-228654182,2,2,2,2,2,2,2,2,2,1,2,2,2
chr1:228725000-248923211,2,2,2,2,2,2,2,2,2,2,2,2,2
chr1:235350000-248923211,2,2,2,2,2,2,2,2,2,2,2,2,2
chr1:247425000-248923211,2,2,2,2,2,2,1,2,2,2,2,2,2
chr1:247425000-248525000,2,1,2,2,2,2,2,2,2,2,2,2,2
chr1:248675000-248923211,2,1,2,2,2,2,2,2,2,2,2,2,2
chr2:105000-226875000,2,2,2,2,2,2,2,2,2,2,2,2,2
chr2:105000-156350000,2,2,2,2,2,2,2,2,2,2,2,2,2
chr2:105000-156050000,2,2,2,2,2,2,2,2,2,2,2,2,2
chr2:105000-155250000,2,2,2,2,2,2,2,2,2,2,2,2,2
chr2:105000-55950000,2,2,2,2,2,2,2,2,2,2,2,2,2
chr2:105000-46825000,2,1,2,2,2,2,2,1,2,2,2,2,1
chr2:105000-43025000,2,2,2,2,2,2,2,2,2,2,2,2,2
chr2:105000-17875000,2,2,2,2,2,1,2,2,2,2,2,2,2
chr2:105000-3675000,1,2,2,2,2,2,2,2,2,2,2,2,2
chr2:105000-1325000,2,2,2,1,2,2,2,2,2,2,2,2,2
chr2:1425000-36525000,2,2,2,2,2,2,2,2,2,2,2,2,2
chr2:3725000-156050000,2,2,2,2,2,2,2,2,2,2,2,2,2
chr2:18000000-156050000,2,2,2,2,2,2,2,2,2,2,2,2,2
chr2:36675000-155250000,2,2,2,2,2,2,2,2,2,2,2,2,2
chr2:43075000-43300000,2,2,2,2,2,2,2,2,1,2,2,2,2
chr2:43375000-242116765,2,2,2,2,2,2,2,2,2,2,2,2,2
chr2:46875000-49125000,2,1,2,2,2,2,2,1,2,2,2,2,1
chr2:49800000-242116765,2,2,2,2,2,2,2,1,2,2,2,2,1
chr2:49800000-233550000,2,1,2,2,2,2,2,2,2,2,2,2,2
chr2:56075000-60525000,2,2,2,2,2,2,1,2,2,2,2,2,2
chr2:60650000-81300000,2,2,2,2,2,2,2,2,2,2,2,2,2
chr2:82050000-86775000,2,2,2,2,2,2,3,2,2,2,2,2,2
chr2:87425000-90078252,2,2,2,2,2,2,1,2,2,2,2,2,2
chr2:91770328-113775000,2,2,2,2,2,2,2,2,2,2,2,2,2
chr2:113825000-114025000,2,2,2,2,2,2,1,2,2,2,2,2,2
chr2:114375000-117425000,2,2,2,2,2,2,1,2,2,2,2,2,2
chr2:117825000-179925000,2,2,2,2,2,2,1,2,2,2,2,2,2
chr2:156050000-173800000,2,2,2,1,1,2,2,2,2,2,2,2,2
chr2:156350000-173975000,1,2,2,2,2,2,2,2,2,1,2,2,2
chr2:156350000-173800000,2,2,2,2,2,1,2,2,2,2,2,1,2
chr2:156425000-173800000,2,2,2,2,2,2,2,2,2,2,1,2,2
chr2:173975000-242116765,2,2,2,2,2,2,2,2,2,2,2,2,2
chr2:174050000-242116765,2,2,2,2,2,2,2,2,2,2,2,2,2
chr2:180125000-181750000,2,2,2,2,2,2,1,2,2,2,2,2,2
chr2:181925000-223850000,2,2,2,2,2,2,1,2,2,2,2,2,2
chr2:223925000-225775000,2,2,2,2,2,2,1,2,2,2,2,2,2
chr2:226275000-226875000,2,2,2,2,2,2,2,2,2,2,2,2,2
chr2:227050000-233675000,2,2,2,2,2,2,1,2,2,2,2,2,2
chr2:227050000-227550000,2,2,1,2,2,2,2,2,2,2,2,2,2
chr2:227650000-235725000,2,2,1,2,2,2,2,2,2,2,2,2,2
chr2:233675000-234875000,2,1,2,2,2,2,2,2,2,2,2,2,2
chr2:233725000-234425000,2,2,2,2,2,2,1,2,2,2,2,2,2
chr2:234500000-242116765,2,2,2,2,2,2,1,2,2,2,2,2,2
chr2:234975000-242116765,2,1,2,2,2,2,2,2,2,2,2,2,2
chr2:235775000-242116765,2,2,1,2,2,2,2,2,2,2,2,2,2
chr3:230000-198142780,2,2,2,2,2,2,2,2,2,2,2,2,2
chr3:230000-186850000,3,2,2,3,2,2,2,2,2,2,2,2,2
chr3:230000-186775000,2,2,2,2,2,2,2,2,2,2,2,2,2
chr3:230000-175525000,2,2,2,2,3,2,2,2,2,2,2,2,2
chr3:230000-85675000,2,2,2,2,2,2,2,2,1,2,2,2,2
chr3:230000-81925000,2,2,2,2,2,2,2,2,2,2,2,2,2
chr3:82450000-85675000,2,2,2,2,2,2,1,2,2,2,2,2,2
chr3:86575000-198142780,2,2,2,2,2,2,2,2,2,2,2,2,2
chr3:176375000-177850000,2,2,2,2,2,1,2,2,2,2,2,2,2
chr3:176375000-177700000,2,2,2,2,2,2,2,2,2,2,2,2,2
chr3:177850000-186850000,2,2,2,2,3,2,2,2,2,2,2,2,2
chr3:178075000-186850000,2,2,2,2,2,2,2,2,2,2,2,2,2
chr3:186850000-189150000,2,2,2,2,2,2,2,2,2,1,2,2,2
chr3:186925000-189275000,2,2,2,2,2,1,2,2,2,2,1,2,2
chr3:186925000-189150000,2,2,2,1,1,2,2,2,2,2,2,1,2
chr3:189275000-198142780,2,2,2,2,2,2,2,2,2,2,2,2,2
chr3:189275000-192250000,3,2,2,2,2,2,2,2,2,3,2,3,2
chr3:189475000-192250000,2,2,2,2,2,2,2,2,2,2,3,2,2
chr3:192450000-198142780,2,2,2,2,2,2,2,2,2,2,2,2,2
chr4:55000-190061561,2,2,2,2,2,2,2,2,2,2,2,2,2
chr4:55000-92550000,2,2,2,2,2,2,2,2,2,2,2,2,2
chr4:55000-78575000,2,2,2,2,2,2,2,2,2,2,2,2,2
chr4:55000-68375000,2,2,2,2,2,2,2,2,2,2,2,2,2
chr4:55000-23025000,2,2,2,2,2,2,2,2,2,2,2,2,2
chr4:55000-525000,2,2,2,2,2,2,2,2,2,2,2,2,1
chr4:575000-190061561,2,2,2,2,2,2,2,2,2,2,2,2,2
chr4:23525000-49143462,2,2,2,2,2,2,2,2,3,2,2,2,2
chr4:51821976-190061561,2,2,2,2,2,2,2,2,2,2,2,2,2
chr4:68650000-70500000,2,2,2,2,2,2,1,2,2,2,2,2,2
chr4:70675000-190061561,2,2,2,2,2,2,2,2,2,2,2,2,2
chr4:78625000-79725000,2,2,3,2,2,2,2,2,2,2,2,2,2
chr4:80100000-190061561,2,2,2,2,2,2,2,2,2,2,2,2,2
chr4:93300000-190061561,2,2,2,2,2,1,2,2,2,2,2,2,2
chr4:93300000-189250000,2,2,2,2,2,2,2,2,2,2,2,2,2
chr4:93300000-187800000,2,2,2,2,2,2,2,2,2,2,2,2,2
chr4:187975000-190061561,2,2,2,1,2,2,2,2,2,2,2,2,2
chr4:189475000-190061561,2,2,2,2,2,2,2,2,2,2,2,2,2
chr5:55000-181364130,2,2,2,2,3,2,2,2,2,2,2,2,2
chr5:55000-134525000,2,2,2,2,2,2,2,2,2,2,2,3,2
chr5:55000-108450000,2,2,2,2,2,2,2,2,2,2,3,2,2
chr5:55000-90500000,2,2,2,3,2,2,2,2,2,2,2,2,2
chr5:55000-31200000,2,2,2,2,2,2,2,2,2,2,2,2,2
chr5:55000-23925000,2,2,2,2,2,2,2,2,2,2,2,2,2
chr5:55000-15550000,2,2,2,2,2,2,2,2,2,2,2,2,2
chr5:55000-1425000,2,2,2,2,2,2,2,2,2,2,2,2,2
chr5:55000-625000,1,2,2,2,2,2,2,2,2,2,2,2,2
chr5:700000-134575000,2,2,2,2,2,2,2,2,2,2,2,2,2
chr5:1475000-1875000,2,1,2,2,2,2,2,2,2,2,2,2,2
chr5:1925000-7575000,2,1,2,2,2,2,2,2,2,2,2,2,2
chr5:7825000-17300000,2,1,2,2,2,2,2,2,2,2,2,2,2
chr5:15750000-50404904,2,2,2,2,2,3,2,2,2,2,2,2,2
chr5:17375000-28050000,2,1,2,2,2,2,2,2,2,2,2,2,2
chr5:24475000-54100000,2,2,3,2,2,2,2,2,2,2,2,2,2
chr5:28875000-154675000,2,2,2,2,2,2,2,2,2,2,2,2,2
chr5:31325000-53750000,2,2,2,2,2,2,3,2,2,2,2,2,2
chr5:50825000-93425000,2,2,2,2,2,2,2,2,2,2,2,2,2
chr5:54100000-55250000,2,2,2,2,2,2,2,2,2,2,2,2,2
chr5:54400000-55250000,2,2,2,2,2,2,2,2,2,2,2,2,2
chr5:55350000-61750000,2,2,3,2,2,2,2,2,2,2,2,2,2
chr5:55350000-61625000,2,2,2,2,2,2,3,2,2,2,2,2,2
chr5:61750000-65575000,2,2,2,2,2,2,2,2,2,2,2,2,2
chr5:62075000-65750000,2,2,2,2,2,2,2,2,2,2,2,2,2
chr5:65650000-68175000,2,2,2,2,2,2,3,2,2,2,2,2,2
chr5:65875000-68175000,2,2,3,2,2,2,2,2,2,2,2,2,2
chr5:68225000-181364130,2,2,2,2,2,2,2,2,2,2,2,2,2
chr5:68225000-163525000,2,2,2,2,2,2,2,2,2,2,2,2,2
chr5:90650000-171525000,2,2,2,2,2,2,2,2,2,2,2,2,2
chr5:93575000-145200000,2,2,2,2,2,1,2,2,2,2,2,2,2
chr5:108625000-181364130,2,2,2,2,2,2,2,2,2,2,2,2,2
chr5:134575000-135050000,2,2,2,2,2,2,2,2,2,2,2,2,2
chr5:134650000-134950000,1,2,2,2,2,2,2,2,2,2,2,2,2
chr5:135050000-181364130,2,2,2,2,2,2,2,2,2,2,2,2,2
chr5:135125000-167800000,2,2,2,2,2,2,2,2,2,2,2,2,2
chr5:145850000-181364130,2,2,2,2,2,2,2,2,2,2,2,2,2
chr5:154725000-168925000,2,1,2,2,2,2,2,2,2,2,2,2,2
chr5:163725000-167125000,2,2,2,2,2,2,1,2,2,2,2,2,2
chr5:167425000-181364130,2,2,2,2,2,2,2,2,2,2,2,2,2
chr5:167900000-181364130,2,2,2,2,2,2,2,2,2,2,2,2,2
chr5:169150000-180000000,2,2,2,2,2,2,2,2,2,2,2,2,2
chr5:171675000-172625000,2,2,2,2,2,2,2,2,2,2,2,2,2
chr5:172675000-175325000,2,2,2,2,2,2,2,2,2,2,2,2,2
chr5:175550000-180975000,2,2,2,1,2,2,2,2,2,2,2,2,2
chr5:180075000-181364130,2,1,2,2,2,2,2,2,2,2,2,2,2
chr5:181025000-181364130,2,2,2,2,2,2,2,2,2,2,2,2,2
chr6:155000-170647990,2,2,2,2,2,2,2,2,2,2,2,2,2
chr6:155000-32250000,2,2,2,2,2,2,2,2,1,2,2,2,2
chr6:155000-15125000,2,2,2,1,2,2,2,2,2,2,1,2,2
chr6:155000-14950000,2,2,2,2,1,2,2,2,2,1,2,1,2
chr6:155000-13575000,2,2,2,2,2,2,2,2,2,2,2,2,2
chr6:155000-8575000,2,1,2,2,2,2,2,2,2,2,2,2,2
chr6:155000-375000,1,2,2,2,2,2,2,2,2,2,2,2,2
chr6:155000-325000,2,2,2,2,2,1,2,2,2,2,2,2,2
chr6:375000-14950000,2,2,2,2,2,1,2,2,2,2,2,2,2
chr6:425000-14950000,1,2,2,2,2,2,2,2,2,2,2,2,2
chr6:9325000-170425000,2,2,2,2,2,2,2,2,2,2,2,2,2
chr6:13650000-15700000,2,2,2,2,2,2,3,2,2,2,2,2,2
chr6:13650000-15600000,2,2,3,2,2,2,2,2,2,2,2,2,2
chr6:15125000-32525000,1,2,2,2,2,2,2,2,2,2,2,2,2
chr6:15125000-32450000,2,2,2,2,1,1,2,2,2,1,2,1,2
chr6:15225000-32525000,2,2,2,2,2,2,2,2,2,2,1,2,2
chr6:15225000-32450000,2,2,2,1,2,2,2,2,2,2,2,2,2
chr6:15700000-132875000,2,2,2,2,2,2,2,2,2,2,2,2,2
chr6:15850000-136150000,2,2,2,2,2,2,2,2,2,2,2,2,2
chr6:32325000-32575000,2,2,2,2,2,2,2,2,1,2,2,2,2
chr6:32525000-32725000,2,2,2,1,1,1,2,2,2,1,2,1,2
chr6:32575000-32775000,1,2,2,2,2,2,2,2,2,2,1,2,2
chr6:32625000-49725000,2,2,2,2,2,2,2,2,1,2,2,2,2
chr6:32775000-57876944,2,2,2,1,2,1,2,2,2,1,2,2,2
chr6:32775000-57250000,2,2,2,2,2,2,2,2,2,2,2,1,2
chr6:32775000-57100000,2,2,2,2,1,2,2,2,2,2,2,2,2
chr6:32825000-57876944,2,2,2,2,2,2,2,2,2,2,1,2,2
chr6:32825000-57250000,1,2,2,2,2,2,2,2,2,2,2,2,2
chr6:49800000-51150000,2,2,2,2,2,2,2,2,1,2,2,2,2
chr6:51800000-57876944,2,2,2,2,2,2,2,2,1,2,2,2,2
chr6:57175000-84925000,2,2,2,2,2,2,2,2,2,2,2,2,2
chr6:57876944-84925000,2,2,2,2,2,2,2,2,2,2,2,3,2
chr6:57876944-73100000,3,2,2,2,2,2,2,2,2,2,2,2,2
chr6:60793482-170647990,2,2,2,2,2,2,2,2,2,2,2,2,2
chr6:60793482-85250000,2,2,2,2,2,2,2,2,2,2,2,2,2
chr6:60793482-73100000,2,2,2,2,2,3,2,2,2,2,2,2,2
chr6:60793482-72825000,2,2,2,2,2,2,2,2,2,2,3,2,2
chr6:73100000-73600000,2,2,2,2,2,2,2,2,2,2,2,2,2
chr6:73100000-73475000,2,2,2,2,2,2,2,2,2,2,2,2,2
chr6:73275000-73525000,2,2,2,2,2,2,2,2,2,2,2,2,2
chr6:73525000-84925000,2,2,2,3,2,2,2,2,2,2,2,2,2
chr6:73600000-85250000,3,2,2,2,2,2,2,2,2,2,2,2,2
chr6:73600000-84925000,2,2,2,2,2,3,2,2,2,2,2,2,2
chr6:73850000-85250000,2,2,2,2,2,2,2,2,2,2,3,2,2
chr6:85250000-116475000,2,2,2,2,1,2,2,2,2,2,2,2,2
chr6:85250000-116400000,2,2,2,1,2,1,2,2,2,2,2,1,2
chr6:85425000-116400000,1,2,2,2,2,2,2,2,2,1,1,2,2
chr6:116475000-170647990,3,2,2,2,2,3,2,2,2,2,3,3,2
chr6:116525000-170647990,2,2,2,2,3,2,2,2,2,2,2,2,2
chr6:133075000-135975000,2,2,3,2,2,2,2,2,2,2,2,2,2
chr6:136150000-170647990,2,2,2,2,2,2,2,2,2,2,2,2,2
chr6:136275000-170647990,2,2,2,2,2,2,1,2,2,2,2,2,2
chr6:170500000-170647990,2,1,2,2,2,2,2,2,2,2,2,2,2
chr7:55000-159242987,2,2,2,2,2,2,2,1,2,2,2,2,1
chr7:55000-153450000,2,2,2,2,2,2,2,2,2,2,2,2,2
chr7:55000-64100000,2,2,2,2,2,2,2,2,2,2,2,2,2
chr7:55000-54625000,2,2,2,2,2,2,2,2,1,2,2,2,2
chr7:55000-6925000,2,2,2,2,2,2,2,2,2,2,2,1,2
chr7:55000-6750000,1,2,2,2,2,2,2,2,2,2,2,2,2
chr7:55000-4825000,2,1,2,2,2,2,2,2,2,2,2,2,2
chr7:4900000-5175000,2,1,2,2,2,2,2,2,2,2,2,2,2
chr7:5225000-67150000,2,1,2,2,2,2,2,2,2,2,2,2,2
chr7:6925000-55575000,2,2,2,2,2,2,2,2,2,2,2,2,2
chr7:7150000-55575000,2,2,2,2,2,2,2,2,2,2,2,2,2
chr7:7150000-43875000,2,2,2,2,2,2,2,2,2,2,2,2,2
chr7:7150000-38500000,2,2,2,2,2,2,2,2,2,2,2,2,2
chr7:38625000-62803390,2,2,2,1,2,2,2,2,2,2,2,2,2
chr7:43950000-45925000,2,2,2,2,2,2,2,2,2,2,2,2,2
chr7:46050000-55575000,2,2,2,2,2,2,2,2,2,2,2,2,2
chr7:54800000-141725000,2,2,2,2,2,2,2,2,2,2,2,2,2
chr7:55775000-63500000,2,2,2,2,2,2,2,2,2,2,2,2,2
chr7:55775000-62803390,1,2,2,2,2,2,2,2,2,2,2,1,2
chr7:63500000-69475000,2,2,2,2,2,2,2,2,2,2,2,2,2
chr7:63500000-68675000,2,2,2,2,2,2,2,2,2,2,2,2,2
chr7:63500000-64425000,3,2,2,2,2,2,2,2,2,2,2,2,2
chr7:63950000-159242987,2,2,2,2,2,2,2,2,2,2,2,2,2
chr7:64250000-68675000,2,2,2,2,2,2,3,2,2,2,2,2,2
chr7:64600000-66925000,1,2,2,2,2,2,2,2,2,2,2,2,2
chr7:67150000-70775000,2,2,2,2,2,2,2,2,2,2,2,2,2
chr7:67675000-69475000,2,1,2,2,2,2,2,2,2,2,2,2,2
chr7:69125000-141725000,2,2,2,2,2,2,2,2,2,2,2,2,2
chr7:69125000-70775000,2,2,2,2,2,2,2,2,2,2,2,3,2
chr7:69600000-159242987,2,1,2,2,2,2,2,2,2,2,2,2,2
chr7:69600000-70775000,2,2,2,2,2,2,2,2,2,2,2,2,2
chr7:70950000-159242987,2,2,2,2,2,2,2,2,2,2,2,2,2
chr7:70950000-76725000,1,2,2,2,2,2,2,2,2,2,2,2,2
chr7:77125000-159242987,2,2,2,2,2,2,2,2,2,2,2,2,2
chr7:141825000-159242987,2,2,2,2,2,2,2,2,1,2,2,2,2
chr7:141825000-142800000,2,2,2,2,2,2,1,2,2,2,2,2,2
chr7:142875000-152975000,2,2,2,2,2,2,2,2,2,2,2,2,2
chr7:153450000-157425000,2,2,2,2,2,2,1,2,2,2,2,2,2
chr7:153950000-159242987,2,2,1,2,2,2,2,2,2,2,2,2,2
chr7:157475000-158625000,2,2,2,2,2,2,1,2,2,2,2,2,2
chr7:158725000-159242987,2,2,2,2,2,2,1,2,2,2,2,2,2
chr8:205000-145039318,2,2,2,2,2,2,2,2,2,2,2,2,2
chr8:205000-141275000,2,2,2,2,2,2,2,2,2,2,2,2,2
chr8:205000-141025000,2,2,2,2,2,2,2,2,2,2,2,2,2
chr8:205000-123450000,2,2,2,2,2,2,2,2,2,2,2,2,2
chr8:205000-97475000,2,2,2,2,2,2,2,2,2,2,2,2,2
chr8:205000-57875000,2,2,2,2,2,2,2,2,2,2,2,2,2
chr8:205000-43616872,2,2,2,2,2,2,2,2,2,2,2,2,2
chr8:205000-31125000,2,1,2,2,2,2,2,2,2,2,2,2,2
chr8:205000-5225000,2,2,2,2,2,2,1,2,2,2,2,2,2
chr8:205000-2375000,2,2,1,2,2,2,2,2,2,2,2,2,2
chr8:2625000-5225000,2,2,2,2,2,2,2,2,2,2,2,2,2
chr8:5950000-43616872,2,2,2,2,2,2,3,2,2,2,2,2,2
chr8:5950000-12092173,2,2,3,2,2,2,2,2,2,2,2,2,2
chr8:12517173-21200000,2,2,3,2,2,2,2,2,2,2,2,2,2
chr8:21575000-23225000,2,2,3,2,2,2,2,2,2,2,2,2,2
chr8:23275000-40675000,2,2,3,2,2,2,2,2,2,2,2,2,2
chr8:31425000-34375000,2,2,2,2,2,2,2,2,2,2,2,2,2
chr8:34975000-36825000,2,1,2,2,2,2,2,2,2,2,2,2,2
chr8:37000000-145039318,2,2,2,2,2,2,2,2,2,2,2,2,2
chr8:40900000-42950000,2,2,3,2,2,2,2,2,2,2,2,2,2
chr8:43075000-53525000,2,2,2,2,2,2,2,2,2,2,2,2,2
chr8:46063633-80125000,2,2,2,2,2,2,2,2,3,2,2,2,2
chr8:46063633-48525000,2,2,2,2,2,2,1,2,2,2,2,2,2
chr8:48575000-50325000,2,2,2,2,2,2,2,2,2,2,2,2,2
chr8:51050000-53525000,2,2,2,2,2,2,1,2,2,2,2,2,2
chr8:53750000-145039318,2,2,2,2,2,2,3,2,2,2,2,2,2
chr8:53750000-128150000,2,2,3,2,2,2,2,2,2,2,2,2,2
chr8:58025000-59475000,2,2,2,2,1,2,2,2,2,2,2,2,2
chr8:59950000-75225000,2,2,2,2,2,2,2,2,2,2,2,2,2
chr8:76075000-83550000,2,2,2,2,1,2,2,2,2,2,2,2,2
chr8:80175000-80700000,2,2,2,2,2,2,2,2,2,2,2,2,2
chr8:80925000-141275000,2,2,2,2,2,2,2,2,3,2,2,2,2
chr8:84625000-86425000,2,2,2,2,2,2,2,2,2,2,2,2,2
chr8:86600000-145039318,2,2,2,2,1,2,2,2,2,2,2,2,2
chr8:97675000-98125000,2,2,2,2,2,2,2,2,2,2,2,1,2
chr8:98200000-141175000,2,2,2,2,2,2,2,2,2,2,2,2,2
chr8:123525000-134625000,2,2,2,2,2,2,2,2,2,2,2,2,2
chr8:128250000-129600000,2,2,3,2,2,2,2,2,2,2,2,2,2
chr8:129675000-141025000,2,2,3,2,2,2,2,2,2,2,2,2,2
chr8:134675000-145039318,2,2,2,2,2,2,2,2,2,2,2,2,2
chr8:141075000-145039318,1,2,3,2,2,2,2,2,2,2,2,2,2
chr8:141225000-145039318,2,2,2,2,2,2,2,2,2,2,2,1,2
chr8:141325000-145039318,2,2,2,2,2,1,2,2,2,1,2,2,2
chr9:130000-138192359,2,1,2,2,2,2,2,2,2,2,2,2,2
chr9:130000-39589735,2,2,2,2,2,2,1,2,1,2,2,2,2
chr9:130000-1025000,2,2,2,2,2,2,2,2,2,2,2,2,2
chr9:130000-975000,1,2,2,1,1,1,2,2,2,1,1,1,2
chr9:1025000-138192359,2,2,2,2,2,2,2,2,2,1,2,2,2
chr9:1025000-7075000,2,2,2,2,2,2,2,2,2,2,2,2,2
chr9:1025000-6850000,2,2,2,1,1,1,2,2,2,2,2,2,2
chr9:1025000-6725000,2,2,2,2,2,2,2,2,2,2,1,2,2
chr9:1525000-39589735,2,2,2,2,2,2,2,2,2,2,2,2,2
chr9:6850000-17900000,2,2,2,2,2,2,2,2,2,2,2,2,2
chr9:7075000-130300000,2,2,2,2,2,2,2,2,2,2,2,2,2
chr9:7075000-18375000,2,2,2,2,2,2,2,2,2,2,2,2,2
chr9:7075000-17325000,2,2,2,2,2,2,2,2,2,2,2,2,2
chr9:7075000-8775000,2,2,2,2,2,2,2,2,2,2,2,2,2
chr9:7325000-17900000,2,2,2,2,2,2,2,2,2,2,2,2,2
chr9:9725000-17325000,2,2,2,2,2,2,2,2,2,2,2,2,2
chr9:17900000-25975000,2,2,2,1,2,2,2,2,2,2,2,2,2
chr9:17900000-21600000,2,2,2,2,1,2,2,2,2,2,2,2,2
chr9:18375000-21600000,2,2,2,2,2,2,2,2,2,2,2,1,2
chr9:18375000-21375000,2,2,2,2,2,2,2,2,2,2,1,2,2
chr9:18750000-21600000,1,2,2,2,2,2,2,2,2,2,2,2,2
chr9:21600000-138192359,2,2,2,2,2,2,2,2,2,2,2,2,2
chr9:21875000-138192359,2,2,2,2,2,2,2,2,2,2,2,2,2
chr9:21875000-127375000,2,2,2,2,2,2,2,2,2,2,2,2,2
chr9:26600000-138192359,2,2,2,2,2,2,2,2,2,2,2,2,2
chr9:68385276-112800000,2,2,2,2,2,2,2,2,2,2,2,2,2
chr9:68385276-92500000,2,2,2,2,2,2,2,2,3,2,2,2,2
chr9:92625000-94000000,2,2,2,2,2,2,2,2,3,2,2,2,2
chr9:94100000-95375000,2,2,2,2,2,2,2,2,3,2,2,2,2
chr9:95475000-95925000,2,2,2,2,2,2,2,2,1,2,2,2,2
chr9:96025000-138192359,2,2,2,2,2,2,2,2,2,2,2,2,2
chr9:112950000-138192359,2,2,1,2,2,2,1,2,2,2,2,2,2
chr9:127425000-138192359,2,2,2,2,2,2,2,2,2,2,2,1,2
chr9:130375000-138192359,2,2,2,2,2,1,2,2,2,2,2,2,2
chr10:105000-133620233,2,2,2,2,2,2,2,2,2,2,2,2,2
chr10:105000-131350000,2,2,2,2,2,2,2,2,2,2,2,2,2
chr10:105000-80550000,2,1,2,2,2,2,2,2,2,2,2,2,2
chr10:105000-74400000,2,2,2,2,2,2,2,2,2,2,2,2,2
chr10:105000-2000000,2,2,2,2,2,2,2,2,2,2,2,2,2
chr10:105000-1125000,2,2,2,2,2,2,2,2,2,2,2,2,2
chr10:1175000-2175000,2,2,2,2,2,2,2,2,2,2,2,2,2
chr10:2175000-3775000,2,2,3,2,2,2,2,2,2,2,2,2,2
chr10:2450000-3075000,2,2,2,2,2,2,3,2,2,2,2,2,2
chr10:3125000-4725000,2,2,2,2,2,2,3,2,2,2,2,2,2
chr10:3825000-5075000,2,2,3,2,2,2,2,2,2,2,2,2,2
chr10:4825000-31325000,2,2,2,2,2,2,3,2,2,2,2,2,2
chr10:5200000-31325000,2,2,3,2,2,2,2,2,2,2,2,2,2
chr10:31500000-37475000,2,2,3,2,2,2,2,2,2,2,2,2,2
chr10:31500000-35075000,2,2,2,2,2,2,3,2,2,2,2,2,2
chr10:35125000-36550000,2,2,2,2,2,2,3,2,2,2,2,2,2
chr10:36975000-133620233,2,2,2,2,2,2,2,2,2,2,2,2,2
chr10:37700000-133620233,2,2,2,2,2,2,2,2,2,2,2,2,2
chr10:74675000-133620233,2,2,2,2,2,2,2,1,2,2,2,2,1
chr10:80725000-86325000,2,1,2,2,2,2,2,2,2,2,2,2,2
chr10:86375000-133620233,2,1,2,2,2,2,2,2,2,2,2,2,2
chr10:131450000-133620233,2,2,2,2,2,2,2,2,2,2,2,2,2
chr11:155000-134988311,2,2,2,2,2,2,2,2,2,2,2,2,2
chr11:155000-125625000,2,2,2,2,2,2,2,2,2,2,2,2,2
chr11:155000-81375000,2,2,2,2,2,2,2,2,2,2,2,2,2
chr11:155000-79575000,2,2,2,2,2,2,2,2,2,2,2,2,2
chr11:155000-50535674,2,2,2,2,2,2,2,2,2,2,2,2,2
chr11:155000-18225000,2,2,1,2,2,2,2,2,2,2,2,2,2
chr11:155000-10775000,2,2,2,2,2,2,2,2,1,2,2,2,2
chr11:155000-9075000,2,2,2,2,2,2,2,2,2,2,2,2,2
chr11:155000-4225000,2,2,2,2,2,2,1,2,2,2,2,2,2
chr11:155000-3625000,2,2,2,2,2,2,2,2,2,1,2,2,2
chr11:155000-3275000,2,2,2,2,2,2,2,2,2,2,2,1,2
chr11:3475000-78675000,2,2,2,2,2,2,2,2,2,2,2,2,2
chr11:3700000-78750000,2,2,2,2,2,2,2,2,2,2,2,2,2
chr11:4475000-5425000,2,2,2,2,2,2,1,2,2,2,2,2,2
chr11:5525000-6700000,2,2,2,2,2,2,1,2,2,2,2,2,2
chr11:6825000-7975000,2,2,2,2,2,2,1,2,2,2,2,2,2
chr11:8025000-18225000,2,2,2,2,2,2,1,2,2,2,2,2,2
chr11:9175000-18050000,2,2,2,2,2,2,2,2,2,2,1,2,2
chr11:10825000-26200000,2,2,2,2,2,2,2,2,3,2,2,2,2
chr11:18125000-18575000,2,2,2,2,2,2,2,2,2,2,1,2,2
chr11:18275000-70927848,2,2,2,2,2,2,2,2,2,2,2,2,2
chr11:18625000-47575000,2,2,2,2,2,2,2,2,2,2,1,2,2
chr11:26425000-85025000,2,2,2,2,2,2,2,2,2,2,2,2,2
chr11:47650000-48925000,2,2,2,2,2,2,2,2,2,2,1,2,2
chr11:49900000-134988311,2,2,2,2,2,2,2,2,2,2,3,2,2
chr11:55087537-81375000,2,2,2,2,1,2,2,2,2,2,2,2,2
chr11:55087537-56700000,2,1,2,2,2,2,2,2,2,2,2,2,2
chr11:57000000-134988311,2,2,2,2,2,2,2,2,2,2,2,2,2
chr11:71127848-134988311,2,2,1,2,2,2,2,2,2,2,2,2,2
chr11:71127848-78675000,2,2,2,2,2,2,1,2,2,2,2,2,2
chr11:78750000-117700000,2,2,2,2,2,2,2,2,2,2,2,3,2
chr11:78750000-82550000,2,2,2,2,2,2,1,2,2,2,2,2,2
chr11:78850000-117700000,2,2,2,2,2,2,2,2,2,2,2,2,2
chr11:80275000-117700000,2,2,2,2,2,2,2,2,2,2,2,2,2
chr11:82175000-85025000,3,2,2,2,3,2,2,2,2,2,2,2,2
chr11:82750000-114850000,2,2,2,2,2,2,1,2,2,2,2,2,2
chr11:85375000-134988311,2,2,2,2,2,2,2,2,1,2,2,2,2
chr11:85375000-86975000,2,2,2,2,2,2,2,2,2,2,2,2,2
chr11:87225000-100750000,1,2,2,2,1,2,2,2,2,2,2,2,2
chr11:100950000-117825000,2,2,2,2,2,2,2,2,2,2,2,2,2
chr11:100950000-117700000,2,2,2,2,2,2,2,2,2,2,2,2,2
chr11:115050000-116575000,2,2,2,2,2,2,1,2,2,2,2,2,2
chr11:116675000-123175000,2,2,2,2,2,2,1,2,2,2,2,2,2
chr11:117775000-134988311,2,2,2,2,2,2,2,2,2,2,2,2,2
chr11:117775000-125875000,2,2,2,2,2,2,2,2,2,2,2,2,2
chr11:117775000-125800000,1,2,2,2,2,2,2,2,2,2,2,2,2
chr11:117875000-125875000,2,2,2,2,1,2,2,2,2,2,2,2,2
chr11:123250000-124550000,2,2,2,2,2,2,1,2,2,2,2,2,2
chr11:124625000-134988311,2,2,2,2,2,2,1,2,2,2,2,2,2
chr11:125700000-134988311,2,2,2,1,2,2,2,2,2,2,2,2,2
chr11:125875000-134988311,1,2,2,2,2,2,2,2,2,2,2,2,2
chr11:125925000-134988311,2,2,2,2,1,1,2,2,2,2,2,2,2
chr12:80000-133207655,2,2,2,2,2,2,2,2,2,2,2,2,2
chr12:80000-132075000,2,2,2,2,2,2,2,2,2,2,2,2,2
chr12:80000-31325000,2,2,2,2,2,2,2,2,2,2,2,2,2
chr12:80000-27375000,2,2,1,2,2,2,2,2,2,2,2,2,2
chr12:80000-8850000,2,2,2,2,2,2,2,2,2,2,1,2,2
chr12:80000-8625000,2,2,2,1,1,1,2,2,2,1,2,2,2
chr12:80000-4950000,2,2,2,2,2,2,2,2,2,2,2,2,2
chr12:5025000-9700000,2,2,2,2,2,2,1,2,2,2,2,2,2
chr12:8725000-133207655,2,2,2,2,2,2,2,2,2,2,2,2,2
chr12:8725000-132925000,2,2,2,2,2,2,2,2,2,2,2,2,2
chr12:8725000-132775000,2,2,2,2,2,2,2,2,2,2,2,2,2
chr12:8725000-46925000,3,2,2,2,2,2,2,2,2,2,2,2,2
chr12:8925000-132775000,2,2,2,2,2,2,2,2,2,2,2,2,2
chr12:9800000-10175000,2,2,2,2,2,2,1,2,2,2,2,2,2
chr12:10250000-13075000,2,2,2,2,2,2,1,2,2,2,2,2,2
chr12:13125000-14150000,2,2,2,2,2,2,1,2,2,2,2,2,2
chr12:14300000-16675000,2,2,2,2,2,2,1,2,2,2,2,2,2
chr12:17150000-18950000,2,2,2,2,2,2,1,2,2,2,2,2,2
chr12:19150000-27525000,2,2,2,2,2,2,1,2,2,2,2,2,2
chr12:27475000-44625000,2,2,3,2,2,2,2,2,2,2,2,2,2
chr12:27625000-29150000,2,2,2,2,2,2,3,2,2,2,2,2,2
chr12:29275000-32700000,2,2,2,2,2,2,3,2,2,2,2,2,2
chr12:31375000-31875000,2,2,2,2,2,2,2,2,2,2,2,2,1
chr12:32025000-133207655,2,2,2,2,2,2,2,2,2,2,2,2,2
chr12:32800000-39100000,2,2,2,2,2,2,3,2,2,2,2,2,2
chr12:39350000-54575000,2,2,2,2,2,2,2,2,2,2,2,2,2
chr12:44950000-133207655,2,2,2,2,2,2,2,2,2,2,2,2,2
chr12:47125000-68275000,2,2,2,2,2,2,2,2,2,2,2,2,2
chr12:54775000-55550000,2,2,2,2,2,2,1,2,2,2,2,2,2
chr12:55675000-71850000,2,2,2,2,2,2,1,2,2,2,2,2,2
chr12:68325000-75575000,1,2,2,2,2,2,2,2,2,2,2,2,2
chr12:72075000-75250000,2,2,2,2,2,2,1,2,2,2,2,2,2
chr12:75325000-125125000,2,2,2,2,2,2,1,2,2,2,2,2,2
chr12:75675000-133207655,2,2,2,2,2,2,2,2,2,2,2,2,2
chr12:125175000-131675000,2,2,2,2,2,2,1,2,2,2,2,2,2
chr12:131725000-133207655,2,2,2,2,2,2,2,2,2,2,2,2,2
chr12:132125000-133207655,2,2,2,2,2,2,2,2,2,2,2,1,2
chr12:132825000-133207655,2,2,2,2,1,1,2,2,2,2,1,2,2
chr12:132975000-133207655,2,2,2,2,2,2,2,2,2,1,2,2,2
chr13:18729053-68350000,2,2,2,2,2,2,2,2,2,2,2,2,2
chr13:18729053-47200000,2,2,2,2,2,2,2,2,2,2,2,2,2
chr13:18729053-39250000,2,2,2,2,2,2,2,2,2,2,2,2,2
chr13:18729053-37025000,2,2,2,2,2,2,2,2,2,2,3,2,2
chr13:18729053-36975000,3,2,2,2,2,2,2,2,2,2,2,2,2
chr13:18729053-22100000,2,2,2,2,2,2,2,2,2,2,2,2,2
chr13:18729053-21950000,2,2,2,2,2,2,2,2,2,2,2,2,2
chr13:18729053-21725000,2,2,2,2,2,2,2,2,2,2,2,2,2
chr13:18729053-21400000,2,2,2,2,2,2,2,2,2,2,2,2,2
chr13:18729053-19575000,2,2,2,2,2,2,1,2,2,2,2,2,2
chr13:19625000-114327164,2,2,2,2,2,2,2,2,2,2,2,2,2
chr13:21525000-30425000,2,2,2,2,3,2,2,2,2,2,2,2,2
chr13:21850000-37100000,2,2,2,2,2,3,2,2,2,2,2,3,2
chr13:22100000-37100000,2,2,2,2,2,2,2,2,2,3,2,2,2
chr13:22500000-37100000,2,2,2,3,2,2,2,2,2,2,2,2,2
chr13:30550000-33225000,2,2,2,2,2,2,2,2,2,2,2,2,2
chr13:33300000-36900000,2,2,2,2,3,2,2,2,2,2,2,2,2
chr13:36975000-37100000,2,2,2,2,2,2,2,2,2,2,2,2,2
chr13:37025000-66625000,1,2,2,2,2,2,2,2,2,2,2,2,2
chr13:37100000-66625000,2,2,2,2,2,2,2,2,2,2,1,2,2
chr13:37350000-66625000,2,2,2,1,1,1,2,2,2,1,2,1,2
chr13:39575000-50175000,2,2,2,2,2,2,2,2,1,2,2,2,2
chr13:47725000-61850000,2,1,2,2,2,2,2,1,2,2,2,2,1
chr13:50325000-74175000,2,2,2,2,2,2,2,2,2,2,2,2,2
chr13:63225000-114327164,2,2,2,2,2,2,2,2,2,2,2,2,2
chr13:67075000-114327164,3,2,2,2,2,2,2,2,2,2,3,2,2
chr13:67075000-113525000,2,2,2,2,2,2,2,2,2,2,2,3,2
chr13:67075000-110425000,2,2,2,3,2,3,2,2,2,3,2,2,2
chr13:67075000-70950000,2,2,2,2,2,2,2,2,2,2,2,2,2
chr13:69525000-110525000,2,2,3,2,2,2,2,2,2,2,2,2,2
chr13:71575000-113575000,2,2,2,2,3,2,2,2,2,2,2,2,2
chr13:74400000-97350000,2,2,2,2,2,2,2,2,3,2,2,2,2
chr13:97450000-103850000,2,2,2,2,2,2,2,2,2,2,2,2,2
chr13:104875000-109575000,2,2,2,2,2,2,2,2,3,2,2,2,2
chr13:109725000-114327164,2,2,2,2,2,2,2,2,2,2,2,2,2
chr13:110475000-114327164,2,2,2,3,2,3,2,2,2,3,2,2,2
chr13:110575000-114327164,2,2,3,2,2,2,2,2,2,2,2,2,2
chr13:113575000-114327164,2,2,2,2,2,2,2,2,2,2,2,2,2
chr13:113625000-114327164,2,2,2,2,2,2,2,2,2,2,2,2,2
chr14:19855857-106841859,2,2,2,2,2,2,2,2,2,2,2,2,2
chr14:19855857-71050000,2,2,2,2,2,2,2,2,2,2,2,2,2
chr14:19855857-57150000,2,2,2,2,2,2,2,2,2,2,2,2,2
chr14:19855857-35450000,2,2,2,2,3,2,2,2,2,2,2,2,2
chr14:19855857-28825000,2,2,2,2,2,2,3,2,2,2,2,2,2
chr14:19855857-26375000,2,2,2,2,2,2,2,2,2,2,2,2,2
chr14:19855857-24525000,2,2,3,2,2,2,2,2,2,2,2,2,2
chr14:19855857-21650000,3,2,2,2,2,2,2,2,2,2,2,2,2
chr14:21775000-22525000,3,2,2,2,2,2,2,2,2,2,2,3,2
chr14:22575000-57150000,2,2,2,2,2,2,2,2,2,2,2,2,2
chr14:22575000-24525000,2,2,2,2,2,2,2,2,2,2,2,2,2
chr14:24750000-30400000,2,2,2,2,2,2,2,2,2,2,2,3,2
chr14:24750000-28175000,2,2,3,2,2,2,2,2,2,2,2,2,2
chr14:26675000-30100000,2,2,2,2,2,2,2,2,2,2,3,2,2
chr14:28825000-70725000,2,2,2,2,2,2,2,2,2,2,2,2,2
chr14:29125000-30575000,2,2,2,2,2,2,2,2,2,2,2,2,2
chr14:30400000-57400000,2,2,2,2,2,2,2,2,2,2,2,2,2
chr14:30575000-57150000,2,2,2,2,2,2,2,2,2,2,2,2,2
chr14:30725000-39575000,2,2,2,2,2,2,2,2,2,2,2,2,2
chr14:35650000-37275000,2,2,2,2,2,2,2,2,2,2,2,2,2
chr14:37475000-38525000,2,2,2,2,1,2,2,2,2,2,2,2,2
chr14:38950000-57150000,2,2,2,2,2,2,2,2,2,2,2,2,2
chr14:40675000-49300000,2,2,2,2,2,2,1,2,2,2,2,2,2
chr14:49575000-58500000,2,2,2,2,2,2,1,2,2,2,2,2,2
chr14:57300000-106841859,2,2,2,1,2,1,2,2,2,2,2,1,2
chr14:57300000-103025000,2,2,2,2,2,2,2,2,2,1,2,2,2
chr14:57300000-76875000,2,2,2,2,1,2,2,2,2,2,2,2,2
chr14:57300000-67750000,1,2,2,2,2,2,2,2,2,2,2,2,2
chr14:57500000-106841859,2,2,2,2,2,2,2,2,2,2,1,2,2
chr14:58700000-75475000,2,2,2,2,2,2,2,2,2,2,2,2,2
chr14:67825000-69200000,2,2,2,2,2,2,2,2,2,2,2,2,2
chr14:69300000-106841859,1,2,2,2,2,2,2,2,2,2,2,2,2
chr14:70775000-72800000,2,2,3,2,2,2,2,2,2,2,2,2,2
chr14:71175000-90275000,2,1,2,2,2,2,2,1,2,2,2,2,1
chr14:72875000-75875000,2,2,2,2,2,2,2,2,2,2,2,2,2
chr14:75525000-106841859,2,2,2,2,2,2,1,2,2,2,2,2,2
chr14:76025000-106841859,2,2,2,2,2,2,2,2,2,2,2,2,2
chr14:76925000-77125000,2,2,2,2,2,2,2,2,2,2,2,2,2
chr14:77175000-106841859,2,2,2,2,1,2,2,2,2,2,2,2,2
chr14:90325000-106841859,2,2,2,2,2,2,2,2,2,2,2,2,2
chr14:103075000-105925000,2,2,2,2,2,2,2,2,2,1,2,2,2
chr14:106075000-106841859,2,2,2,2,2,2,2,2,2,1,2,2,2
chr15:20232279-101840595,2,2,2,2,2,2,2,2,2,1,1,2,2
chr15:20232279-101550000,2,2,2,2,2,2,2,2,2,2,2,2,2
chr15:20232279-24300000,2,2,2,2,2,2,2,2,2,2,2,2,2
chr15:20232279-23113437,2,2,2,2,2,2,2,2,2,2,2,2,2
chr15:23438437-28025000,2,2,2,2,2,2,1,2,2,2,2,2,2
chr15:24750000-63950000,3,2,2,2,2,2,2,2,2,2,2,2,2
chr15:28075000-101840595,2,2,2,2,2,2,2,2,2,2,2,2,2
chr15:64025000-101840595,2,2,2,2,2,2,2,2,2,2,2,2,2
chr15:101625000-101840595,2,2,2,1,2,2,2,2,2,2,2,2,2
chr16:55000-48125000,2,2,2,2,2,2,2,2,2,2,2,2,2
chr16:55000-47975000,2,2,2,2,2,2,2,2,2,2,2,2,2
chr16:55000-46625000,2,2,2,2,2,2,2,2,2,2,2,2,2
chr16:55000-34892311,2,2,2,2,2,2,2,2,2,2,2,2,2
chr16:55000-33865870,1,2,2,1,1,1,2,2,2,1,2,1,2
chr16:55000-31625000,2,2,2,2,2,2,2,2,2,2,1,2,2
chr16:55000-6525000,2,2,2,2,2,2,2,2,2,2,2,2,2
chr16:6950000-11025000,2,2,2,2,2,2,1,2,2,2,2,2,2
chr16:11075000-34892311,2,2,2,2,2,2,2,2,2,2,2,2,2
chr16:31775000-51275000,2,2,2,2,2,2,2,2,2,2,2,2,2
chr16:34892311-52550000,2,2,2,2,2,2,2,2,2,2,2,2,2
chr16:34892311-51900000,2,1,2,2,2,2,2,2,2,2,2,2,2
chr16:34892311-51275000,2,2,2,2,2,2,2,2,2,2,2,2,2
chr16:35275000-50175000,2,2,3,2,2,2,2,2,2,2,2,2,2
chr16:35275000-46900000,2,2,2,2,2,2,3,2,2,2,2,2,2
chr16:46675000-90139173,2,2,2,2,2,2,2,2,1,2,2,2,2
chr16:46975000-50175000,2,2,2,2,2,2,3,2,2,2,2,2,2
chr16:48125000-54975000,2,2,2,2,2,2,2,1,2,2,2,2,2
chr16:48175000-54975000,2,2,2,2,2,2,2,2,2,2,2,2,1
chr16:50225000-58675000,2,2,1,2,2,2,2,2,2,2,2,2,2
chr16:50225000-50750000,2,2,2,2,2,2,1,2,2,2,2,2,2
chr16:50825000-51675000,2,2,2,2,2,2,1,2,2,2,2,2,2
chr16:51500000-90139173,2,2,2,1,2,1,2,2,2,1,2,1,2
chr16:51500000-85275000,2,2,2,2,1,2,2,2,2,2,2,2,2
chr16:51500000-59525000,2,2,2,2,2,2,2,2,2,2,1,2,2
chr16:51900000-52850000,2,2,2,2,2,2,1,2,2,2,2,2,2
chr16:52150000-52850000,2,1,2,2,2,2,2,2,2,2,2,2,2
chr16:52625000-90139173,1,2,2,2,2,2,2,2,2,2,2,2,2
chr16:53075000-90139173,2,1,2,2,2,2,2,2,2,2,2,2,2
chr16:53075000-58475000,2,2,2,2,2,2,1,2,2,2,2,2,2
chr16:55175000-55825000,2,2,2,2,2,2,2,2,2,2,2,2,2
chr16:55175000-55725000,2,2,2,2,2,2,2,2,2,2,2,2,2
chr16:55825000-56675000,2,2,2,2,2,2,2,2,2,2,2,2,1
chr16:55900000-56675000,2,2,2,2,2,2,2,1,2,2,2,2,2
chr16:56725000-57925000,2,2,2,2,2,2,2,2,2,2,2,2,2
chr16:57975000-90139173,2,2,2,2,2,2,2,1,2,2,2,2,1
chr16:58550000-63125000,2,2,2,2,2,2,1,2,2,2,2,2,2
chr16:58950000-90139173,2,2,2,2,2,2,2,2,2,2,2,2,2
chr16:60700000-79000000,2,2,2,2,2,2,2,2,2,2,2,2,2
chr16:64000000-90139173,2,2,2,2,2,2,2,2,2,2,2,2,2
chr16:79150000-80525000,2,2,2,2,2,2,2,2,2,2,2,2,2
chr16:80575000-84575000,2,2,2,2,2,2,2,2,2,2,2,2,2
chr16:84625000-90139173,2,2,2,2,2,2,2,2,2,2,1,2,2
chr16:85325000-85625000,2,2,2,2,1,2,2,2,2,2,2,2,2
chr16:85675000-90139173,2,2,2,2,1,2,2,2,2,2,2,2,2
chr17:130000-83148721,2,2,2,2,2,2,2,2,2,2,2,2,2
chr17:130000-29450000,2,2,3,2,2,2,2,2,2,2,2,2,2
chr17:130000-22631840,2,2,2,2,2,2,3,2,2,2,2,2,2
chr17:130000-7425000,2,2,2,2,2,2,2,2,2,2,2,2,2
chr17:130000-775000,2,2,2,2,2,2,2,2,2,2,2,2,2
chr17:130000-725000,2,2,2,2,2,2,2,2,2,2,2,2,2
chr17:130000-675000,2,2,2,2,2,2,2,2,2,2,2,2,2
chr17:725000-10425000,1,2,2,2,2,2,2,2,2,2,2,2,2
chr17:775000-10425000,2,2,2,1,1,1,2,2,2,2,2,1,2
chr17:775000-10250000,2,2,2,2,2,2,2,2,2,1,2,2,2
chr17:825000-10425000,2,2,2,2,2,2,2,2,2,2,1,2,2
chr17:7475000-9675000,2,2,2,2,2,2,2,2,1,2,2,2,2
chr17:9775000-16375000,2,2,2,2,2,2,2,2,3,2,2,2,2
chr17:10425000-16375000,2,2,2,2,2,2,2,2,2,3,2,2,2
chr17:10550000-22631840,2,2,2,2,2,2,2,2,2,2,3,2,2
chr17:10550000-16375000,2,2,2,2,3,3,2,2,2,2,2,2,2
chr17:10550000-16125000,3,2,2,3,2,2,2,2,2,2,2,3,2
chr17:16225000-22631840,3,2,2,3,2,2,2,2,2,2,2,3,2
chr17:16425000-22631840,2,2,2,2,3,3,2,2,2,3,2,2,2
chr17:16425000-21622925,2,2,2,2,2,2,2,2,3,2,2,2,2
chr17:22244705-41875000,2,2,2,2,2,2,2,2,2,2,2,2,2
chr17:27092990-68400000,2,2,2,2,2,2,2,2,2,2,2,2,2
chr17:27092990-55200000,2,2,2,2,2,2,2,2,2,2,2,2,2
chr17:27092990-51325000,2,2,2,2,2,2,2,2,2,2,2,2,2
chr17:27092990-49825000,2,2,2,2,2,2,2,2,2,2,2,2,2
chr17:27092990-40625000,2,2,2,2,2,2,2,2,2,2,2,2,2
chr17:27092990-32725000,2,2,2,2,2,2,2,2,2,2,2,2,2
chr17:29575000-83148721,2,2,2,2,2,2,2,2,2,2,2,2,2
chr17:32950000-34850000,2,2,2,2,2,2,1,2,2,2,2,2,2
chr17:35000000-83148721,2,2,2,2,2,2,2,2,2,2,2,2,2
chr17:40700000-41425000,2,2,2,2,2,3,2,2,2,2,2,2,2
chr17:41475000-68525000,2,2,2,2,2,2,2,2,2,2,2,2,2
chr17:41925000-42875000,2,2,2,2,2,2,2,2,1,2,2,2,2
chr17:42925000-75425000,2,2,2,2,2,2,2,2,2,2,2,2,2
chr17:49875000-54425000,2,2,2,2,2,2,2,2,2,2,2,2,2
chr17:51550000-56225000,2,2,2,2,2,2,2,2,2,3,2,2,2
chr17:51550000-55050000,3,2,2,2,2,2,2,2,2,2,2,2,2
chr17:54925000-55200000,2,2,2,2,2,2,2,2,2,2,2,2,2
chr17:55200000-56225000,3,2,2,2,2,2,2,2,2,2,2,2,2
chr17:55275000-56425000,2,2,2,2,2,2,2,2,2,2,2,3,2
chr17:55275000-56225000,2,2,2,3,3,2,2,2,2,2,2,2,2
chr17:56425000-68275000,2,2,2,2,2,2,2,2,2,2,2,2,2
chr17:56425000-60800000,2,2,2,2,2,2,2,2,2,2,2,2,2
chr17:56425000-60675000,2,2,2,2,2,2,2,2,2,2,2,2,2
chr17:56650000-68275000,2,2,2,2,2,2,2,2,2,2,2,2,2
chr17:60800000-63075000,3,2,2,2,2,2,2,2,2,2,2,2,2
chr17:61025000-63075000,2,2,2,3,3,2,2,2,2,2,2,2,2
chr17:63275000-68225000,2,2,2,2,2,2,2,2,2,2,2,2,2
chr17:63275000-67625000,2,2,2,2,2,2,2,2,2,2,2,2,2
chr17:63275000-65600000,2,2,2,2,2,2,2,2,2,2,2,2,2
chr17:65775000-67625000,2,2,2,2,2,2,2,2,2,2,2,2,2
chr17:67775000-68325000,2,2,2,3,3,2,2,2,2,2,2,2,2
chr17:68275000-72050000,3,2,2,2,2,2,2,2,2,2,2,2,2
chr17:68325000-73225000,2,2,2,2,2,2,2,2,2,2,2,3,2
chr17:68325000-72050000,2,2,2,2,2,2,2,2,2,3,2,2,2
chr17:68400000-72225000,2,2,2,2,3,2,2,2,2,2,2,2,2
chr17:68400000-72050000,2,2,2,3,2,2,2,2,2,2,2,2,2
chr17:68475000-72225000,2,2,2,2,2,2,2,2,2,2,3,2,2
chr17:68625000-72050000,2,2,2,2,2,3,2,2,2,2,2,2,2
chr17:72225000-83148721,2,2,2,2,2,2,2,2,2,2,2,2,2
chr17:72225000-74675000,3,2,2,2,2,2,2,2,2,2,2,2,2
chr17:72375000-83148721,2,2,2,2,2,2,2,2,2,2,2,2,2
chr17:72375000-74725000,2,2,2,2,3,2,2,2,2,2,2,2,2
chr17:73275000-83148721,2,2,2,2,2,2,2,2,2,2,2,2,2
chr17:74725000-83148721,2,2,2,2,2,2,2,2,2,2,2,2,2
chr17:74775000-83148721,2,2,2,2,2,2,2,2,2,2,2,2,2
chr17:75475000-75875000,2,2,2,2,2,2,2,2,1,2,2,2,2
chr17:75925000-77275000,2,2,2,2,2,2,2,2,2,2,2,2,2
chr17:77325000-80325000,2,2,2,2,2,2,2,2,1,2,2,2,2
chr17:80375000-80675000,2,2,2,2,2,2,2,2,2,2,2,2,2
chr17:80725000-83148721,2,2,2,2,2,2,2,2,1,2,2,2,2
chr18:130000-80231643,2,2,2,3,3,3,2,2,2,2,2,2,2
chr18:130000-79975000,2,2,2,2,2,2,2,2,2,2,3,2,2
chr18:130000-37775000,3,2,2,2,2,2,2,2,2,2,2,2,2
chr18:130000-13825000,2,2,2,2,2,2,2,2,2,2,2,2,2
chr18:13875000-22475000,2,2,2,2,2,2,2,2,2,2,2,2,2
chr18:22725000-23675000,2,2,2,2,2,2,2,2,2,2,2,2,2
chr18:23775000-31200000,2,2,2,2,2,2,1,2,2,2,2,2,2
chr18:31375000-33075000,2,2,2,2,2,2,2,2,2,2,2,2,2
chr18:33475000-37025000,2,2,2,2,2,2,1,2,2,2,2,2,2
chr18:37275000-63425000,2,2,2,2,2,2,1,2,2,2,2,2,2
chr18:38575000-44350000,3,2,2,2,2,2,2,2,2,2,2,2,2
chr18:44675000-80231643,3,2,2,2,2,2,2,2,2,2,2,2,2
chr18:63500000-66425000,2,2,2,2,2,2,1,2,2,2,2,2,2
chr18:67325000-70400000,2,2,2,2,2,2,1,2,2,2,2,2,2
chr18:70725000-74225000,2,2,2,2,2,2,1,2,2,2,2,2,2
chr18:74275000-77250000,2,2,2,2,2,2,1,2,2,2,2,2,2
chr18:77475000-78925000,2,2,2,2,2,2,1,2,2,2,2,2,2
chr18:78975000-79925000,2,2,2,2,2,2,1,2,2,2,2,2,2
chr18:79975000-80231643,2,2,2,2,2,2,2,2,2,2,2,2,2
chr18:80025000-80231643,2,2,2,2,2,2,2,2,2,2,1,2,2
chr19:180000-58578808,2,2,2,2,2,2,2,2,2,1,2,2,2
chr19:180000-53575000,2,2,2,2,2,2,2,2,2,2,2,2,2
chr19:180000-43775000,2,2,2,2,2,2,2,2,2,2,2,2,2
chr19:180000-42325000,2,2,2,2,2,2,2,2,2,2,2,2,2
chr19:180000-34375000,2,2,2,2,2,2,2,2,2,2,2,2,2
chr19:180000-19725000,2,2,2,2,2,2,2,2,2,2,2,2,2
chr19:180000-4125000,2,2,2,2,2,2,2,2,2,2,2,2,2
chr19:4175000-14600000,2,1,2,2,2,2,2,2,2,2,2,2,2
chr19:14700000-15050000,2,1,2,2,2,2,2,2,2,2,2,2,2
chr19:15125000-16425000,2,1,2,2,2,2,2,2,2,2,2,2,2
chr19:16475000-18025000,2,2,2,2,2,2,2,2,2,2,2,2,2
chr19:18075000-19800000,2,3,2,2,2,2,2,2,2,2,2,2,2
chr19:19800000-22550000,2,2,2,3,2,2,2,2,2,2,2,2,2
chr19:20000000-34425000,2,2,2,2,2,2,2,2,2,2,2,2,2
chr19:22725000-51800000,2,2,2,2,2,2,2,2,2,2,2,2,2
chr19:34425000-58578808,2,2,2,2,2,2,2,2,2,2,2,2,1
chr19:34425000-53575000,2,2,2,2,2,2,2,1,2,2,2,2,2
chr19:34500000-58578808,2,1,2,2,2,2,2,2,2,2,2,2,2
chr19:42375000-49525000,2,2,2,2,2,2,2,2,1,2,2,2,2
chr19:43850000-44450000,3,2,2,2,2,3,2,2,2,2,2,3,2
chr19:44550000-58578808,2,2,2,2,2,2,2,2,2,2,2,2,2
chr19:44550000-58225000,2,2,2,2,2,2,2,2,2,2,2,2,2
chr19:49575000-57875000,2,2,2,2,2,2,2,2,2,2,2,2,2
chr19:51875000-52125000,2,2,2,2,2,2,2,2,2,2,2,2,2
chr19:52200000-58578808,2,2,2,2,2,2,2,2,2,2,2,2,2
chr19:53625000-54075000,2,2,2,2,2,2,2,2,2,2,1,2,2
chr19:53625000-53875000,2,2,2,2,2,2,2,1,2,2,2,2,2
chr19:53925000-58578808,2,2,2,2,2,2,2,1,2,2,2,2,2
chr19:54125000-58578808,2,2,2,2,2,2,2,2,2,2,2,2,2
chr19:57950000-58578808,2,2,2,2,2,2,2,2,1,2,2,2,2
chr19:58275000-58578808,2,2,2,2,2,1,2,2,2,2,2,2,2
chr20:158168-64292084,3,2,2,3,2,2,2,2,2,2,2,3,2
chr20:158168-62575000,2,2,2,2,2,2,2,2,2,2,2,2,2
chr20:158168-52175000,2,2,2,2,2,3,2,2,2,2,2,2,2
chr20:158168-30256738,2,2,2,2,2,2,2,2,2,2,2,2,2
chr20:158168-6300000,2,2,2,2,2,2,2,2,2,2,2,2,2
chr20:158168-2825000,2,2,2,2,2,2,2,2,2,2,2,2,2
chr20:158168-1925000,2,2,2,2,2,2,2,2,2,2,2,2,2
chr20:2025000-8400000,2,2,2,2,1,2,2,2,2,2,2,2,2
chr20:2925000-9125000,2,2,2,2,2,2,2,2,1,2,2,2,2
chr20:6600000-16450000,2,2,3,2,2,2,2,2,2,2,2,2,2
chr20:8825000-30256738,2,2,2,2,2,2,2,2,2,2,2,2,2
chr20:9350000-17825000,2,2,2,2,2,2,2,2,1,2,2,2,2
chr20:16625000-52175000,2,2,2,2,2,2,2,2,2,2,2,2,2
chr20:17900000-57375000,2,2,2,2,2,2,2,2,2,2,2,2,2
chr20:31255813-64292084,2,2,2,2,3,2,2,2,2,2,2,2,2
chr20:31255813-52175000,2,2,2,2,2,2,2,2,2,2,2,2,2
chr20:52425000-55300000,2,2,2,2,2,3,2,2,2,3,2,2,2
chr20:52425000-54100000,2,2,3,2,2,2,2,2,2,2,2,2,2
chr20:54175000-64292084,2,2,2,2,2,2,2,2,2,2,2,2,2
chr20:56100000-64292084,2,2,2,2,2,3,2,2,2,2,2,2,2
chr20:57425000-64292084,2,2,2,2,2,2,2,2,1,2,2,2,2
chr20:62625000-63625000,2,1,2,2,2,2,2,2,2,2,2,2,2
chr20:63675000-63925000,2,2,2,2,2,2,2,2,2,2,2,2,2
chr20:63975000-64292084,2,1,2,2,2,2,2,2,2,2,2,2,2
chr21:10569444-46674992,2,2,2,2,2,1,2,2,2,1,2,2,2
chr21:10569444-44150000,2,2,2,1,2,2,2,2,2,2,2,2,2
chr21:10569444-20025000,2,2,2,2,2,2,1,2,2,2,2,2,2
chr21:10569444-18000000,2,2,2,2,2,2,2,2,2,2,2,2,2
chr21:18350000-46674992,2,2,2,2,1,2,2,2,2,2,2,2,2
chr21:21325000-29975000,2,2,2,2,2,2,2,2,2,2,2,2,2
chr21:30175000-31125000,2,2,2,2,2,2,1,2,2,2,2,2,2
chr21:31300000-46375000,2,2,2,2,2,2,2,2,2,2,2,2,2
chr21:44275000-46125000,2,2,2,1,2,2,2,2,2,2,2,2,2
chr21:46175000-46674992,2,2,2,1,2,2,2,2,2,2,2,2,2
chr21:46425000-46674992,2,2,2,2,2,2,3,2,2,2,2,2,2
chr22:16557005-50754234,2,1,2,2,2,2,2,2,2,2,2,2,2
chr22:16557005-49875000,2,2,2,2,2,2,2,2,2,1,2,2,2
chr22:16557005-31275000,2,2,2,2,2,2,2,2,2,2,2,2,2
chr22:31325000-50754234,2,2,2,2,2,2,2,2,1,2,2,2,2
chr22:49925000-50754234,2,2,2,2,2,2,2,2,2,1,2,2,2
chrX:2518744-155640448,2,2,2,2,2,2,2,3,2,2,2,2,3
chrX:2518744-73475000,2,3,2,2,2,2,2,2,2,2,2,2,2
chrX:2518744-58052790,2,2,2,2,2,2,2,2,3,2,2,2,2
chrX:2518744-42425000,1,2,2,1,1,1,2,2,2,1,1,1,2
chrX:2518744-18375000,2,2,2,2,2,2,1,2,2,2,2,2,2
chrX:18525000-76200000,2,2,3,2,2,2,2,2,2,2,2,2,2
chrX:18525000-30250000,2,2,2,2,2,2,2,2,2,2,2,2,2
chrX:30425000-53525000,2,2,2,2,2,2,2,2,2,2,2,2,2
chrX:43300000-63106271,3,2,2,3,3,3,2,2,2,3,3,3,2
chrX:53825000-76200000,2,2,2,2,2,2,3,2,2,2,2,2,2
chrX:63106271-147925000,2,2,2,2,2,2,2,2,2,2,2,2,2
chrX:63975000-138125000,1,2,2,1,1,1,2,2,2,1,1,2,2
chrX:63975000-119625000,2,2,2,2,2,2,2,2,2,2,2,1,2
chrX:73825000-155640448,2,2,2,2,2,2,2,2,2,2,2,2,2
chrX:77250000-125450000,2,2,1,2,2,2,2,2,2,2,2,2,2
chrX:77250000-104200000,2,2,2,2,2,2,1,2,2,2,2,2,2
chrX:104400000-109600000,2,2,2,2,2,2,1,2,2,2,2,2,2
chrX:109850000-125450000,2,2,2,2,2,2,1,2,2,2,2,2,2
chrX:119700000-120050000,2,2,2,2,2,2,2,2,2,2,2,1,2
chrX:120200000-138125000,2,2,2,2,2,2,2,2,2,2,2,1,2
chrX:127775000-155640448,2,2,3,2,2,2,3,2,2,2,2,2,2
chrX:138950000-152875000,3,2,2,3,3,3,2,2,2,3,3,3,2
chrX:148225000-155640448,2,2,2,2,2,2,2,2,2,2,2,2,2
chrX:152925000-154775000,2,2,2,3,2,2,2,2,2,2,2,2,2
chrX:152925000-154625000,3,2,2,2,3,3,2,2,2,3,3,3,2
chrX:154775000-155640448,3,2,2,2,3,3,2,2,2,3,3,3,2
chrX:154900000-155640448,2,2,2,3,2,2,2,2,2,2,2,2,2
chrY:4518744-21244771,1,1,1,1,1,1,1,1,1,1,1,1,1
