,203219650162_R08C01,203219650188_R08C01,203219750019_R05C01,203219750053_R05C01,203219760009_R08C01,203220070150_R02C01,203225140266_R03C01,203257030015_R06C01,203257030060_R08C01
chr1:747994-248923211,2,2,2,2,2,2,2,2,2
chr1:747994-152755000,2,2,2,2,2,2,2,2,2
chr1:747994-13840000,2,2,2,2,2,2,2,2,2
chr1:13920000-14535000,2,2,2,2,2,2,1,2,2
chr1:14605000-248923211,2,2,2,2,2,2,2,2,2
chr1:152850000-153390000,1,2,2,2,2,2,2,2,2
chr1:153470000-248923211,2,2,2,2,2,2,2,2,2
chr2:110000-242111765,2,2,2,2,2,2,2,2,2
chr2:110000-241920000,2,2,2,2,2,2,2,2,2
chr2:241960000-242111765,2,1,2,2,2,2,2,2,2
chr3:115000-198097780,2,2,2,2,2,2,2,2,2
chr3:115000-151920000,2,2,2,2,2,2,2,2,2
chr3:115000-93882787,2,2,2,2,2,2,2,2,2
chr3:94095000-176965000,1,2,2,2,2,2,2,2,2
chr3:152060000-152515000,2,2,2,2,2,2,3,2,2
chr3:152710000-198097780,2,2,2,2,2,2,2,2,2
chr3:177155000-198097780,2,2,2,2,2,2,2,2,2
chr4:110000-190066561,2,2,2,2,2,2,2,2,2
chr4:110000-69365000,2,2,2,2,2,2,2,2,2
chr4:110000-68275000,2,2,2,2,2,2,2,2,2
chr4:110000-4440000,2,2,2,2,2,2,2,2,2
chr4:4510000-6840000,2,2,1,2,2,2,2,2,2
chr4:6910000-190066561,2,2,2,2,2,2,2,2,2
chr4:68520000-70185000,2,2,2,2,2,2,2,2,2
chr4:69700000-70865000,2,2,2,2,2,2,2,3,2
chr4:69700000-70435000,2,2,2,3,2,2,3,2,2
chr4:70435000-190066561,2,2,2,2,2,2,2,2,2
chr4:70665000-190066561,2,2,2,2,2,2,2,2,2
chr4:70945000-190066561,2,2,2,2,2,2,2,2,2
chr5:50000-181369130,2,2,2,2,2,2,2,2,2
chr5:50000-1855000,2,2,2,2,2,2,2,2,2
chr5:1865000-37230000,2,2,2,2,2,2,1,2,2
chr5:37430000-181369130,2,2,2,2,2,2,2,2,2
chr6:140000-170662990,2,2,2,2,2,2,2,2,2
chr6:140000-35230000,2,2,2,2,2,2,2,2,2
chr6:140000-32405000,2,2,2,2,2,2,2,2,2
chr6:140000-29805000,2,2,2,2,2,2,2,2,2
chr6:29850000-29960000,2,2,2,2,2,2,2,2,1
chr6:29985000-170662990,2,2,2,2,2,2,2,2,2
chr6:32425000-32620000,2,2,2,2,2,1,2,2,2
chr6:32700000-170662990,2,2,2,2,2,2,2,2,2
chr6:35270000-36310000,2,2,1,2,2,2,2,2,2
chr6:36360000-36815000,2,2,2,2,2,2,2,2,2
chr6:36855000-37075000,2,2,1,2,2,2,2,2,2
chr6:37135000-170662990,2,2,2,2,2,2,2,2,2
chr7:50000-159247987,2,2,2,2,2,2,2,2,2
chr7:50000-1235000,2,2,2,2,2,2,2,2,2
chr7:1250000-1460000,2,2,2,2,2,2,2,2,2
chr7:1475000-159247987,2,2,2,2,2,2,2,2,2
chr8:195000-145039318,2,2,2,2,2,2,2,2,2
chr8:195000-43235000,2,2,2,2,2,2,2,2,2
chr8:43320000-46615000,2,2,2,2,2,2,3,2,2
chr8:47045000-145039318,2,2,2,2,2,2,2,2,2
chr9:215000-138187359,2,2,2,2,2,2,2,2,2
chr10:125000-133625233,2,2,2,2,2,2,2,2,2
chr11:145000-134993311,2,2,2,2,2,2,2,2,2
chr11:145000-84445000,2,2,2,2,2,2,2,2,2
chr11:145000-76985000,2,2,2,2,2,2,2,2,2
chr11:77080000-118675000,2,2,1,2,2,2,2,2,2
chr11:85100000-126915000,1,2,2,2,2,2,2,2,2
chr11:118745000-134993311,2,2,2,2,2,2,2,2,2
chr11:127010000-134993311,2,2,2,2,2,2,2,2,2
chr12:70000-133222655,2,2,2,2,2,2,2,2,2
chr12:70000-18715000,2,2,2,2,2,2,2,2,2
chr12:19105000-21380000,2,2,3,2,2,2,2,2,2
chr12:21475000-133222655,2,2,2,2,2,2,2,2,2
chr13:18679053-114332164,2,2,2,2,2,2,2,2,2
chr14:19770857-106751859,2,2,2,2,2,2,2,2,2
chr14:19770857-100925000,2,2,2,2,2,2,2,2,2
chr14:19770857-100900000,2,2,2,2,2,2,2,2,2
chr14:19770857-97225000,2,2,2,2,2,2,2,2,2
chr14:97375000-99140000,2,2,2,2,2,2,2,1,2
chr14:99205000-106751859,2,2,2,2,2,2,2,2,2
chr14:100925000-101005000,2,2,2,2,2,1,2,2,2
chr14:100950000-101005000,2,1,2,2,2,2,1,2,2
chr14:101025000-106751859,2,2,2,2,2,2,2,2,2
chr15:20232279-101850595,2,2,2,2,2,2,2,2,2
chr15:20232279-45890000,2,2,2,2,2,2,2,2,2
chr15:20232279-25135000,2,2,2,2,2,2,2,2,2
chr15:25175000-25255000,2,1,2,1,1,2,2,2,2
chr15:25350000-101850595,2,2,2,2,2,2,2,2,2
chr15:46630000-90030000,2,2,2,2,2,2,1,2,2
chr15:90080000-101850595,2,2,2,2,2,2,2,2,2
chr16:40000-90149173,2,2,2,2,2,2,2,2,2
chr16:40000-82245000,2,2,2,2,2,2,2,2,2
chr16:40000-36005193,2,2,2,2,2,2,2,2,2
chr16:46500341-51250000,2,2,2,2,2,2,1,2,2
chr16:51455000-52830000,2,2,2,2,2,2,1,2,2
chr16:53210000-90149173,2,2,2,2,2,2,1,2,2
chr16:82470000-83760000,1,2,2,2,2,2,2,2,2
chr16:83805000-90149173,2,2,2,2,2,2,2,2,2
chr17:130000-83168721,2,2,2,2,2,2,2,2,2
chr17:130000-82790000,2,2,2,2,2,2,2,2,2
chr17:130000-5540000,2,2,2,2,2,2,2,2,2
chr17:5620000-6260000,1,2,2,1,2,2,2,1,2
chr17:6380000-83168721,2,2,2,2,2,2,2,2,2
chr17:6380000-33395000,2,2,2,2,2,2,2,2,2
chr17:33580000-34860000,2,2,2,2,2,2,2,1,2
chr17:33580000-34495000,1,2,2,2,2,2,2,2,2
chr17:34605000-35780000,2,2,2,2,2,2,2,2,2
chr17:35010000-83168721,2,2,2,2,2,2,2,2,2
chr17:35870000-36290000,1,2,2,2,2,2,2,2,2
chr17:36505000-83168721,2,2,2,2,2,2,2,2,2
chr17:82805000-83168721,2,2,2,2,2,2,2,2,2
chr18:135000-80206643,2,2,2,2,2,2,2,2,2
chr19:175000-58588808,2,2,2,2,2,2,2,2,2
chr20:178168-64292084,2,2,2,2,2,2,2,2,2
chr21:10569444-46679992,2,2,2,2,2,2,2,2,2
chr22:16567005-50769234,2,2,2,2,2,2,2,2,2
chrX:2528744-155645448,3,2,3,3,2,3,3,3,3
chrX:2528744-152870000,2,3,2,2,2,2,2,2,2
chrX:2528744-152735000,2,2,2,2,3,2,2,2,2
chrX:152870000-155645448,2,2,2,2,3,2,2,2,2
chrX:152950000-155645448,2,3,2,2,2,2,2,2,2
chrY:4728744-21244771,1,1,1,1,1,1,1,1,1
