"","value"
"chr1-001",0.0536389281321333
"chr1-002",0.0613181817584413
"chr1-003",-0.0042739446699573
"chr1-004",-0.0909773500257205
"chr1-005",-0.0748519686745498
"chr1-006",-0.0782834140445717
"chr1-007",-0.0234353085401423
"chr1-008",-0.0593442562844499
"chr1-009",-0.0651797098893659
"chr1-010",0.0170565640930156
"chr1-011",-0.0494140533710115
"chr1-012",-0.0206371603214438
"chr1-013",-0.0792593629008938
"chr1-014",-0.0399899398393921
"chr1-015",-0.00654504314004982
"chr1-016",-0.0302483151690351
"chr1-017",-0.031004816505581
"chr1-018",-0.0327779530727579
"chr1-019",0.108511818952975
"chr1-020",-0.100933198267188
"chr1-021",-0.121211656809393
"chr1-022",-0.00126768684224441
"chr1-023",-0.0528223548557708
"chr1-024",-0.0497565370320316
"chr1-025",-0.0786417849027317
"chr1-026",-0.0630102374366202
"chr1-027",-0.0275032770932296
"chr1-028",-0.0739287048030367
"chr1-029",-0.0971835698662233
"chr1-030",-0.068346332717498
"chr1-031",-0.0716738064905821
"chr1-032",-0.0636018754210694
"chr1-033",-0.144162852325248
"chr1-034",-0.0915538277700195
"chr1-035",-0.0604312612269894
"chr1-036",-0.0929661785938774
"chr1-037",-0.0329043049646735
"chr1-038",-0.0884044098408158
"chr1-039",-0.0036844328452309
"chr1-040",-0.0996344559199144
"chr1-041",-0.0947130492237081
"chr1-042",-0.075833962307136
"chr1-043",-0.0182458388307193
"chr1-044",-0.0279611426307632
"chr1-045",-0.0814063295766098
"chr1-046",-0.0452120726939856
"chr1-047",-0.0730684082164485
"chr1-048",-0.0750597466928506
"chr1-049",-0.0595022879892806
"chr1-050",-0.0844541652715473
"chr1-051",-0.0934497516450952
"chr1-052",0.0127912603360206
"chr1-053",-0.111282462346081
"chr1-054",-0.0404851092434252
"chr1-055",-0.0278620678452986
"chr1-056",-0.0718448522019476
"chr1-057",-0.0387088207408197
"chr1-058",-0.0958289541733267
"chr1-059",0.00532730641614186
"chr1-060",0.0165251627658151
"chr1-061",0.0279931375245372
"chr1-062",-0.00699294860168286
"chr1-063",0.0187483204418063
"chr1-064",0.0511007193326748
"chr1-065",0.00847093236984078
"chr1-066",-0.0390779229161421
"chr1-067",-0.0135545523332323
"chr1-068",0.0613813693346311
"chr1-069",0.00609003428996601
"chr1-070",0.00730508014752984
"chr1-071",-0.00382106403748336
"chr1-072",-0.039794953228971
"chr1-073",-0.0253167687613009
"chr1-074",-0.0352667199713967
"chr1-075",-0.044857970516993
"chr1-076",0.0220212554938017
"chr1-077",0.137141699081649
"chr1-078",-0.0398721040668528
"chr1-079",-0.0649387659824782
"chr1-080",0.0265201369252461
"chr1-081",-0.0126250084507415
"chr1-082",-0.017253931069731
"chr1-083",0.0179069477622947
"chr1-084",-0.059737587632441
"chr1-085",0.0385065298732747
"chr1-086",0.0785429095711246
"chr1-087",0.0622618600412549
"chr1-088",-0.0156587908235429
"chr1-089",0.0145302424704453
"chr1-090",-0.0526753957368821
"chr1-091",0.0278301442027363
"chr1-092",0.0421143289029104
"chr1-093",0.020835781401685
"chr1-094",-0.0321492578456735
"chr1-095",-0.0194922092709511
"chr1-096",-0.0504383239986129
"chr1-097",-0.0317655535683986
"chr1-098",0.0377985989225857
"chr1-099",0.0271713772764343
"chr1-100",0.0480958619663081
"chr1-101",0.027315348843477
"chr1-102",0.0227898544421305
"chr1-103",0.0189076079282541
"chr1-104",-0.0137270497811803
"chr1-105",0.0445008103071063
"chr1-106",-0.0081703884848393
"chr1-107",0.0424518455175621
"chr1-108",0.00307239917688944
"chr1-109",0.00797589680437199
"chr1-110",-0.00303117666248152
"chr1-111",0.0206049340925498
"chr1-112",-0.0931639724764314
"chr1-113",-0.0551157882957571
"chr1-114",-0.0475839871263664
"chr1-115",-0.0901703934606355
"chr1-116",0.00177612325811072
"chr1-117",-0.0770537831068704
"chr1-118",0.0445341022718107
"chr1-119",0.0164962205984069
"chr1-120",-0.0831260818248027
"chr1-121",-0.0767735162601497
"chr1-122",-0.0146360743911902
"chr1-123",0.0618751112740968
"chr1-124",0.0158495844839657
"chr1-125",-0.00472733733675553
"chr1-126",0.0801228477478997
"chr1-127",-0.0335422780211746
"chr1-128",0.0639665367677046
"chr1-129",-0.0383592285952527
"chr1-130",0.0519583230459573
"chr1-131",-0.0202147832184429
"chr1-132",-0.0956544919562197
"chr1-133",-0.0764765501286777
"chr1-134",-0.0204599877517224
"chr1-135",-0.0857168246639886
"chr1-136",-0.0557224210776415
"chr1-137",-0.0871198604059395
"chr1-138",-0.101014389109648
"chr1-139",-0.0222585002833191
"chr1-140",-0.0187299427504721
"chr1-141",-0.0640098115004276
"chr1-142",-0.0457020693656848
"chr1-143",-0.0625256329819476
"chr1-144",0.00983583365520115
"chr1-145",0.0261146517470316
"chr1-146",0.0600168252575393
"chr1-147",-0.0383742181337272
"chr1-148",-0.00869260531932447
"chr1-149",-0.0329518699722558
"chr1-150",6.47828121102843e-05
"chr1-151",0.00940788296575388
"chr1-152",0.0407126236029229
"chr1-153",-0.00604621842613323
"chr1-154",0.0295492127014469
"chr1-155",-0.0152010622989473
"chr1-156",0.0193864726785538
"chr1-157",-0.0473590436519313
"chr1-158",-0.000123833902118314
"chr1-159",-0.0215610184891538
"chr1-160",-0.00411327869286699
"chr1-161",-0.021580408154736
"chr1-162",-0.0478186266246741
"chr1-163",-0.0367295100145844
"chr1-164",0.0002656605448351
"chr1-165",0.0220499887976063
"chr1-166",0.0414559890550506
"chr1-167",-0.000266939236374448
"chr1-168",-0.0184741956482869
"chr1-169",0.0453207892440367
"chr1-170",-0.00673296341922354
"chr1-171",-0.0765605995483255
"chr1-172",-0.0175190501543957
"chr1-173",0.0123627339924264
"chr1-174",0.041564968278001
"chr1-175",0.0812863433334852
"chr1-176",0.0452487076819718
"chr1-177",-0.0338247637557602
"chr1-178",-0.0440366540021811
"chr1-179",-0.0425001304331787
"chr1-180",0.0326972062855034
"chr1-181",-0.00518385757611707
"chr1-182",-0.0343784872873706
"chr1-183",-0.067087457821835
"chr1-184",0.0165220980700803
"chr1-185",-0.0767055184724197
"chr1-186",-0.0667342247413842
"chr1-187",-0.0980491595151141
"chr1-188",-0.036592851035381
"chr1-189",-0.00407047481742493
"chr1-190",-0.0333681140507488
"chr1-191",-0.0247880173821262
"chr1-192",-0.00761959192529468
"chr1-193",-0.0602662489819672
"chr1-194",-0.0469013563196242
"chr1-195",0.0177105362294335
"chr1-196",0.0370605341787622
"chr1-197",0.0668352960296928
"chr1-198",0.053000230649581
"chr1-199",0.0114998863461006
"chr1-200",0.0177749947114585
"chr1-201",0.0302375876703125
"chr1-202",-0.0151024933801063
"chr1-203",0.0671386641354663
"chr1-204",0.0162722212809949
"chr1-205",-0.0677448209932802
"chr1-206",-0.00244056045527272
"chr1-207",-0.0161313098610616
"chr1-208",-0.00380844970397994
"chr1-209",-0.0311358483421432
"chr1-210",-0.0191165241986259
"chr1-211",-0.0539914882354353
"chr1-212",0.038827031426699
"chr1-213",0.0126468050213357
"chr1-214",-0.000603959402484008
"chr1-215",-0.0285720964093569
"chr1-216",0.0312043522709441
"chr1-217",0.049103909962078
"chr1-218",0.0172343917296176
"chr1-219",-0.0119704199715113
"chr1-220",0.0199286013449089
"chr1-221",0.0424237587466703
"chr1-222",0.112105150701455
"chr1-223",0.0627075116134685
"chr1-224",0.0416330587053
"chr1-225",0.0564803065677179
"chr1-226",0.00188507158837634
"chr1-227",0.0212133629725683
"chr1-228",0.0226902731736524
"chr1-229",0.0311241060175862
"chr1-230",0.0736812998455821
"chr1-231",-0.0108591517571339
"chr1-232",-0.0347665239886262
"chr10-001",0.0414057595392217
"chr10-002",-0.0275402562425977
"chr10-003",0.0143008233437251
"chr10-004",0.0442936133344451
"chr10-005",0.126434429671569
"chr10-006",-0.0137796535627374
"chr10-007",-0.00251340091566008
"chr10-008",-0.00601828315903991
"chr10-009",-0.0124666975456338
"chr10-010",0.0713506158546934
"chr10-011",0.0471129988107509
"chr10-012",-0.0226283622128889
"chr10-013",-0.0137036746784778
"chr10-014",-0.00202083828790819
"chr10-015",-0.0221581146107335
"chr10-016",0.0127184188714112
"chr10-017",0.0914163098777037
"chr10-018",0.0130820523372141
"chr10-019",-0.000759886414427507
"chr10-020",0.0607009092811985
"chr10-021",0.104753473639824
"chr10-022",0.00894336651685089
"chr10-023",0.0199618675637662
"chr10-024",0.0114133002300179
"chr10-025",0.0681650942484566
"chr10-026",-0.0256814144420658
"chr10-027",-0.0270571440310693
"chr10-028",-0.0210895679335191
"chr10-029",0.0574181321394781
"chr10-030",0.053223208219309
"chr10-031",0.0314578421419288
"chr10-032",0.030449567017741
"chr10-033",-0.0245813143889374
"chr10-034",0.0587576061339774
"chr10-035",0.0557958436336538
"chr10-036",0.0234918550558279
"chr10-037",0.123173846428395
"chr10-038",-0.0330174909083387
"chr10-039",-0.0847228379001475
"chr10-040",-0.0773200222323543
"chr10-041",-0.0449638845579705
"chr10-042",-0.0379560777374188
"chr10-043",-0.0208211126856191
"chr10-044",-0.0897411352082316
"chr10-045",-0.138559886270958
"chr10-046",-0.0102768941408469
"chr10-047",-0.0832021820939143
"chr10-048",-0.0924872912270545
"chr10-049",-0.00501854227109966
"chr10-050",-0.00412243501963394
"chr10-051",-0.0724015954775378
"chr10-052",-0.0118340168325044
"chr10-053",-0.0610271123336153
"chr10-054",-0.0775354043682457
"chr10-055",0.0769185579729106
"chr10-056",0.0335225373357564
"chr10-057",0.0110637234217035
"chr10-058",0.0604347438283157
"chr10-059",0.0120451830806228
"chr10-060",0.0213678285109308
"chr10-061",-0.0431003974759504
"chr10-062",0.0738323940557205
"chr10-063",0.0762444421435769
"chr10-064",0.126278462344962
"chr10-065",0.0314879937780734
"chr10-066",-0.0590571455358359
"chr10-067",-0.0900537967223735
"chr10-068",-0.104145650946073
"chr10-069",-0.112537036061705
"chr10-070",-0.0616916954369589
"chr10-071",-0.0330512761550587
"chr10-072",0.0130860189601319
"chr10-073",0.0105905465837545
"chr10-074",0.0270767400886684
"chr10-075",-0.0156684931707272
"chr10-076",-0.0950957557445995
"chr10-077",-0.0915142275314037
"chr10-078",-0.0204876272310014
"chr10-079",-0.0266804741301765
"chr10-080",0.0550050257599096
"chr10-081",0.0464672967018258
"chr10-082",-0.0632438456159296
"chr10-083",-0.0510018915923747
"chr10-084",-0.11155941981674
"chr10-085",-0.0271295090990985
"chr10-086",0.0434252774365678
"chr10-087",-0.00168519554873924
"chr10-088",0.000204691170141125
"chr10-089",0.00598499059368261
"chr10-090",-0.0100580058159573
"chr10-091",-0.0380956727183864
"chr10-092",0.0175462833518115
"chr10-093",0.00438129734869872
"chr10-094",-0.0164594532028974
"chr10-095",-0.074977148716891
"chr10-096",-0.049222108465599
"chr10-097",-0.0289317534631637
"chr10-098",-0.0803741603488406
"chr10-099",-0.0825309970563088
"chr10-100",-0.0785390360528551
"chr10-101",-0.0713302139978149
"chr10-102",-0.0713239476585019
"chr10-103",0.13131141778202
"chr10-104",0.0916247866688543
"chr10-105",0.0638904685238888
"chr10-106",0.0301888322877771
"chr10-107",0.038570475793291
"chr10-108",-0.0357950629320282
"chr10-109",0.0306410915789577
"chr10-110",-0.0223555881038822
"chr10-111",0.0292101121974169
"chr10-112",0.000655445046938964
"chr10-113",0.00277119036170432
"chr10-114",-0.0236128400707205
"chr10-115",-0.0615388277258489
"chr10-116",-0.0226911670635265
"chr10-117",-0.0411700767912864
"chr10-118",-0.021649868308481
"chr10-119",0.0360867556192505
"chr10-120",-0.0563017406478377
"chr10-121",-0.064075754253202
"chr10-122",-0.001008699595875
"chr10-123",-0.0841316962622902
"chr10-124",0.0302055452244529
"chr10-125",0.0230606911005446
"chr10-126",0.00189543889437541
"chr10-127",-0.0201368971231375
"chr10-128",-0.0335121453839654
"chr10-129",-0.0478619541197602
"chr10-130",-0.125982529618981
"chr10-131",-0.00727577860823629
"chr10-132",-0.0032133848002046
"chr10-133",0.00331351522569218
"chr11-001",0.0286744675693755
"chr11-002",0.045688569826169
"chr11-003",-0.0447294311805011
"chr11-004",-0.0408692330795555
"chr11-005",-0.034213059191745
"chr11-006",-0.0161564235006488
"chr11-007",-0.0530281057088459
"chr11-008",-0.0153810655315955
"chr11-009",-0.037767679298162
"chr11-010",-0.00818712866706667
"chr11-011",-0.0422214302121421
"chr11-012",-0.0158166096557428
"chr11-013",0.0394808933793411
"chr11-014",-0.010343227079065
"chr11-015",-0.0623087633291301
"chr11-016",0.00582943149195591
"chr11-017",-0.023533467159749
"chr11-018",-0.0449340341336976
"chr11-019",-0.0592177231235704
"chr11-020",0.025824219478221
"chr11-021",-0.0267467043573148
"chr11-022",-0.068409809001823
"chr11-023",-0.0681997605888654
"chr11-024",-0.0110730211663104
"chr11-025",-0.00383808124041151
"chr11-026",0.109890260021306
"chr11-027",-0.0344967859288128
"chr11-028",-0.0144414781344262
"chr11-029",0.0360936375901267
"chr11-030",0.0392896755557433
"chr11-031",-0.103526359976211
"chr11-032",-0.00275758108875847
"chr11-033",-0.00216477879874105
"chr11-034",-0.00602187266941392
"chr11-035",0.0388315083242368
"chr11-036",-0.00412740409700045
"chr11-037",0.00616734201211505
"chr11-038",-0.0411223215055149
"chr11-039",0.0308109898825639
"chr11-040",-0.0332669080173693
"chr11-041",0.0297603196013219
"chr11-042",-0.00473252860779539
"chr11-043",-0.068693077311642
"chr11-044",-0.0793796667438053
"chr11-045",-0.0162412271769278
"chr11-046",-0.0451956357627998
"chr11-047",0.0190547927652448
"chr11-048",0.0301315667803127
"chr11-049",0.0279705329477978
"chr11-050",-0.0181474606026686
"chr11-051",-0.0332560408805828
"chr11-052",-0.0500266512835316
"chr11-053",-0.0306814460179887
"chr11-054",-0.0350300626973186
"chr11-055",-0.0306652762039767
"chr11-056",-0.0670433536373947
"chr11-057",-0.0860130280877589
"chr11-058",-0.0226558714277388
"chr11-059",-0.0404322679477324
"chr11-060",-0.0595037973103047
"chr11-061",-0.0510010774051065
"chr11-062",-0.0415334722069998
"chr11-063",-0.00185421848414608
"chr11-064",-0.0484974739052048
"chr11-065",-0.0790080841419508
"chr11-066",-0.0652394387209487
"chr11-067",-0.0683625720140467
"chr11-068",-0.0531063809818114
"chr11-069",-0.0664708019183857
"chr11-070",-0.0666815667675648
"chr11-071",-0.0825738839266516
"chr11-072",-0.0408069121481301
"chr11-073",-0.0122220472774269
"chr11-074",0.0145515922674882
"chr11-075",0.0259547849150939
"chr11-076",0.134496017674222
"chr11-077",-0.0400580808303585
"chr11-078",-0.0389521470148449
"chr11-079",0.0692394756073583
"chr11-080",-0.00811281574713582
"chr11-081",0.00179672179147618
"chr11-082",0.0889865896247228
"chr11-083",0.0518347466792205
"chr11-084",0.0735370832180481
"chr11-085",-0.0376078437627181
"chr11-086",0.0905077373810108
"chr11-087",0.029634078525633
"chr11-088",-0.0358564307477738
"chr11-089",-0.00110111035871784
"chr11-090",0.0350001540031981
"chr11-091",0.0328564906336834
"chr11-092",-0.0495658598461629
"chr11-093",0.00144506689305596
"chr11-094",0.0738237721498284
"chr11-095",-0.0405363876716548
"chr11-096",0.00370480983742067
"chr11-097",-0.00256949169771493
"chr11-098",0.032982731573425
"chr11-099",0.0573216279337043
"chr11-100",0.000148992286643815
"chr11-101",-0.0234050417549416
"chr11-102",-0.0104732091164072
"chr11-103",0.105244006099983
"chr11-104",0.00508128424971973
"chr11-105",0.00849945350833269
"chr11-106",-0.030296168526736
"chr11-107",-0.0357754677509081
"chr11-108",0.0159765056031199
"chr11-109",0.00893554225021874
"chr11-110",-0.0552713894236715
"chr11-111",-0.0553044187524339
"chr11-112",-0.0588972168426865
"chr11-113",-0.105174068070347
"chr11-114",-0.0623151642396329
"chr11-115",0.0336075851403298
"chr11-116",0.0253125269146936
"chr11-117",-0.0174542077320791
"chr11-118",-0.0454598196916668
"chr11-119",-0.0386852585874012
"chr11-120",-0.0335824721189649
"chr11-121",0.0195913712777878
"chr11-122",-0.0124707660125734
"chr11-123",0.00374979534006663
"chr11-124",-0.0040743948279328
"chr11-125",0.0194053740861489
"chr11-126",0.0152412914741154
"chr11-127",-0.0268854070747934
"chr11-128",-0.0307261734401562
"chr12-001",-0.0195805454621716
"chr12-002",0.00394311654271781
"chr12-003",-0.00341904535572949
"chr12-004",-0.029629266532676
"chr12-005",-0.0574456248391993
"chr12-006",-0.0162094320757147
"chr12-007",-0.0470635592339409
"chr12-008",-0.0354935458028039
"chr12-009",-0.0295818105685943
"chr12-010",0.0130051452215934
"chr12-011",0.0195989174813062
"chr12-012",0.0197687063511423
"chr12-013",0.068892314736049
"chr12-014",0.00735560965417291
"chr12-015",-0.0194902650272507
"chr12-016",0.0555549750105785
"chr12-017",0.0629468599726782
"chr12-018",0.103789338334543
"chr12-019",0.0899113187826331
"chr12-020",0.0800472202294434
"chr12-021",0.0557333183695301
"chr12-022",0.101334952426143
"chr12-023",-0.0462259265656524
"chr12-024",0.00344881493305367
"chr12-025",0.111697764684953
"chr12-026",0.0431045719370658
"chr12-027",0.0729246940318587
"chr12-028",0.0205866053042963
"chr12-029",0.0322671505863589
"chr12-030",0.0570875925953945
"chr12-031",0.00713137617163929
"chr12-032",-0.00738862575222193
"chr12-033",-0.0189854743727365
"chr12-034",0.0379915513432622
"chr12-035",0.101933871217105
"chr12-036",-0.0267474611549933
"chr12-037",0.0279420763030466
"chr12-038",-0.039953812464365
"chr12-039",0.0583331120529048
"chr12-040",-0.0175905912185475
"chr12-041",0.0665059885165487
"chr12-042",0.00709762327885526
"chr12-043",0.0371990621910186
"chr12-044",0.000926581190224878
"chr12-045",0.0512070689068664
"chr12-046",-0.0235027667940699
"chr12-047",-0.0580814659633191
"chr12-048",-0.0577395986467322
"chr12-049",-0.00159361861592185
"chr12-050",-0.00260946341541375
"chr12-051",-0.0716275763956278
"chr12-052",-0.0561059357988492
"chr12-053",-0.0634672867224745
"chr12-054",-0.0785273434706204
"chr12-055",-0.0947984898199314
"chr12-056",-0.0543668757734295
"chr12-057",0.0573721234847438
"chr12-058",-0.0407177637478329
"chr12-059",-0.0409647638336722
"chr12-060",-0.0541066137988279
"chr12-061",-0.0198140308204105
"chr12-062",0.00253942232792764
"chr12-063",0.0209234519289818
"chr12-064",0.0820302178831202
"chr12-065",0.054610030830062
"chr12-066",0.0219492109415307
"chr12-067",0.00507685280754576
"chr12-068",0.0241688777965912
"chr12-069",0.0292370778642055
"chr12-070",0.00886875356255
"chr12-071",0.0167602495851566
"chr12-072",0.0221327561795341
"chr12-073",-0.00460482182269261
"chr12-074",-0.00713658110785378
"chr12-075",0.0469115401044203
"chr12-076",0.0837581112653712
"chr12-077",0.057241705391763
"chr12-078",0.0157955150947669
"chr12-079",0.0266709650559896
"chr12-080",-0.00115904253630597
"chr12-081",0.0143233968197871
"chr12-082",-0.0505726097916353
"chr12-083",0.0220743884773904
"chr12-084",-0.0208658298307832
"chr12-085",0.122888714530762
"chr12-086",0.0856358232277913
"chr12-087",-0.0509033374678427
"chr12-088",0.0272862040217436
"chr12-089",0.0321350369283094
"chr12-090",0.083633711338287
"chr12-091",0.0636820626578125
"chr12-092",0.0506364490794246
"chr12-093",-0.0189371339210248
"chr12-094",-0.0204295316844539
"chr12-095",-0.00893336708642527
"chr12-096",0.0936612369292656
"chr12-097",0.015461463614258
"chr12-098",-0.0250511704443438
"chr12-099",0.0067795343709992
"chr12-100",-0.0287346248252822
"chr12-101",0.0018847115242118
"chr12-102",0.0103022307848292
"chr12-103",0.00568779692135191
"chr12-104",0.0555739436693074
"chr12-105",0.0142099933022337
"chr12-106",-0.0740124642974747
"chr12-107",-0.0266635591270709
"chr12-108",-0.0701581420535109
"chr12-109",0.00763804122819849
"chr12-110",-0.0338596229651815
"chr12-111",-0.0180063105545843
"chr12-112",-0.0882871822609739
"chr12-113",-0.0205781689296426
"chr12-114",0.0766665316664027
"chr12-115",0.0147137742318944
"chr12-116",-0.051069514630593
"chr12-117",0.0659431599606597
"chr12-118",0.00416855950558552
"chr12-119",-0.042846004298339
"chr12-120",-0.0388800214235185
"chr12-121",-0.041823307738628
"chr12-122",-0.0160703765079284
"chr12-123",-0.0100620686415764
"chr12-124",-0.0154273083074437
"chr12-125",0.0324775758245911
"chr12-126",0.0475054181281879
"chr12-127",-0.00351707336935319
"chr12-128",-0.0290258639796183
"chr12-129",-0.0339336906897569
"chr12-130",-0.00124318711385857
"chr12-131",0.0460343245801735
"chr12-132",0.0374827574390399
"chr12-133",-0.0115642123592912
"chr13-001",0.0454449131697995
"chr13-002",-0.0140795760838505
"chr13-003",0.00744178813357119
"chr13-004",-0.00107009514257769
"chr13-005",0.0152932827037836
"chr13-006",0.0265927797576699
"chr13-007",-0.00875694763335838
"chr13-008",0.00555134139355652
"chr13-009",-0.0466634493598194
"chr13-010",-0.0748742720626743
"chr13-011",0.0525868685369999
"chr13-012",0.0165891384074789
"chr13-013",0.0177667600740601
"chr13-014",0.0161251876898155
"chr13-015",0.0243369351081947
"chr13-016",0.101046492567657
"chr13-017",0.0407288499532963
"chr13-018",0.0543009673014401
"chr13-019",-0.0154934873958026
"chr13-020",0.00266895746035341
"chr13-021",-0.0659356485645661
"chr13-022",0.0140714403748331
"chr13-023",0.035024367310397
"chr13-024",-0.0160651285127856
"chr13-025",0.0294537675830195
"chr13-026",0.10208804157526
"chr13-027",0.0192936563464013
"chr13-028",-0.0471599769830161
"chr13-029",0.0320945681756145
"chr13-030",0.0381451842314041
"chr13-031",-0.0158904986940848
"chr13-032",-0.0439191065687307
"chr13-033",0.0391004569569762
"chr13-034",-0.0126907477811484
"chr13-035",-0.0507870988664495
"chr13-036",0.0239041684250715
"chr13-037",-0.0245262091158833
"chr13-038",0.0181839134607903
"chr13-039",0.0151058603369659
"chr13-040",-0.1401219607631
"chr13-041",0.0634669783130896
"chr13-042",0.0524058818433617
"chr13-043",-0.0244661859745127
"chr13-044",-0.150043856820861
"chr13-045",0.0908508765578718
"chr13-046",-0.0168511944731801
"chr13-047",-0.0435960594051776
"chr13-048",0.0115171483833823
"chr13-049",0.074499944346149
"chr13-050",0.00138589409790607
"chr13-051",-0.013686353288961
"chr13-052",0.0615782806189191
"chr13-053",-0.0491493079945756
"chr13-054",0.124852085273958
"chr13-055",-0.0413735676466056
"chr13-056",0.0540678530079876
"chr13-057",0.0553958807371516
"chr13-058",0.037905042616585
"chr13-059",0.0117313014357277
"chr13-060",-0.00441755905085011
"chr13-061",0.0256909865539531
"chr13-062",0.0154125452010673
"chr13-063",0.0280673614392854
"chr13-064",0.0330910939309061
"chr13-065",-0.0119406875720543
"chr13-066",0.113487671860529
"chr13-067",-0.0722428945744044
"chr13-068",-0.016414437869201
"chr13-069",-0.0225472539885638
"chr13-070",0.0185424244055839
"chr13-071",0.114687616489434
"chr13-072",-0.153933718492214
"chr13-073",-0.00800202640425274
"chr13-074",-0.0139734310789201
"chr13-075",0.071881978206485
"chr13-076",-0.0112105485542483
"chr13-077",0.03122658768536
"chr13-078",-0.0580627470944397
"chr13-079",0.029991248098831
"chr13-080",0.029541474035785
"chr13-081",-0.00620853348420571
"chr13-082",0.00145820572691986
"chr13-083",0.0756281272463568
"chr13-084",-0.0198203191354053
"chr13-085",0.0897775243140595
"chr13-086",0.0657642555690331
"chr13-087",0.00258073477701521
"chr13-088",0.0250295474961951
"chr13-089",0.0732331275055924
"chr13-090",0.0395646845997294
"chr13-091",0.0751177199694548
"chr13-092",0.0196044651390216
"chr13-093",0.00950903706195383
"chr13-094",-0.118202442444176
"chr13-095",-0.00426492162651308
"chr13-096",0.0295004799776126
"chr13-097",0.0696887604386069
"chr13-098",0.0815920631806
"chr14-001",0.0920705394880285
"chr14-002",0.22617649454281
"chr14-003",-0.106637399391619
"chr14-004",-0.040760498981385
"chr14-005",-0.0254171351665379
"chr14-006",-0.0645208803918997
"chr14-007",-0.0861009628929064
"chr14-008",0.0635559842379542
"chr14-009",0.0514061335259281
"chr14-010",0.0679896431363983
"chr14-011",0.0272400396776109
"chr14-012",0.0517377997289553
"chr14-013",-0.0528109631411028
"chr14-014",-0.0160881501430365
"chr14-015",0.056035819269026
"chr14-016",0.0758364543494771
"chr14-017",-0.00601176439415354
"chr14-018",-0.0685812778165771
"chr14-019",-0.132275815140334
"chr14-020",-0.0557942579223846
"chr14-021",-0.0367874012414101
"chr14-022",-0.00399589926700871
"chr14-023",-0.0823936642470531
"chr14-024",-0.0999089179462992
"chr14-025",0.0303579979468597
"chr14-026",-0.112679406215797
"chr14-027",-0.111518889028441
"chr14-028",-0.0118776540481503
"chr14-029",0.0500356888140234
"chr14-030",0.0682483381338402
"chr14-031",-0.00411541413404025
"chr14-032",-0.0449273163658229
"chr14-033",-0.0213502389468365
"chr14-034",0.0452738163518262
"chr14-035",-0.0191402513562597
"chr14-036",0.0420983925359786
"chr14-037",0.0493875550168218
"chr14-038",-0.00291775063136464
"chr14-039",0.00634988906139845
"chr14-040",0.0535808563738197
"chr14-041",-0.0937144496085268
"chr14-042",0.0126515715228933
"chr14-043",-0.0339297272087361
"chr14-044",0.0353585075482049
"chr14-045",0.0321337825858644
"chr14-046",-0.000320157415561692
"chr14-047",-0.0642077829788107
"chr14-048",0.0510589952493009
"chr14-049",-0.00118194436215726
"chr14-050",-0.0546016402026944
"chr14-051",0.0264113589846917
"chr14-052",-0.0302314645400099
"chr14-053",-0.0151833620863845
"chr14-054",-0.00431049426677032
"chr14-055",-0.0696991899570507
"chr14-056",-0.0308816673757131
"chr14-057",-0.0333851325935781
"chr14-058",-0.0224054099994774
"chr14-059",-0.0603168651781058
"chr14-060",-0.070006210841567
"chr14-061",-0.0101567323612945
"chr14-062",0.0530048665337021
"chr14-063",0.0396195150459731
"chr14-064",-0.0279316620914333
"chr14-065",0.12011948573297
"chr14-066",0.0553402606672769
"chr14-067",4.61190817738367e-05
"chr14-068",0.0121653432235477
"chr14-069",0.13720887008676
"chr14-070",0.0829840477911622
"chr14-071",-0.0189322794574712
"chr14-072",0.0308811393700216
"chr14-073",-0.0262425439868368
"chr14-074",-0.0528291417960068
"chr14-075",-0.0443040230753674
"chr14-076",-0.0289170179439546
"chr14-077",-0.0982979965216679
"chr14-078",-0.0230957994535359
"chr14-079",-0.0413900127910749
"chr14-080",0.00397234628664623
"chr14-081",0.0250080043800627
"chr14-082",-0.0255619708430704
"chr14-083",-0.0849331562135912
"chr14-084",-0.0467277831260067
"chr14-085",-0.00394857725019359
"chr14-086",0.0080569925210873
"chr14-087",-0.0265654330536593
"chr14-088",-0.0182331919591697
"chr14-089",-0.050439593007444
"chr15-001",-0.122487788005014
"chr15-002",-0.185654091835357
"chr15-003",-0.276661544031411
"chr15-004",-0.354486967007612
"chr15-005",0.0176141359850479
"chr15-006",0.0212026493218561
"chr15-007",0.0149268968513353
"chr15-008",0.0241636464032991
"chr15-009",-0.168232910324256
"chr15-010",-0.0497941608071014
"chr15-011",-0.041522211804711
"chr15-012",0.0528536465233554
"chr15-013",-0.049230508181578
"chr15-014",-0.00276583620703896
"chr15-015",-0.0502267105558245
"chr15-016",0.0298622723263321
"chr15-017",0.0340734780506798
"chr15-018",-0.0591617282887969
"chr15-019",0.0718063253869491
"chr15-020",0.0799115200507579
"chr15-021",0.0326718129640871
"chr15-022",0.0314405992942783
"chr15-023",0.0549102281974589
"chr15-024",-0.0755736991127161
"chr15-025",-0.0677950927220754
"chr15-026",-0.0697957482081216
"chr15-027",-0.060606866373468
"chr15-028",-0.0110990205088483
"chr15-029",-0.0562576671226123
"chr15-030",-0.0591798225655466
"chr15-031",0.00186589420869396
"chr15-032",-0.00568025663477556
"chr15-033",-0.0206303811132007
"chr15-034",-0.0238019500534965
"chr15-035",-0.0287722462960752
"chr15-036",-0.0576300451254934
"chr15-037",0.0763748118465137
"chr15-038",0.186858490621781
"chr15-039",-0.00958506210046298
"chr15-040",-0.014015627029536
"chr15-041",0.0235834310621832
"chr15-042",0.0329013064001514
"chr15-043",0.0121294718988996
"chr15-044",0.0782451931508113
"chr15-045",0.0521759856938228
"chr15-046",-0.0158614746645412
"chr15-047",0.012196389779478
"chr15-048",-0.036775449578257
"chr15-049",-0.0536282529991841
"chr15-050",-0.0618924746334676
"chr15-051",-0.044348252142072
"chr15-052",-0.0251203179689033
"chr15-053",-0.017036811750349
"chr15-054",-0.0116487875622759
"chr15-055",0.0424480437522307
"chr15-056",-0.0381788852990675
"chr15-057",-0.0524700941502332
"chr15-058",-0.0955506548282443
"chr15-059",-0.0908066925803349
"chr15-060",-0.0752751190707116
"chr15-061",-0.102448436398388
"chr15-062",-0.0502165181205668
"chr15-063",-0.0290961001125007
"chr15-064",-0.0445578884687056
"chr15-065",-0.00369899990834544
"chr15-066",-0.0742052378724804
"chr15-067",-0.000462467089676802
"chr15-068",-0.0678484562878087
"chr15-069",-0.0232072550352655
"chr15-070",0.00535196962680388
"chr15-071",0.0192151595416689
"chr15-072",-0.0424301174604907
"chr15-073",-0.0616943284597218
"chr15-074",-0.101601334897512
"chr15-075",-0.0200570043931119
"chr15-076",0.0293656307951886
"chr15-077",-0.00306694457839892
"chr15-078",-0.0144566374095955
"chr15-079",0.00498747405070667
"chr15-080",0.100058895244049
"chr15-081",0.0396387410423049
"chr15-082",-0.0114502641569519
"chr15-083",-0.000780016695177742
"chr15-084",-0.020223078858403
"chr15-085",0.00434487373605532
"chr15-086",-0.00184645950005578
"chr16-001",0.0248741468287158
"chr16-002",0.0305392899220977
"chr16-003",0.00916247287597492
"chr16-004",-0.0400797680888269
"chr16-005",-0.035481771004204
"chr16-006",-0.0917413162438982
"chr16-007",0.0171759283984232
"chr16-008",0.0556501714879804
"chr16-009",-0.00541987557548721
"chr16-010",0.0121606590644363
"chr16-011",-0.0528615382403063
"chr16-012",-0.0323915961556965
"chr16-013",0.00699809936781429
"chr16-014",0.0352324188964498
"chr16-015",0.0142253781552267
"chr16-016",-0.0337844369968359
"chr16-017",0.0457562392957669
"chr16-018",0.0127813672523534
"chr16-019",0.0114694059363987
"chr16-020",0.00192998176463725
"chr16-021",-0.0230833369291565
"chr16-022",-0.0224990102188604
"chr16-023",-0.0391651790357286
"chr16-024",-0.0312920824164823
"chr16-025",-0.0390360782113863
"chr16-026",-0.04578812495709
"chr16-027",-0.0521522504357795
"chr16-028",-0.0545768185441343
"chr16-029",-0.0312785387231871
"chr16-030",-0.0529752389105878
"chr16-031",-0.0151049084895495
"chr16-032",-0.0723195579107921
"chr16-033",-0.0676401362023452
"chr16-034",0.0394016022678836
"chr16-035",0.00551552368239581
"chr16-036",-0.00841127421627455
"chr16-037",-0.0535052522092225
"chr16-038",-0.0599169199155633
"chr16-039",-0.05296844304493
"chr16-040",-0.010487807293726
"chr16-041",-0.0377268502058401
"chr16-042",-0.0764782185183124
"chr16-043",-0.0509240009647867
"chr16-044",0.0271804215246672
"chr16-045",0.0404790387873489
"chr16-046",-0.0139096865527601
"chr16-047",-0.0238069823353242
"chr16-048",-0.0303406014097818
"chr16-049",-0.049143198318645
"chr16-050",-0.0636241828135601
"chr16-051",-0.023071359923915
"chr16-052",0.0552008195661593
"chr16-053",0.0221728443301331
"chr16-054",-0.0296525775692144
"chr16-055",0.00446275783102605
"chr16-056",4.31975289146744e-05
"chr16-057",0.0409487538224677
"chr16-058",-0.0548559799436662
"chr16-059",-0.0858947491304701
"chr16-060",-0.0618139427610939
"chr16-061",-0.0203904183095016
"chr16-062",-0.0225239178412374
"chr16-063",-0.0307801397559847
"chr16-064",0.0171524931176921
"chr16-065",0.0381567012435563
"chr16-066",-0.043262933600183
"chr16-067",-0.0584942830710891
"chr16-068",0.0614633750639286
"chr16-069",0.0093143277396572
"chr16-070",0.041234806287983
"chr16-071",0.0311887264191646
"chr16-072",0.0198764182887469
"chr16-073",-0.0344958009018077
"chr16-074",0.0179366401538085
"chr16-075",-0.0341054691749427
"chr16-076",-0.0263437134610556
"chr16-077",-0.0698614897405323
"chr16-078",-0.0283844268355665
"chr16-079",-0.00477324585735221
"chr16-080",0.0164623208918553
"chr16-081",0.00702483732708889
"chr16-082",0.00516621011227307
"chr17-001",0.0191731078343667
"chr17-002",0.0338802903414884
"chr17-003",-0.000421696848583169
"chr17-004",-0.0019189298167265
"chr17-005",-0.0483412212334297
"chr17-006",-0.0466570401146748
"chr17-007",-0.050264337310368
"chr17-008",-0.080581604865236
"chr17-009",-0.0762701570923487
"chr17-010",-0.071445088837756
"chr17-011",-0.0137327211059792
"chr17-012",-0.011867870910878
"chr17-013",-0.00386581036640465
"chr17-014",0.0355834071666007
"chr17-015",0.0425068833558713
"chr17-016",-0.00132174466690235
"chr17-017",-0.00773083992540837
"chr17-018",-0.054796555469538
"chr17-019",-0.0424769204362263
"chr17-020",-0.0585274486473381
"chr17-021",-0.0626510038257194
"chr17-022",0.0197963195569872
"chr17-023",-0.0270655702556795
"chr17-024",0.0111429138360156
"chr17-025",-0.0486836216443515
"chr17-026",-0.0708510536654143
"chr17-027",-0.0683953528233567
"chr17-028",-0.047484692593935
"chr17-029",-0.0430632461621608
"chr17-030",-0.0399113493236155
"chr17-031",-0.0329926047678187
"chr17-032",-0.0201821707753742
"chr17-033",-0.0987517872969253
"chr17-034",-0.0876417999075786
"chr17-035",-0.0730118920225679
"chr17-036",-0.00574173088921167
"chr17-037",-0.0534894788990319
"chr17-038",-0.0837855488879018
"chr17-039",-0.0563509045787812
"chr17-040",-0.0696637434723899
"chr17-041",-0.0822456966367565
"chr17-042",-0.0972087501661109
"chr17-043",-0.0872144026364414
"chr17-044",-0.06582672332654
"chr17-045",-0.0141029171513772
"chr17-046",-0.0168697097118175
"chr17-047",-0.0631488322611745
"chr17-048",-0.0864622095474358
"chr17-049",-0.0977089038243982
"chr17-050",-0.00411926264335524
"chr17-051",-0.0135717232902609
"chr17-052",0.0184139520459754
"chr17-053",-0.0604005169927638
"chr17-054",0.0522228992775054
"chr17-055",0.0308120153605521
"chr17-056",-0.0208889735135719
"chr17-057",-0.0879341941318948
"chr17-058",-0.0652361488118835
"chr17-059",-0.0409028298954919
"chr17-060",0.0274591761505959
"chr17-061",0.00504180210829931
"chr17-062",-0.0318348166776332
"chr17-063",-0.0081375811025027
"chr17-064",-0.0124868084390675
"chr17-065",0.0121248713776782
"chr17-066",-0.0223585654179013
"chr17-067",0.00393020914158598
"chr17-068",0.0617782722075148
"chr17-069",0.035764053351598
"chr17-070",0.0835486199679213
"chr17-071",0.00659700113025897
"chr17-072",-0.125666376570097
"chr17-073",-0.107980143238024
"chr17-074",-0.066105228585513
"chr17-075",-0.0403287500176779
"chr17-076",-0.0616247452890269
"chr17-077",-0.0388498176134544
"chr17-078",-0.0690442435125911
"chr17-079",0.0121155809744049
"chr17-080",0.0147432062775921
"chr17-081",0.00251122730930822
"chr17-082",0.042262866712803
"chr17-083",0.0504129064656739
"chr18-001",-0.0157355140974325
"chr18-002",0.000957167844795967
"chr18-003",-0.00969050545890112
"chr18-004",-0.00890674119985001
"chr18-005",0.00843502098324171
"chr18-006",0.0750953423371059
"chr18-007",0.0660004254959618
"chr18-008",0.0374623803039169
"chr18-009",0.0212120757237177
"chr18-010",0.0319412786162957
"chr18-011",0.0398520193785267
"chr18-012",0.0122401411925354
"chr18-013",0.0254847051021977
"chr18-014",-0.0268235701326878
"chr18-015",0.0471853439595468
"chr18-016",0.0817949820954205
"chr18-017",-0.0289439125050353
"chr18-018",0.0171645364825347
"chr18-019",0.00682683429000401
"chr18-020",0.0178039762633386
"chr18-021",0.0214893349745788
"chr18-022",0.0261540484515644
"chr18-023",0.106650142416362
"chr18-024",0.0988928637047634
"chr18-025",0.107804166531174
"chr18-026",0.0186860475817871
"chr18-027",0.0281869276352972
"chr18-028",-0.00149088804388803
"chr18-029",0.024698288767479
"chr18-030",-0.022844821594998
"chr18-031",-0.0101228806980297
"chr18-032",0.0195983936389171
"chr18-033",-0.114222941688965
"chr18-034",0.202775779828768
"chr18-035",0.0354694552270416
"chr18-036",0.122627222885534
"chr18-037",0.157306281653749
"chr18-038",0.0863127162071757
"chr18-039",0.0851519027382365
"chr18-040",0.0780999798944233
"chr18-041",-0.0178992344450601
"chr18-042",-0.106559822727122
"chr18-043",0.0168573085060637
"chr18-044",-0.0446187409265119
"chr18-045",-0.0167071082629217
"chr18-046",-0.0163553133736174
"chr18-047",0.0323535965068909
"chr18-048",-0.0273506612226737
"chr18-049",0.0454349548825828
"chr18-050",0.0530692744433482
"chr18-051",0.141620621736091
"chr18-052",0.0516093999908888
"chr18-053",-0.0244882892060997
"chr18-054",0.0552517107103894
"chr18-055",-0.0114119514008532
"chr18-056",-0.00490938093906467
"chr18-057",0.061413482488956
"chr18-058",0.0406050500650402
"chr18-059",0.0414475013439675
"chr18-060",0.0605304520559503
"chr18-061",0.021407208065533
"chr18-062",0.0816079387552596
"chr18-063",0.0751958548884833
"chr18-064",0.0593476859916677
"chr18-065",0.0660589604614472
"chr18-066",0.0497493798507483
"chr18-067",-0.0513152452433241
"chr18-068",0.040299864829237
"chr18-069",0.0779372619994191
"chr18-070",0.0314576937022679
"chr18-071",0.0842657525571179
"chr18-072",0.0422417702905608
"chr18-073",0.0343773399258955
"chr18-074",-0.0067751130671697
"chr18-075",0.0554639114299407
"chr18-076",-0.019789656918809
"chr19-001",0.0640548816407324
"chr19-002",0.0523796050894278
"chr19-003",0.0159112511082315
"chr19-004",0.00056264156552936
"chr19-005",-0.000427211247394723
"chr19-006",-0.0113768537264168
"chr19-007",-0.0203904545828766
"chr19-008",-0.0311047021515283
"chr19-009",-0.0154853256248453
"chr19-010",-0.0842833438794335
"chr19-011",-0.0677871247669748
"chr19-012",-0.0756824542830322
"chr19-013",-0.0962421172909814
"chr19-014",-0.0423239103816707
"chr19-015",-0.0465737955456947
"chr19-016",-0.0303562260849324
"chr19-017",-0.0440262170559035
"chr19-018",-0.0756576084257199
"chr19-019",-0.0490337283381018
"chr19-020",-0.0757575505723463
"chr19-021",-0.108396262785438
"chr19-022",-0.0408730261846217
"chr19-023",-0.0537976787224292
"chr19-024",-0.0851638430168331
"chr19-025",-0.135266160103995
"chr19-026",-0.221389485026609
"chr19-027",0.026393303138084
"chr19-028",-0.0512128481845402
"chr19-029",-0.0535984196801904
"chr19-030",0.0530250496856677
"chr19-031",-0.0143565776011599
"chr19-032",-0.064933208133875
"chr19-033",-0.0562247397252708
"chr19-034",-0.0889137531067413
"chr19-035",-0.0951266046823042
"chr19-036",-0.0604271349717391
"chr19-037",-0.0576599774650617
"chr19-038",-0.0419283257298206
"chr19-039",-0.04058194005317
"chr19-040",-0.0854796854614273
"chr19-041",-0.0702297075211376
"chr19-042",-0.0595112373346354
"chr19-043",-0.078446773952248
"chr19-044",-0.0676652616026385
"chr19-045",-0.0251415455344676
"chr19-046",-0.0130559665147061
"chr19-047",-0.0788832745973909
"chr19-048",-0.0615657440891032
"chr19-049",-0.0691917458954608
"chr19-050",-0.0854349014240366
"chr19-051",-0.0847168710244834
"chr19-052",-0.0549260297010011
"chr19-053",-0.0627371183148572
"chr19-054",-0.0448390134681181
"chr19-055",0.0171016519466372
"chr19-056",-0.0911965953819365
"chr19-057",-0.0498510958396452
"chr2-001",0.0195662035521506
"chr2-002",-0.0166160240978542
"chr2-003",-0.0267365318382135
"chr2-004",0.00798418645325269
"chr2-005",0.0225455308375436
"chr2-006",0.0311125674789346
"chr2-007",0.0346817976659241
"chr2-008",0.00119222572740066
"chr2-009",-0.0224256594137445
"chr2-010",-0.0128671970068911
"chr2-011",-0.0239263802361787
"chr2-012",0.0089459863824666
"chr2-013",0.0197330931414046
"chr2-014",0.03079501997367
"chr2-015",-0.0447954628877353
"chr2-016",-0.0603742830589544
"chr2-017",-0.0607887871668796
"chr2-018",0.0141237940663541
"chr2-019",-0.0581940321040881
"chr2-020",0.0559996885271289
"chr2-021",-0.0623831081337733
"chr2-022",-0.0645310565195733
"chr2-023",0.0204146058025247
"chr2-024",0.0709695833642574
"chr2-025",-0.000859657402588221
"chr2-026",-0.0363868539820452
"chr2-027",0.00564698627131083
"chr2-028",-0.0807903093997642
"chr2-029",-0.0644746579555291
"chr2-030",0.00356982279188655
"chr2-031",-0.0688173922431249
"chr2-032",-0.0105013342306718
"chr2-033",-0.0176628091159711
"chr2-034",-0.0227763683816283
"chr2-035",0.029990732606179
"chr2-036",-0.0276452092128854
"chr2-037",0.0202381309493791
"chr2-038",0.0398194203451958
"chr2-039",0.0462386766525676
"chr2-040",0.027381240374578
"chr2-041",0.0119754278378679
"chr2-042",0.0702501831805066
"chr2-043",0.0687263477992583
"chr2-044",-0.0433884468932862
"chr2-045",-0.0322140730954491
"chr2-046",-0.0432100662626845
"chr2-047",0.00616002325442742
"chr2-048",-0.0295920349292953
"chr2-049",-0.00418964905998465
"chr2-050",0.0386937555183329
"chr2-051",0.0974035736966517
"chr2-052",0.0713379909498923
"chr2-053",0.0139930419882323
"chr2-054",0.082841556400908
"chr2-055",0.0392039782049778
"chr2-056",-0.00487038949222046
"chr2-057",-0.0637584179216474
"chr2-058",0.0522897351989816
"chr2-059",-0.00352161869630625
"chr2-060",-0.0229209751747712
"chr2-061",0.0694967058345333
"chr2-062",0.0186813285549241
"chr2-063",-0.0310271771802837
"chr2-064",0.0379338875091697
"chr2-065",-0.0539395764312907
"chr2-066",0.0116355972964932
"chr2-067",-0.00421516688700934
"chr2-068",0.0225294432159373
"chr2-069",0.0722413507510554
"chr2-070",-0.0158434158044637
"chr2-071",0.0111095587786826
"chr2-072",-0.082913395569163
"chr2-073",-0.111237505936577
"chr2-074",-0.0849049138594027
"chr2-075",-0.0163305532746583
"chr2-076",-0.0515702791768215
"chr2-077",0.00894000696262499
"chr2-078",-0.0183940657934366
"chr2-079",0.112831624053225
"chr2-080",0.0386790637314717
"chr2-081",0.0668496683798411
"chr2-082",0.0349652760372467
"chr2-083",0.0574429425581865
"chr2-084",-0.163242438810057
"chr2-085",0.00459785102704371
"chr2-086",-0.0258955833533946
"chr2-087",-0.0678412005802641
"chr2-088",-0.0287883846013537
"chr2-089",0.131037416785734
"chr2-090",-0.0226502940565699
"chr2-091",0.0365547520195895
"chr2-092",-0.0254145551781347
"chr2-093",0.0176415423809679
"chr2-094",-0.0694938013351784
"chr2-095",-0.0801699248612983
"chr2-096",-0.0710975057062682
"chr2-097",-0.0492220824472296
"chr2-098",0.00377190302139806
"chr2-099",0.0175088634877177
"chr2-100",-0.0218048289426037
"chr2-101",0.00990887253909918
"chr2-102",0.0312408005643085
"chr2-103",0.0395093488677448
"chr2-104",0.0539126793116729
"chr2-105",-0.00144399995466989
"chr2-106",0.0127401600935568
"chr2-107",0.0211205271121969
"chr2-108",0.100961214179764
"chr2-109",-0.038416624487638
"chr2-110",-0.0126638311868999
"chr2-111",-0.0510877964150324
"chr2-112",0.0305622217391518
"chr2-113",-0.0202048336494535
"chr2-114",-0.0037976634274693
"chr2-115",0.0847547514205547
"chr2-116",0.0107083933477202
"chr2-117",0.016615955481055
"chr2-118",-0.0796500226361263
"chr2-119",-0.0557727445027754
"chr2-120",-0.0667467372377337
"chr2-121",-0.0270787864030612
"chr2-122",0.07456505910365
"chr2-123",0.106127989240244
"chr2-124",0.000467808184131157
"chr2-125",0.0402193377039885
"chr2-126",-0.0734846513586926
"chr2-127",-0.0283896097124035
"chr2-128",-0.0842429193716423
"chr2-129",-0.0144723710186353
"chr2-130",-0.0463838320007988
"chr2-131",-0.0510696207227641
"chr2-132",0.0195686370960849
"chr2-133",0.0358623106793626
"chr2-134",0.0424861916902447
"chr2-135",-0.0550618856760475
"chr2-136",-0.0163350468515485
"chr2-137",0.10979216167667
"chr2-138",0.01424675667979
"chr2-139",-0.0428626196583213
"chr2-140",0.053336233599927
"chr2-141",0.0980649179969966
"chr2-142",0.0639315711643204
"chr2-143",0.098322419015189
"chr2-144",0.128648397265238
"chr2-145",0.083723688265765
"chr2-146",0.0741724921264844
"chr2-147",0.0653498864055596
"chr2-148",0.0382598825162316
"chr2-149",0.010002221071919
"chr2-150",0.0599549945760108
"chr2-151",0.0423692931743294
"chr2-152",0.0552124454967224
"chr2-153",-0.0273821476123868
"chr2-154",0.0141627058854023
"chr2-155",0.0914787178043066
"chr2-156",-0.00670571731012142
"chr2-157",0.0882013046101039
"chr2-158",0.00140667806637797
"chr2-159",0.0484651295150758
"chr2-160",0.0525773156342444
"chr2-161",-0.0272027980801212
"chr2-162",0.0834582278832954
"chr2-163",0.0792273573541235
"chr2-164",0.0094110875118532
"chr2-165",0.0212327337677698
"chr2-166",-0.0136798088362838
"chr2-167",0.12011336081261
"chr2-168",0.0495355275954945
"chr2-169",-0.0130514101933106
"chr2-170",0.00181123903356857
"chr2-171",0.00874206482925478
"chr2-172",-0.0477193474346531
"chr2-173",0.0544189397885263
"chr2-174",0.0315987944723475
"chr2-175",-0.0363880924363704
"chr2-176",-0.014713629945891
"chr2-177",0.00118347478958423
"chr2-178",0.00404217524502025
"chr2-179",0.00466748629637314
"chr2-180",-0.0863635833692851
"chr2-181",-0.0356758530867095
"chr2-182",0.0148492549640357
"chr2-183",-0.00922833951878311
"chr2-184",-0.120956421307784
"chr2-185",0.03799139511468
"chr2-186",-0.0247667276956243
"chr2-187",-0.055707415025299
"chr2-188",0.0168691164305036
"chr2-189",-0.0070421197109917
"chr2-190",-0.00449519987311825
"chr2-191",0.0350037976927162
"chr2-192",0.0203485536525958
"chr2-193",0.0421220436868553
"chr2-194",0.0610341864475151
"chr2-195",0.0175360186588456
"chr2-196",0.0839816139649512
"chr2-197",-0.0293524346108826
"chr2-198",-0.035331983173597
"chr2-199",-0.0248465520704517
"chr2-200",0.00884529330980268
"chr2-201",0.0312266946575002
"chr2-202",0.103324250731727
"chr2-203",0.0453310823405799
"chr2-204",-0.0499092410506924
"chr2-205",0.0421869286382786
"chr2-206",0.0202671120808701
"chr2-207",0.0369983569016493
"chr2-208",0.0542807758166522
"chr2-209",0.0558945503085382
"chr2-210",0.0215140486311764
"chr2-211",-0.0374809876016431
"chr2-212",0.0734516881442734
"chr2-213",0.0881909315961619
"chr2-214",0.00161246841170739
"chr2-215",0.0294561001938991
"chr2-216",-0.104967236061742
"chr2-217",-0.0577310735179369
"chr2-218",0.0817352701158497
"chr2-219",0.0242658534751975
"chr2-220",-0.0161828606339927
"chr2-221",0.0314806818339738
"chr2-222",0.0635067586404946
"chr2-223",-0.0198955212774375
"chr2-224",0.0609896914700785
"chr2-225",0.00161522761341944
"chr2-226",0.00937571245075178
"chr2-227",0.0173997095191097
"chr2-228",-0.0424876269805333
"chr2-229",-0.0219052840182557
"chr2-230",-0.010370680207446
"chr2-231",-0.0142634446371162
"chr2-232",0.0105663815618312
"chr2-233",0.0498286000839545
"chr2-234",-0.0211762279431176
"chr2-235",0.0181825369541724
"chr2-236",-0.00655076089826431
"chr2-237",-0.117030051725215
"chr2-238",-0.0300793679548929
"chr2-239",-0.0488041002404461
"chr2-240",0.030347487495427
"chr2-241",0.0298113164682483
"chr20-001",-0.0289248341145951
"chr20-002",-0.0148171679572531
"chr20-003",-0.0766538655713846
"chr20-004",-0.0248578570008483
"chr20-005",-0.0351700393674194
"chr20-006",-0.0132207835190181
"chr20-007",0.00735608644748774
"chr20-008",0.0611372933050444
"chr20-009",0.0321018149415126
"chr20-010",0.0191636946843452
"chr20-011",0.0449736413118942
"chr20-012",0.0585741855257565
"chr20-013",-0.00276222810023448
"chr20-014",0.0241073513758546
"chr20-015",0.0842303254845184
"chr20-016",0.0634365961652956
"chr20-017",0.0215685109250024
"chr20-018",-0.0452248707988878
"chr20-019",-0.0484611165372991
"chr20-020",0.0414655972049868
"chr20-021",-0.00330545963613688
"chr20-022",-0.0104202566340974
"chr20-023",-0.0119955729552433
"chr20-024",-0.0525873548248575
"chr20-025",-0.0247149397669478
"chr20-026",-0.0180444979519399
"chr20-027",0.0174481223812541
"chr20-028",0.0853695540888783
"chr20-029",-0.106310552894105
"chr20-030",-0.0451771897613763
"chr20-031",-0.0769096361337523
"chr20-032",-0.0421043327894703
"chr20-033",-0.0196352197618869
"chr20-034",-0.0447648500852438
"chr20-035",-0.0622935349670216
"chr20-036",-0.0627267371260017
"chr20-037",0.0149786312945789
"chr20-038",-0.00837772031261253
"chr20-039",0.00386179948748266
"chr20-040",-0.0231611045510502
"chr20-041",-0.0314014061709929
"chr20-042",-0.0492001458249876
"chr20-043",-0.0384049984207931
"chr20-044",-0.0421751529345211
"chr20-045",0.0212884595312629
"chr20-046",-0.0281048226242157
"chr20-047",-0.00622119588591183
"chr20-048",-0.0452402391058408
"chr20-049",-0.0283226086835137
"chr20-050",0.00398532195601695
"chr20-051",0.066410970238631
"chr20-052",0.0212010323916155
"chr20-053",0.07266179280233
"chr20-054",-0.0644507694844387
"chr20-055",-0.055608904231834
"chr20-056",0.0261015297636118
"chr20-057",-0.0666502512228902
"chr20-058",-0.0499109845534727
"chr20-059",-0.0651889062325982
"chr20-060",0.00032899767596311
"chr20-061",0.0435844223840679
"chr20-062",-0.00829755424299897
"chr21-001",0.0190139464145552
"chr21-002",0.0616985636257881
"chr21-003",0.01017898906129
"chr21-004",0.0889239835164898
"chr21-005",-0.0631827297561471
"chr21-006",0.0787488950275819
"chr21-007",0.0370874465044577
"chr21-008",0.0179861175036282
"chr21-009",0.0442784095839957
"chr21-010",0.0720914877528848
"chr21-011",0.00838840219530609
"chr21-012",-0.0144908861288135
"chr21-013",0.0413341796183199
"chr21-014",0.0213165837084679
"chr21-015",0.0938703000466054
"chr21-016",-0.0418706845945046
"chr21-017",0.0769762422469671
"chr21-018",0.0298338092551355
"chr21-019",0.0166886701325429
"chr21-020",0.036163134376215
"chr21-021",0.0990232782435379
"chr21-022",0.00848128169837216
"chr21-023",0.0281685467208646
"chr21-024",-0.0483121149477293
"chr21-025",-0.00379247912913049
"chr21-026",0.0130977858883159
"chr21-027",-0.0275195931183884
"chr21-028",0.0331540809977939
"chr21-029",0.090180626681847
"chr21-030",-0.0170090572491454
"chr21-031",0.0182346996531227
"chr21-032",0.0551482945413033
"chr21-033",0.0293745875418923
"chr21-034",-0.0360734071491178
"chr21-035",-0.0480045186063665
"chr21-036",0.0140228811016682
"chr21-037",-0.0652213076942723
"chr21-038",-0.00593784565434475
"chr21-039",-0.00407854608983189
"chr21-040",0.0115192871792966
"chr21-041",0.0313313008990873
"chr21-042",0.0596057953938229
"chr22-001",0.163732605684358
"chr22-002",-0.0136868620633621
"chr22-003",-0.0238285399147776
"chr22-004",-0.0866542919547963
"chr22-005",0.0550782413249895
"chr22-006",-0.025067730812821
"chr22-007",-0.0689056637251473
"chr22-008",-0.0274296912484033
"chr22-009",-0.0443248522514093
"chr22-010",-0.072990493693865
"chr22-011",-0.0642711011577833
"chr22-012",-0.0493839016224047
"chr22-013",-0.0331164646771085
"chr22-014",-0.0311591765885691
"chr22-015",-0.0233253837303255
"chr22-016",0.00621348282423643
"chr22-017",-0.0587756773687393
"chr22-018",-0.0596398677495964
"chr22-019",-0.0575255503590465
"chr22-020",-0.0324946046931441
"chr22-021",0.0454382221263878
"chr22-022",0.00333548108141882
"chr22-023",-0.0437898681111149
"chr22-024",-0.0480728557319727
"chr22-025",-0.0700281878561726
"chr22-026",-0.0502520839423139
"chr22-027",-0.0781201757764705
"chr22-028",-0.0114249166057268
"chr22-029",-0.0525879054385984
"chr22-030",-0.0442145708618669
"chr22-031",-0.0541887353023643
"chr22-032",-0.0889295976324748
"chr22-033",-0.0101781765627498
"chr22-034",-0.00827441718348039
"chr22-035",-0.00503388860678475
"chr22-036",-0.108276205717534
"chr22-037",-0.00572157714918318
"chr22-038",0.0438459379468942
"chr3-001",0.112618837516026
"chr3-002",0.0753337244069165
"chr3-003",0.0370117989064249
"chr3-004",0.0278859024170214
"chr3-005",0.0273065461972244
"chr3-006",0.004205296993759
"chr3-007",0.0416366041044904
"chr3-008",0.0721508681095744
"chr3-009",-0.0544337299832729
"chr3-010",-0.056636235122262
"chr3-011",-0.0670995521802388
"chr3-012",0.00412381425291444
"chr3-013",-0.0364548068344056
"chr3-014",-0.102117963916149
"chr3-015",-0.105109876915116
"chr3-016",-0.0297570838538444
"chr3-017",0.0558127777273638
"chr3-018",0.00834293033051787
"chr3-019",0.076693061504635
"chr3-020",-0.0178118190596593
"chr3-021",0.0675731795524906
"chr3-022",-0.026061772912172
"chr3-023",0.0161227525902304
"chr3-024",0.0450490071713939
"chr3-025",0.0517111600144636
"chr3-026",0.0156836432915611
"chr3-027",-0.00924068374723584
"chr3-028",-0.052482080701189
"chr3-029",0.000835870377250388
"chr3-030",0.142000641730844
"chr3-031",-0.000459863813973768
"chr3-032",0.0823689107738216
"chr3-033",-0.0146495774295327
"chr3-034",0.00967549031423134
"chr3-035",-0.0556557616539958
"chr3-036",0.114121721467511
"chr3-037",-0.0664154594242561
"chr3-038",-0.0465561985976774
"chr3-039",-0.0890341461957742
"chr3-040",-0.0591231455591829
"chr3-041",-0.0371966716445447
"chr3-042",-0.0234923045569046
"chr3-043",-0.0574559766505243
"chr3-044",0.0117542592993638
"chr3-045",-0.0621601563416965
"chr3-046",-0.0453008673259707
"chr3-047",-0.0425369798523256
"chr3-048",-0.0442845469044005
"chr3-049",-0.07229122626734
"chr3-050",-0.12668826502546
"chr3-051",-0.135540846028311
"chr3-052",-0.0697077416921359
"chr3-053",-0.0970507721863429
"chr3-054",-0.0288611459399773
"chr3-055",0.0292896816796077
"chr3-056",0.0429014915756816
"chr3-057",0.0475334132718764
"chr3-058",-0.0437777545260094
"chr3-059",-0.00411060412643076
"chr3-060",0.0369226252789886
"chr3-061",0.079718239749113
"chr3-062",0.0600962902224408
"chr3-063",-0.0257091609593083
"chr3-064",0.0504142330744494
"chr3-065",0.0888670120122947
"chr3-066",0.106217611653713
"chr3-067",0.0267605494957595
"chr3-068",0.0480344895044045
"chr3-069",0.0415578411732998
"chr3-070",0.0172341567267297
"chr3-071",0.0668194824051761
"chr3-072",0.0864771985528391
"chr3-073",-0.0312713102016194
"chr3-074",0.0284019736211894
"chr3-075",0.0300606275439974
"chr3-076",-0.00536783643250508
"chr3-077",0.0403323008588922
"chr3-078",0.00284868093538871
"chr3-079",0.0448380827508273
"chr3-080",-0.0163245286653055
"chr3-081",-0.0443936346790922
"chr3-082",0.0290029761140462
"chr3-083",0.00181905625260799
"chr3-084",-0.0267421022940435
"chr3-085",-0.000207674533250609
"chr3-086",0.0290250057913387
"chr3-087",0.0561254964305244
"chr3-088",-0.0949582820566625
"chr3-089",0.102169479187374
"chr3-090",0.0518563088023924
"chr3-091",0.0238824402815135
"chr3-092",-0.0422660840997043
"chr3-093",0.0238288087762836
"chr3-094",0.033508697086173
"chr3-095",0.043311463864169
"chr3-096",0.017870010171103
"chr3-097",-0.0364283945992604
"chr3-098",0.0695704314382326
"chr3-099",-0.06310468146134
"chr3-100",0.0810653522649209
"chr3-101",0.0467013797291517
"chr3-102",0.0940540723918031
"chr3-103",0.0065809763082228
"chr3-104",-0.0201434899693428
"chr3-105",0.0148351317983005
"chr3-106",0.0505358502184513
"chr3-107",-0.0184976504654094
"chr3-108",0.0412494314638247
"chr3-109",-0.0199034658852663
"chr3-110",0.0569641733995918
"chr3-111",0.0468806192898715
"chr3-112",0.0355128151754511
"chr3-113",0.124691458188356
"chr3-114",0.0815462083676503
"chr3-115",-0.00863359559165781
"chr3-116",0.00935452754838255
"chr3-117",-0.032631689953557
"chr3-118",-0.0170307046276448
"chr3-119",-0.00497174905110603
"chr3-120",0.0128681857980591
"chr3-121",0.0080761870450193
"chr3-122",-0.0767141884151591
"chr3-123",-0.0615346531582853
"chr3-124",-0.0485365068818041
"chr3-125",-0.0394167169560448
"chr3-126",0.0463015947527591
"chr3-127",-0.0483560171497517
"chr3-128",0.0201652846742874
"chr3-129",-0.0532311793826112
"chr3-130",-0.0747388356662644
"chr3-131",0.0126427727786524
"chr3-132",-0.0327500929056423
"chr3-133",-0.115448680830986
"chr3-134",-0.0450769107733781
"chr3-135",-0.0479573931085975
"chr3-136",0.0389602585628289
"chr3-137",-0.0193640708671904
"chr3-138",0.0293614324240752
"chr3-139",0.040223476183812
"chr3-140",0.089911178462036
"chr3-141",-0.00612462088215255
"chr3-142",-0.0147982886678794
"chr3-143",-0.0121798495014206
"chr3-144",0.0938162549402681
"chr3-145",0.041994751676702
"chr3-146",0.0170992244834067
"chr3-147",0.0791316710270998
"chr3-148",0.0416701413854851
"chr3-149",0.0448765949398075
"chr3-150",0.0220750028640983
"chr3-151",0.0237620565998682
"chr3-152",-0.00918384318796545
"chr3-153",-0.0350888531829157
"chr3-154",0.00257662646866755
"chr3-155",0.0438117548616107
"chr3-156",-0.0111931485815583
"chr3-157",0.0479985982142909
"chr3-158",0.0391145263841299
"chr3-159",-0.0153218558898425
"chr3-160",0.101233915334312
"chr3-161",-0.00986966360097794
"chr3-162",0.0249632147778883
"chr3-163",0.0331767083065021
"chr3-164",-0.00291173505886755
"chr3-165",0.0274985496148247
"chr3-166",-0.00936871858864602
"chr3-167",0.0627320993775069
"chr3-168",0.0180718331358928
"chr3-169",0.0185255171781751
"chr3-170",0.0480519603282091
"chr3-171",0.0317329272802356
"chr3-172",-0.012054820336082
"chr3-173",0.0470632944821825
"chr3-174",0.0824994682365014
"chr3-175",0.0115116678131155
"chr3-176",-0.0179435583007404
"chr3-177",0.00506429678822152
"chr3-178",0.0304632588271011
"chr3-179",-0.0200880113466741
"chr3-180",-0.0450865180030765
"chr3-181",0.0371660203028874
"chr3-182",-0.0514459480095027
"chr3-183",0.042316553687779
"chr3-184",0.0752922865413284
"chr3-185",0.102761741738086
"chr3-186",0.0403437968911084
"chr3-187",0.059644365399465
"chr3-188",0.0392524782478499
"chr3-189",0.0410516670634249
"chr3-190",-0.0328267590526302
"chr3-191",0.0148073908815898
"chr3-192",-0.0153465452773972
"chr3-193",0.00553747732337527
"chr3-194",0.0171431147704919
"chr4-001",0.037498039597583
"chr4-002",0.0360055942072695
"chr4-003",0.0404657249824468
"chr4-004",0.00789260424113323
"chr4-005",0.0121342333450412
"chr4-006",-0.0636878810835539
"chr4-007",-0.0312186945951093
"chr4-008",-0.0538038491710688
"chr4-009",-0.0759467615958524
"chr4-010",-0.0810833617019533
"chr4-011",-0.102356570247155
"chr4-012",-0.0377941536897138
"chr4-013",0.0325176952482651
"chr4-014",-0.0503793814224498
"chr4-015",-0.00368253464245058
"chr4-016",-0.00676799463791185
"chr4-017",0.0245400725886065
"chr4-018",0.0484131402002649
"chr4-019",0.0377809291152995
"chr4-020",0.0550823714596677
"chr4-021",0.0761677141616909
"chr4-022",0.0719976811965962
"chr4-023",0.0728150117377606
"chr4-024",0.0335816185356594
"chr4-025",0.0110414552717038
"chr4-026",0.0502785490582597
"chr4-027",-0.00427176805915563
"chr4-028",0.0121263434308378
"chr4-029",0.0775501978934008
"chr4-030",0.0159672497119434
"chr4-031",-0.13066018798159
"chr4-032",-0.074552125369101
"chr4-033",0.0757457916802887
"chr4-034",0.10513722586134
"chr4-035",0.0523193927777948
"chr4-036",0.00932405573442628
"chr4-037",0.0615901389500103
"chr4-038",0.0348909348222266
"chr4-039",0.0879438723568561
"chr4-040",0.00777160736879344
"chr4-041",0.0497310320504925
"chr4-042",-0.0246758963257941
"chr4-043",0.00910932916861576
"chr4-044",0.10172687705365
"chr4-045",0.00737017030477009
"chr4-046",0.00299640078200045
"chr4-047",-0.0136397698967426
"chr4-048",-0.0104464688890402
"chr4-049",-0.102256133947886
"chr4-050",-0.0697141693077795
"chr4-051",0.0889513374935035
"chr4-052",-0.0394875849435305
"chr4-053",0.0702206780360021
"chr4-054",-0.0198629514444638
"chr4-055",0.0283236150387007
"chr4-056",-0.0325745947630059
"chr4-057",0.0355538972691365
"chr4-058",0.0039364616776896
"chr4-059",0.095738148454393
"chr4-060",-0.0320707937657229
"chr4-061",0.0620986210737566
"chr4-062",0.172721999121142
"chr4-063",0.00202861474051255
"chr4-064",0.0449943334753641
"chr4-065",-0.057292368560741
"chr4-066",0.12794087847756
"chr4-067",0.0469072467130219
"chr4-068",-0.0323293153077872
"chr4-069",-0.00373993283115081
"chr4-070",0.0405755920265963
"chr4-071",0.0164933219639774
"chr4-072",0.0107005295187488
"chr4-073",0.0368370935232802
"chr4-074",-0.0505804780268272
"chr4-075",-0.0464805656667536
"chr4-076",0.0526967171948807
"chr4-077",-0.00869807731144665
"chr4-078",0.0209048205997773
"chr4-079",0.0688235617327689
"chr4-080",0.0288526364550591
"chr4-081",0.030735517484798
"chr4-082",0.0190869779996539
"chr4-083",-0.00295170819187376
"chr4-084",0.0118988627473285
"chr4-085",-0.0170154208703551
"chr4-086",0.00549873088430778
"chr4-087",0.03209447154952
"chr4-088",0.0146762022256779
"chr4-089",0.00850204789356486
"chr4-090",-0.00316408504506443
"chr4-091",0.122257360743179
"chr4-092",-0.0496963483827069
"chr4-093",0.0897638904136667
"chr4-094",0.0186766993878482
"chr4-095",0.0661307037605023
"chr4-096",0.188521412766213
"chr4-097",0.155491862196313
"chr4-098",0.0229733179369411
"chr4-099",-0.0313751774750296
"chr4-100",0.0397873555713085
"chr4-101",0.0546792580582556
"chr4-102",0.00649059776631777
"chr4-103",-0.042869351713156
"chr4-104",0.07611547418095
"chr4-105",0.0103322023994975
"chr4-106",-0.00692242703596603
"chr4-107",0.00092584494327814
"chr4-108",-0.0013039090766913
"chr4-109",-0.0321617791278137
"chr4-110",-0.0191861495157441
"chr4-111",0.0501643635249824
"chr4-112",-0.0205383395846168
"chr4-113",0.065541663528286
"chr4-114",0.00312564912350387
"chr4-115",-0.172953409978547
"chr4-116",-0.0624709261514581
"chr4-117",-0.037873419311254
"chr4-118",0.0133047497166075
"chr4-119",0.0436752665094131
"chr4-120",0.0331111238494349
"chr4-121",0.000476477733791096
"chr4-122",-0.0166059069803259
"chr4-123",0.0164925126811509
"chr4-124",0.0143319396714567
"chr4-125",-0.0330953357258172
"chr4-126",0.130552596105651
"chr4-127",0.00943071873219432
"chr4-128",0.0327360460016568
"chr4-129",0.0108109820873315
"chr4-130",0.0901633483810936
"chr4-131",-0.0669769471297568
"chr4-132",0.0500932584896632
"chr4-133",-0.0930637562546382
"chr4-134",0.0048098140678177
"chr4-135",-0.0103475526796396
"chr4-136",0.169683810805524
"chr4-137",-0.058773643842781
"chr4-138",0.043189931307421
"chr4-139",-0.0253659886566994
"chr4-140",0.0166164599230895
"chr4-141",-0.0162808866860786
"chr4-142",-0.00264705294396068
"chr4-143",-0.00660085339268814
"chr4-144",0.0991194546176107
"chr4-145",0.0444025005929568
"chr4-146",0.00722393789585979
"chr4-147",0.00934730003814633
"chr4-148",0.0445548963174997
"chr4-149",0.0946357718972901
"chr4-150",0.0615539997181292
"chr4-151",0.000322347633854582
"chr4-152",0.0341311975840429
"chr4-153",-0.00600352301773353
"chr4-154",-0.00100702448804672
"chr4-155",-0.0185907524507022
"chr4-156",0.0554659036149144
"chr4-157",-0.012240659437365
"chr4-158",0.0113634367472223
"chr4-159",0.0455836099571238
"chr4-160",0.0106558401886612
"chr4-161",-0.0236988722507896
"chr4-162",0.0081986823747622
"chr4-163",-0.00471323970151855
"chr4-164",-0.0290087248082726
"chr4-165",0.00519105648427472
"chr4-166",-0.0291466197464986
"chr4-167",-0.0800238330629648
"chr4-168",0.022527529406742
"chr4-169",-0.0504798317371407
"chr4-170",0.0275189312421374
"chr4-171",0.0146680302649236
"chr4-172",-0.0100006237769599
"chr4-173",-0.0160117080731114
"chr4-174",-0.0214901763240145
"chr4-175",0.100046852992292
"chr4-176",0.00283780132861012
"chr4-177",-0.0042753827234052
"chr4-178",0.0151738140788536
"chr4-179",0.0313198821161441
"chr4-180",0.126179775835122
"chr4-181",0.137411340427039
"chr4-182",0.0206373646724084
"chr4-183",0.0470225486992237
"chr4-184",0.0162979234767888
"chr4-185",0.0216264571752426
"chr4-186",0.0504590088856389
"chr4-187",0.135292425147912
"chr4-188",0.0455847115047178
"chr4-189",0.0676674021487965
"chr4-190",0.0688457231060128
"chr5-001",0.0480987809473081
"chr5-002",-0.0172162162677472
"chr5-003",-0.0300077062571987
"chr5-004",-0.0234293886248145
"chr5-005",0.0580257214359719
"chr5-006",-0.00624478598536405
"chr5-007",0.0372595599475347
"chr5-008",0.0676616839891595
"chr5-009",0.0984918446132346
"chr5-010",0.0409242396988661
"chr5-011",-0.0275954532489358
"chr5-012",0.108961333362311
"chr5-013",5.92321387782549e-05
"chr5-014",0.0708996004390709
"chr5-015",0.0544286172639108
"chr5-016",0.0987058027963462
"chr5-017",0.0053360316138128
"chr5-018",0.0713597558912432
"chr5-019",0.0332942861092669
"chr5-020",0.0487499790144728
"chr5-021",-0.075193628324986
"chr5-022",0.0568096438970604
"chr5-023",0.00806918886438064
"chr5-024",-0.0763852948052473
"chr5-025",0.0462862166592259
"chr5-026",0.0394806322315688
"chr5-027",0.100091021419214
"chr5-028",-0.0305515384537464
"chr5-029",0.0582284483371389
"chr5-030",0.0444021336382529
"chr5-031",0.0643000577364563
"chr5-032",0.0849255861004419
"chr5-033",-0.0395478869104019
"chr5-034",0.0165190082438624
"chr5-035",0.00125507720094992
"chr5-036",0.00481206943565177
"chr5-037",0.0709278799093049
"chr5-038",0.0149656747866703
"chr5-039",0.0426232846524687
"chr5-040",0.00952439552524198
"chr5-041",0.0551848665210049
"chr5-042",-0.0322877819591948
"chr5-043",-0.0181047636529
"chr5-044",-0.000768984186932586
"chr5-045",-0.0175102383084452
"chr5-046",-0.0464117464455627
"chr5-047",-0.0856897341636442
"chr5-048",0.0486340183730501
"chr5-049",-0.0102840381826046
"chr5-050",-0.0308943456689507
"chr5-051",0.0262474975113541
"chr5-052",0.00761983209430089
"chr5-053",-0.0226350011988159
"chr5-054",0.0681340471776343
"chr5-055",0.0702804023400699
"chr5-056",0.00750203522148236
"chr5-057",0.0587501757084888
"chr5-058",0.0174163712063411
"chr5-059",0.0149154300276369
"chr5-060",-0.0121087164796666
"chr5-061",-0.195116409603817
"chr5-062",-0.058755866786998
"chr5-063",0.0120252295480352
"chr5-064",0.0381716253486618
"chr5-065",0.0564745859922171
"chr5-066",0.0784646155133005
"chr5-067",-0.0245194013482879
"chr5-068",-0.0637373199183406
"chr5-069",0.0274882639298331
"chr5-070",-0.0680661483684112
"chr5-071",-0.0191546397941282
"chr5-072",0.0205449444211311
"chr5-073",-0.00593055332413627
"chr5-074",-0.0168576499738532
"chr5-075",0.0268710982361572
"chr5-076",0.0210997198171696
"chr5-077",0.00714004262300075
"chr5-078",0.0323779794047148
"chr5-079",0.0477400052337906
"chr5-080",0.0335280134617068
"chr5-081",0.0218537611720774
"chr5-082",0.0702914375366004
"chr5-083",0.0528610679933791
"chr5-084",-0.0471931120821929
"chr5-085",0.0353471322592032
"chr5-086",0.0851530188707827
"chr5-087",0.0172669784873766
"chr5-088",-0.0483009576677817
"chr5-089",0.0675542521838244
"chr5-090",0.0855944496329957
"chr5-091",-0.028964058276261
"chr5-092",-0.0552937576973388
"chr5-093",0.0335973560811624
"chr5-094",0.00751099369823651
"chr5-095",-0.0127568126428782
"chr5-096",0.0938549177281854
"chr5-097",-0.0657026760337606
"chr5-098",0.0481525182795739
"chr5-099",-0.00107455451269072
"chr5-100",0.00308814046462537
"chr5-101",0.0964487610024427
"chr5-102",0.08049338260436
"chr5-103",0.0270946431275582
"chr5-104",0.112030239175567
"chr5-105",0.0533030205293231
"chr5-106",0.0171636428949258
"chr5-107",0.00298050043084415
"chr5-108",0.0398500265937065
"chr5-109",-0.0027246727516254
"chr5-110",0.0145700305749864
"chr5-111",0.0107976697072544
"chr5-112",0.0201319781190884
"chr5-113",0.0583311878903472
"chr5-114",0.0208087088842848
"chr5-115",0.015888341808717
"chr5-116",-0.0173174839964057
"chr5-117",-0.0234206233395485
"chr5-118",0.0189894858942386
"chr5-119",-0.00833052004219044
"chr5-120",0.0313275142485025
"chr5-121",0.102282228815555
"chr5-122",0.109565341741481
"chr5-123",-0.0148242846158125
"chr5-124",0.0377688735107428
"chr5-125",-0.00851815504369548
"chr5-126",0.0372089180861352
"chr5-127",0.0539798792436631
"chr5-128",-0.0436749991825237
"chr5-129",-0.0409276320774826
"chr5-130",-0.081079586182243
"chr5-131",-0.0653420234662616
"chr5-132",-0.0675395001356526
"chr5-133",-0.0416736109141678
"chr5-134",-0.0135522669321009
"chr5-135",-0.0338547127805848
"chr5-136",-0.0720104989787749
"chr5-137",-0.0889483132471008
"chr5-138",-0.076343148111882
"chr5-139",-0.0508671525060552
"chr5-140",0.00213854237048886
"chr5-141",0.0544287071934527
"chr5-142",-0.0108858354046509
"chr5-143",-0.0490442926522963
"chr5-144",-0.0371822342506751
"chr5-145",0.0333377588014361
"chr5-146",-0.0172275006750411
"chr5-147",-0.0503166833980883
"chr5-148",-0.0974545890589731
"chr5-149",-0.0519812279096312
"chr5-150",0.0392178517426347
"chr5-151",0.0250769151751889
"chr5-152",-0.0475349126695147
"chr5-153",-0.0507151926847842
"chr5-154",0.0963184107986588
"chr5-155",0.0126099565549863
"chr5-156",0.119494780986537
"chr5-157",0.0101011172209305
"chr5-158",0.0152965760096455
"chr5-159",-0.0109891671923193
"chr5-160",0.0300442541943225
"chr5-161",-0.0186941604931221
"chr5-162",0.0672850274303136
"chr5-163",0.0915710825139438
"chr5-164",0.00849936969820188
"chr5-165",0.0710781651324179
"chr5-166",-0.0573232596592168
"chr5-167",0.0236603074829533
"chr5-168",-0.0305398186726095
"chr5-169",-0.00402120299275225
"chr5-170",-0.0276997462303961
"chr5-171",-0.0207023952324485
"chr5-172",-0.0133077365004688
"chr5-173",-0.0458022658415235
"chr5-174",-0.0792432988575867
"chr5-175",-0.0277479148138449
"chr5-176",-0.0448631488733178
"chr5-177",-0.0335509582639332
"chr5-178",0.0316956368036292
"chr5-179",-0.0903935741244119
"chr6-001",0.00972141163404895
"chr6-002",-0.0175783693478203
"chr6-003",-0.0158115488748363
"chr6-004",-0.0303032827482816
"chr6-005",-0.00604123781771457
"chr6-006",-0.00710891502153118
"chr6-007",-0.0661764911955225
"chr6-008",-0.00644561626297053
"chr6-009",-0.0292432751844229
"chr6-010",-0.00478979606739341
"chr6-011",-0.0239497219682741
"chr6-012",0.0244100300572704
"chr6-013",0.00125794444318865
"chr6-014",-0.00506521046085746
"chr6-015",0.00652865987413067
"chr6-016",0.0403089400359088
"chr6-017",0.0680388624798117
"chr6-018",0.0497851756398218
"chr6-019",-0.0266189599636955
"chr6-020",0.0603721791461913
"chr6-021",0.0228455156664356
"chr6-022",0.0131061302001617
"chr6-023",0.0259209134382441
"chr6-024",0.0142858067765515
"chr6-025",-0.00944329227406175
"chr6-026",0.0101089932525069
"chr6-027",-0.126685900136271
"chr6-028",-0.134153375745155
"chr6-029",-0.117809802165624
"chr6-030",-0.107965395889916
"chr6-031",-0.110825847992711
"chr6-032",-0.137711472725495
"chr6-033",-0.142417360960857
"chr6-034",-0.14454504457668
"chr6-035",-0.069566325106971
"chr6-036",-0.0711534612839069
"chr6-037",-0.0695862319246179
"chr6-038",-0.0770460365897961
"chr6-039",-0.0102959757809781
"chr6-040",-0.102355359689523
"chr6-041",-0.109769505819299
"chr6-042",-0.107388135117319
"chr6-043",-0.083391727880409
"chr6-044",-0.0892244557730365
"chr6-045",-0.11549856083686
"chr6-046",0.0439461364953192
"chr6-047",-0.00100471955644363
"chr6-048",-0.00246660281136089
"chr6-049",-0.0398163716979965
"chr6-050",-0.00586267605432331
"chr6-051",-0.145899177852054
"chr6-052",0.0565851684137399
"chr6-053",-0.0196628711841631
"chr6-054",0.000392076384140563
"chr6-055",0.0501569848408887
"chr6-056",0.0285667535298141
"chr6-057",0.00731934191058306
"chr6-058",-0.0102972571731414
"chr6-059",-0.0325870358018965
"chr6-060",-0.149951548936449
"chr6-061",-0.00740410197356982
"chr6-062",-0.0290680951873965
"chr6-063",-0.0771810976007533
"chr6-064",-0.0199050987523069
"chr6-065",-0.0270112752380446
"chr6-066",-0.0163921010364116
"chr6-067",-0.0252386909244776
"chr6-068",-0.0133316664918664
"chr6-069",0.0339474339490969
"chr6-070",-0.0326628313507281
"chr6-071",-0.0581334063572971
"chr6-072",-0.00567276258130653
"chr6-073",-0.0307786310702818
"chr6-074",-0.0884658854288834
"chr6-075",-0.231685240860545
"chr6-076",-0.0562986483593037
"chr6-077",0.0107001588798094
"chr6-078",-0.0390862944382563
"chr6-079",0.01568841307687
"chr6-080",-0.00687797224050019
"chr6-081",-0.017340270835239
"chr6-082",-0.0287164810337891
"chr6-083",-0.0400598533010122
"chr6-084",-0.00452981184266566
"chr6-085",-0.0590012956624202
"chr6-086",0.00823666069492953
"chr6-087",-0.0534678347529849
"chr6-088",0.0511127829445021
"chr6-089",0.188665790858455
"chr6-090",0.0266953304428295
"chr6-091",-0.0668396445364816
"chr6-092",0.0719182616817471
"chr6-093",-0.033354912156365
"chr6-094",0.0150146019289241
"chr6-095",-0.123267762770072
"chr6-096",-0.139145269361748
"chr6-097",-0.0791126633568424
"chr6-098",-0.161760968617804
"chr6-099",-0.14381807089393
"chr6-100",-0.0297940240792339
"chr6-101",0.0213780247143583
"chr6-102",-0.00125483952690877
"chr6-103",0.0117847902980361
"chr6-104",-0.0112135023572233
"chr6-105",-0.0692106568378142
"chr6-106",-0.0580867081205439
"chr6-107",0.00940071858515789
"chr6-108",0.00552635819803705
"chr6-109",0.038602702237186
"chr6-110",-0.00311252539177677
"chr6-111",-0.152171717147332
"chr6-112",-0.0676500111612062
"chr6-113",-0.0219507518670608
"chr6-114",0.0144873440223213
"chr6-115",0.11044336916436
"chr6-116",-0.0331671406497377
"chr6-117",-0.0529413855194049
"chr6-118",-0.0557253032126257
"chr6-119",-0.0213767974151154
"chr6-120",-0.00934273505342215
"chr6-121",-0.0253473808739382
"chr6-122",-0.0296879167598884
"chr6-123",-0.0545739276239221
"chr6-124",-0.00537426214443296
"chr6-125",0.0338910316949392
"chr6-126",0.0503513210554115
"chr6-127",0.0126450565347477
"chr6-128",-0.00812591204395407
"chr6-129",0.0104970432887635
"chr6-130",0.0156765755114083
"chr6-131",0.0742146616090677
"chr6-132",-0.00162384585861007
"chr6-133",-0.00428579529631043
"chr6-134",0.00933146430309013
"chr6-135",0.0160180324720558
"chr6-136",0.0579177281223025
"chr6-137",0.033822503832545
"chr6-138",0.0264490056746382
"chr6-139",0.0114625194989084
"chr6-140",-0.0012682782388979
"chr6-141",-0.0258990531670028
"chr6-142",-0.00372923461526733
"chr6-143",-0.0195244762132809
"chr6-144",0.0324133679940349
"chr6-145",-0.0203708088747195
"chr6-146",0.00295046716656724
"chr6-147",-0.0570666893564198
"chr6-148",0.0290903660924443
"chr6-149",-0.030581022314374
"chr6-150",0.0494618810248712
"chr6-151",0.0235528770473726
"chr6-152",0.10902262175779
"chr6-153",0.0286413289799151
"chr6-154",0.000559382266862877
"chr6-155",-0.0026218571261949
"chr6-156",-0.00129423136872441
"chr6-157",0.0264489885827109
"chr6-158",0.0267646007536814
"chr6-159",-0.0333172353744547
"chr6-160",-0.00830305786731112
"chr6-161",-0.00214150050080168
"chr6-162",-0.0321301566111745
"chr6-163",-0.067686681974073
"chr6-164",0.0315041887217665
"chr6-165",-0.046988564279064
"chr6-166",-0.00933000835690367
"chr6-167",-0.0256314202370587
"chr7-001",-0.0194876682055089
"chr7-002",0.04810805286579
"chr7-003",-0.00686348244081921
"chr7-004",-0.0171123409513601
"chr7-005",-0.0288867611624929
"chr7-006",-0.06362308796085
"chr7-007",-0.043572527598497
"chr7-008",-0.0375352851366676
"chr7-009",-0.0138371446854479
"chr7-010",-0.00630511589161431
"chr7-011",-0.0505643102087296
"chr7-012",-0.0525943875983446
"chr7-013",0.0514211385430997
"chr7-014",-0.0441434407896845
"chr7-015",0.00198352899070825
"chr7-016",-0.00538981045569108
"chr7-017",0.0653782209521455
"chr7-018",-0.0099992050741888
"chr7-019",0.0188165505022624
"chr7-020",0.0289647116101581
"chr7-021",-0.0497695201576077
"chr7-022",0.0592555782987819
"chr7-023",-0.00597539218642062
"chr7-024",-0.0191598395005682
"chr7-025",-0.033987176783014
"chr7-026",-0.00925656928691824
"chr7-027",0.027618147951262
"chr7-028",-0.0246347873047195
"chr7-029",-0.0135275042806808
"chr7-030",0.0270695797475754
"chr7-031",0.00308264120879085
"chr7-032",-0.0528289111359035
"chr7-033",-0.0475869618830193
"chr7-034",0.00406084739212637
"chr7-035",0.0644849951105639
"chr7-036",0.0138301332245655
"chr7-037",-0.0605636006378514
"chr7-038",-0.00893361363781335
"chr7-039",0.0466301921170752
"chr7-040",0.0308495612434547
"chr7-041",0.00475994756671241
"chr7-042",0.00476433236743213
"chr7-043",0.0289192678592027
"chr7-044",-0.00266737506102789
"chr7-045",-0.0360326935197469
"chr7-046",-0.106951434705276
"chr7-047",-0.0877746576704629
"chr7-048",0.0195687212867744
"chr7-049",-0.0280950011183082
"chr7-050",0.0111800104790301
"chr7-051",-0.0230314916281573
"chr7-052",-0.0134259971865887
"chr7-053",-0.0782536231765815
"chr7-054",-0.0306977629907208
"chr7-055",0.0389131615117633
"chr7-056",-0.0147918313165918
"chr7-057",0.0121531986272396
"chr7-058",-0.11767322609313
"chr7-059",-0.0142081290576213
"chr7-060",-0.0815498280603108
"chr7-061",-0.0873926375280875
"chr7-062",-0.0507635066001822
"chr7-063",-0.0271195529847611
"chr7-064",0.0189092158025974
"chr7-065",-0.0865920403274684
"chr7-066",0.0349849012869823
"chr7-067",0.0397080554020911
"chr7-068",-0.0558295974698537
"chr7-069",-0.0341603010436142
"chr7-070",-0.0679313936374776
"chr7-071",-0.073339059827899
"chr7-072",-0.0599639425842139
"chr7-073",-0.0672747708955176
"chr7-074",-0.0101334891937448
"chr7-075",0.0963982185116173
"chr7-076",-0.0240550045063237
"chr7-077",0.0115183021562985
"chr7-078",-0.0109084536378819
"chr7-079",0.00197091929074151
"chr7-080",-0.0550848607884618
"chr7-081",0.0623309230719498
"chr7-082",0.0225468614371995
"chr7-083",-0.0313435828470999
"chr7-084",-0.0229154918024588
"chr7-085",0.00436449204880642
"chr7-086",0.0171864902133088
"chr7-087",-0.0286524115731327
"chr7-088",-0.0544330934558851
"chr7-089",-0.0907239868334517
"chr7-090",-0.0487890103655053
"chr7-091",-0.00636783120283571
"chr7-092",0.000719940048367101
"chr7-093",-0.0634014645065899
"chr7-094",-0.0325186477739953
"chr7-095",-0.0636537518056252
"chr7-096",-0.0491506579923977
"chr7-097",-0.093279960605366
"chr7-098",-0.0477754652056146
"chr7-099",-0.0285817109277823
"chr7-100",-0.0804909427630708
"chr7-101",-0.0416290381782872
"chr7-102",-0.00642040826654358
"chr7-103",-0.00861504375351195
"chr7-104",-0.0217018751938002
"chr7-105",-0.056556958219622
"chr7-106",0.152343234872627
"chr7-107",-0.00995644569848611
"chr7-108",-0.0370564632088309
"chr7-109",-0.0789967882568431
"chr7-110",-0.0349697529390983
"chr7-111",0.0296942232880878
"chr7-112",-0.0378623416333608
"chr7-113",-0.00836898954541553
"chr7-114",-0.0280842409490744
"chr7-115",-0.0297170374803074
"chr7-116",-0.00248476156529136
"chr7-117",0.0156709402292238
"chr7-118",-0.117318477455045
"chr7-119",-0.0581029864838826
"chr7-120",-0.0460258144243027
"chr7-121",-0.0123169803212478
"chr7-122",0.0792896005801864
"chr7-123",-0.0693436308978312
"chr7-124",-0.0761969312887491
"chr7-125",-0.0595393290906979
"chr7-126",-0.0373109365278737
"chr7-127",-0.0454012353506278
"chr7-128",-0.0419373575543296
"chr7-129",0.0799698066761582
"chr7-130",-0.0292686338333365
"chr7-131",-0.0616068999342396
"chr7-132",-0.0527159795241439
"chr7-133",0.0347707387773248
"chr7-134",-0.0109764863268757
"chr7-135",-0.0304031972840366
"chr7-136",-0.0193504024093321
"chr7-137",0.00376587864604174
"chr7-138",-0.0524536987686764
"chr7-139",-0.0185256531298199
"chr7-140",0.0815192347850573
"chr7-141",-0.0389987493644249
"chr7-142",-0.0342735659685294
"chr7-143",-0.0259499638353476
"chr7-144",0.0292580812883898
"chr7-145",0.0124096174532189
"chr7-146",-0.0374181882612517
"chr7-147",-0.0594199495820112
"chr7-148",-0.0523753780709784
"chr7-149",0.0202135631996609
"chr7-150",0.0289866686316348
"chr7-151",-0.0565307136036743
"chr7-152",-0.0712646064994817
"chr7-153",0.00625250791053205
"chr7-154",-0.0680057116964567
"chr7-155",-0.034586351865951
"chr7-156",-0.0214334641100169
"chr8-001",0.0243969907499935
"chr8-002",-0.0248057081687268
"chr8-003",-0.0099040452349439
"chr8-004",-0.0157001180361075
"chr8-005",-0.0358439099185688
"chr8-006",0.122183635075381
"chr8-007",-0.0368345719406392
"chr8-008",0.0164931937936512
"chr8-009",0.0499615719382821
"chr8-010",-0.0263118646478239
"chr8-011",-0.0264193548367547
"chr8-012",-0.0582617770634327
"chr8-013",-0.0581645148590084
"chr8-014",0.0934943236950366
"chr8-015",-0.0244236702084404
"chr8-016",0.000751069200881107
"chr8-017",0.102229984945246
"chr8-018",-0.0476136572050749
"chr8-019",0.0440032790365932
"chr8-020",0.02314427413479
"chr8-021",-0.0195224651061984
"chr8-022",0.022749745575422
"chr8-023",-0.0429143534187045
"chr8-024",-0.047978248922156
"chr8-025",-0.0611644196388838
"chr8-026",-0.0619988485608672
"chr8-027",-0.0119396158934273
"chr8-028",-0.0270070965560386
"chr8-029",-0.0220939430358486
"chr8-030",-0.107748701936015
"chr8-031",-0.0265065204855737
"chr8-032",0.0287658474193286
"chr8-033",-0.0160261460163155
"chr8-034",0.0423559414248038
"chr8-035",0.0505026198412924
"chr8-036",-0.095566012731305
"chr8-037",0.0842249277100745
"chr8-038",0.0557590261576642
"chr8-039",0.00704559184783339
"chr8-040",-0.0377392073895642
"chr8-041",-0.034469193772588
"chr8-042",-0.00776905350477952
"chr8-043",-0.0250727457315776
"chr8-044",-0.039443740846536
"chr8-045",-0.0344136303921146
"chr8-046",0.0119488862984643
"chr8-047",-0.0830936596312304
"chr8-048",0.0108437558110594
"chr8-049",-0.0263847071298996
"chr8-050",0.0125449961589471
"chr8-051",-0.114628551044233
"chr8-052",0.0414875873448632
"chr8-053",0.00526218175865573
"chr8-054",-0.0429713782800316
"chr8-055",-0.043582580890028
"chr8-056",0.00611223150013105
"chr8-057",-0.0558855947162843
"chr8-058",-0.00752330359103842
"chr8-059",0.0192975465498863
"chr8-060",0.0666460287801274
"chr8-061",0.0501495738910197
"chr8-062",-0.0101311163968521
"chr8-063",-0.0237716789504574
"chr8-064",0.0495087797680947
"chr8-065",-0.125749210178692
"chr8-066",0.00195289406364698
"chr8-067",-0.0634324006043137
"chr8-068",0.0103425469635998
"chr8-069",-0.0224000534394077
"chr8-070",0.00950427640861069
"chr8-071",0.0414173797781532
"chr8-072",0.0120573952930822
"chr8-073",0.0139182026838003
"chr8-074",-0.0444574086554535
"chr8-075",-0.0205283565620468
"chr8-076",0.00823944612461457
"chr8-077",0.0425008682441167
"chr8-078",0.0186556176213164
"chr8-079",-0.00942668145153091
"chr8-080",0.0271926244332443
"chr8-081",0.0311281856443503
"chr8-082",-0.0380757910003419
"chr8-083",-0.031075609730445
"chr8-084",-0.0232647131034969
"chr8-085",0.072676800409326
"chr8-086",-0.065140632386912
"chr8-087",0.0888183881647534
"chr8-088",-0.0562659912569961
"chr8-089",-0.0025867526057708
"chr8-090",0.0205733004878249
"chr8-091",0.006722093279859
"chr8-092",0.00912412895329363
"chr8-093",-0.022522599008443
"chr8-094",0.0327365189788519
"chr8-095",-0.00560922264133845
"chr8-096",-0.0248633832457126
"chr8-097",0.00187666126147851
"chr8-098",0.0461811037827155
"chr8-099",-0.00778002275153766
"chr8-100",-0.0684802665484508
"chr8-101",-0.0472070513900321
"chr8-102",-0.00424929455215319
"chr8-103",0.012749504608299
"chr8-104",-0.00670643326637333
"chr8-105",-0.078927683322185
"chr8-106",-0.00905359882551746
"chr8-107",0.00120066655590491
"chr8-108",-0.000687108056981431
"chr8-109",0.0411140514660598
"chr8-110",-0.083647769990589
"chr8-111",-0.0193526890138283
"chr8-112",-0.0371317820268353
"chr8-113",0.0775565052581769
"chr8-114",-0.103445901946317
"chr8-115",-0.172913060606622
"chr8-116",0.0306702066703463
"chr8-117",0.0726859950271996
"chr8-118",-0.0104311718733001
"chr8-119",0.0254942161522503
"chr8-120",0.00821597673255094
"chr8-121",-0.0320093126972136
"chr8-122",0.0262051286157472
"chr8-123",0.0340887857557699
"chr8-124",0.0241024628875151
"chr8-125",-0.0323735919749633
"chr8-126",-0.0250123117861228
"chr8-127",-0.0218787603548837
"chr8-128",0.0142782457477046
"chr8-129",-0.0102924539190213
"chr8-130",0.0506057234809843
"chr8-131",0.0183262744518271
"chr8-132",0.0470274491601528
"chr8-133",-0.0641392539056388
"chr8-134",-0.0521861430249678
"chr8-135",-0.0350659640805161
"chr8-136",-0.00600915212099436
"chr8-137",-0.0292329387489041
"chr8-138",0.0685512706096534
"chr8-139",0.0764418342412756
"chr8-140",-0.085202272936665
"chr8-141",-0.0823084226783852
"chr8-142",-0.0199012502222014
"chr8-143",-0.0881317856165189
"chr8-144",-0.0885341273164706
"chr8-145",0.00626583809147865
"chr8-146",0.000584364571840841
"chr8-147",-0.0120705922150687
"chr9-001",-0.0211340829278408
"chr9-002",-0.07654243880792
"chr9-003",0.00451480697791852
"chr9-004",0.079236935304427
"chr9-005",0.0531862262636383
"chr9-006",0.0085260780400273
"chr9-007",-0.0323292852756632
"chr9-008",0.0206826646079945
"chr9-009",0.0556220674767507
"chr9-010",0.0401846554963342
"chr9-011",-0.0244269914608268
"chr9-012",0.0997231835727569
"chr9-013",0.0582890686136525
"chr9-014",-0.0240750231760548
"chr9-015",0.046198681133458
"chr9-016",0.0307809138460764
"chr9-017",0.052224643308915
"chr9-018",-0.0752549922281536
"chr9-019",0.0609811125630598
"chr9-020",-0.0196772512007837
"chr9-021",-0.0193288742554625
"chr9-022",0.0151584274672183
"chr9-023",0.0597457696936213
"chr9-024",0.0556417988407947
"chr9-025",0.0202554240063367
"chr9-026",0.0459973137295828
"chr9-027",0.0217205973372119
"chr9-028",0.104037813948327
"chr9-029",-0.0209198098462094
"chr9-030",-0.0033506848778361
"chr9-031",-0.0653424153701504
"chr9-032",-0.111141087892535
"chr9-033",-0.070996339357548
"chr9-034",-0.0176664549285787
"chr9-035",-0.053910840631797
"chr9-036",-0.0282382443056136
"chr9-037",-0.142878109875742
"chr9-038",-0.19881409007837
"chr9-039",0.0909478606527403
"chr9-040",-0.172071789348925
"chr9-041",-0.0337293361840919
"chr9-042",-0.0117943758889513
"chr9-043",0.0542568135812289
"chr9-044",0.0343172267338997
"chr9-045",-0.0424149450677605
"chr9-046",-0.0179285904348628
"chr9-047",-0.00572281687074408
"chr9-048",0.0460250744921984
"chr9-049",0.0129395119125484
"chr9-050",0.00153776059356183
"chr9-051",0.031124507182509
"chr9-052",-0.00892870678688445
"chr9-053",-0.00422583204560572
"chr9-054",0.00335485529853581
"chr9-055",-0.00419489581614588
"chr9-056",0.0152027532319631
"chr9-057",0.132479610114737
"chr9-058",0.0985561713201643
"chr9-059",-0.00414951889971056
"chr9-060",-0.0125882689348894
"chr9-061",0.00869021531170555
"chr9-062",0.0173726673823813
"chr9-063",-0.00936324036172115
"chr9-064",0.033929660188332
"chr9-065",-0.0721444508584873
"chr9-066",-0.013365529965581
"chr9-067",-0.0237277102779245
"chr9-068",-0.0584819344927854
"chr9-069",-0.101990361818209
"chr9-070",0.00911370797451573
"chr9-071",0.0352574152015406
"chr9-072",0.0201841540689667
"chr9-073",-0.0593473580477528
"chr9-074",-0.0662299372669103
"chr9-075",0.0204143767033787
"chr9-076",-0.0407506051817265
"chr9-077",-0.0238102657620617
"chr9-078",0.014227729680124
"chr9-079",-0.0673806599676653
"chr9-080",-0.0219344245871679
"chr9-081",0.0262096128760633
"chr9-082",-0.00660299744419023
"chr9-083",-0.0183817734723974
"chr9-084",-0.039019466263252
"chr9-085",0.00322862046232673
"chr9-086",0.01154425579331
"chr9-087",-0.024147076244562
"chr9-088",-0.0843309817394384
"chr9-089",-0.0882600638598583
"chr9-090",-3.23057271135513e-05
"chr9-091",0.0217984183934074
"chr9-092",0.0672003506139617
"chr9-093",0.136916475612161
"chr9-094",0.0192617779786174
"chr9-095",-0.0171237829242
"chr9-096",-0.0348173212560131
"chr9-097",-0.0531796722541044
"chr9-098",-0.0240954161622955
"chr9-099",-0.0607191202435773
"chr9-100",0.00440496551566617
"chr9-101",-0.0587766417651
"chr9-102",-0.0773820575093872
"chr9-103",-0.0663005747056349
"chr9-104",-0.110775371725122
"chr9-105",-0.0770282227840317
"chr9-106",-0.0506436649172853
"chr9-107",-0.0854551127253105
"chr9-108",-0.108311507642627
"chr9-109",-0.0289818744375891
"chr9-110",-0.104366565102177
"chr9-111",-0.0890418180268889
"chr9-112",0.016882836437299
"chr9-113",0.0195653270029933
"chr9-114",-0.0837409250969234
"chrX-001",0.303314986945203
"chrX-002",0.385640239661447
"chrX-003",0.437152314748216
"chrX-004",0.389923050352882
"chrX-005",0.294311810080624
"chrX-006",0.382147485250803
"chrX-007",0.437932650577935
"chrX-008",0.423809567683064
"chrX-009",0.557081571808205
"chrX-010",0.498862818236416
"chrX-011",0.41995327087099
"chrX-012",0.507091047730446
"chrX-013",0.406206690110212
"chrX-014",0.409665416479543
"chrX-015",0.471413907104482
"chrX-016",0.418043975461283
"chrX-017",0.479356885966517
"chrX-018",0.463954262816465
"chrX-019",0.529410758067531
"chrX-020",0.462057860784167
"chrX-021",0.48406707682296
"chrX-022",0.375955735213249
"chrX-023",0.476767602839463
"chrX-024",0.417079018801774
"chrX-025",0.363586454893838
"chrX-026",0.489641174082977
"chrX-027",0.45267357626341
"chrX-028",0.577507034297166
"chrX-029",0.508739033018872
"chrX-030",0.417418988017982
"chrX-031",0.42944101997655
"chrX-032",0.28728332319182
"chrX-033",0.446366521415016
"chrX-034",0.415602956693073
"chrX-035",0.494123942346539
"chrX-036",0.462462278376007
"chrX-037",0.408965291988729
"chrX-038",0.335613726587978
"chrX-039",0.413607376065698
"chrX-040",0.552445795321767
"chrX-041",0.504720635888964
"chrX-042",0.386154124628032
"chrX-043",0.445760432070065
"chrX-044",0.517595413240272
"chrX-045",0.367778392999286
"chrX-046",0.368562505337204
"chrX-047",0.362625178958628
"chrX-048",0.417550805643346
"chrX-049",0.465108694952009
"chrX-050",0.424589105677901
"chrX-051",0.398642540316865
"chrX-052",0.344292522563421
"chrX-053",0.337205188927396
"chrX-054",0.393844020351212
"chrX-055",0.477088345873753
"chrX-056",0.547497860773287
"chrX-057",0.497834178197838
"chrX-058",0.493816923993266
"chrX-059",0.400596485133344
"chrX-060",0.476899121491713
"chrX-061",0.452440143126361
"chrX-062",0.519580308873899
"chrX-063",0.33338345096635
"chrX-064",0.389457838489256
"chrX-065",0.38647512589573
"chrX-066",0.344079499050794
"chrX-067",0.384828002450674
"chrX-068",0.455899636505673
"chrX-069",0.433412585069832
"chrX-070",0.504300222520506
"chrX-071",0.509416956045032
"chrX-072",0.411842872741689
"chrX-073",0.469239446269129
"chrX-074",0.476320369145823
"chrX-075",0.453631865176579
"chrX-076",0.516185178731522
"chrX-077",0.321267215342088
"chrX-078",0.541979608435432
"chrX-079",0.542649542094233
"chrX-080",0.425939442608335
"chrX-081",0.173044336268155
"chrX-082",0.327144945699695
"chrX-083",0.315745957648475
"chrX-084",0.287574681773606
"chrX-085",0.470887133426059
"chrX-086",0.461445815084602
"chrX-087",0.454839237029472
"chrX-088",0.429185949355829
"chrX-089",0.438639434448097
"chrX-090",0.37935476867922
"chrX-091",0.685325774061468
"chrX-092",0.411740694618019
"chrX-093",0.378961143666351
"chrX-094",0.361128235168348
"chrX-095",0.481076754701491
"chrX-096",0.434032799465205
"chrX-097",0.502923353075777
"chrX-098",0.399196595981764
"chrX-099",0.36274072743387
"chrX-100",0.311207955353689
"chrX-101",0.431275706388319
"chrX-102",0.420256712504979
"chrX-103",0.425063548326999
"chrX-104",0.5528331090842
"chrX-105",0.468632385017114
"chrX-106",0.433250411602654
"chrX-107",0.450228910688305
"chrX-108",0.487912048883672
"chrX-109",0.427306573153535
"chrX-110",0.366505499694808
"chrX-111",0.393372368922004
"chrX-112",0.395122757507502
"chrX-113",0.500590023572391
"chrX-114",0.435750867210569
"chrX-115",0.549479753747955
"chrX-116",0.475251110901676
"chrX-117",0.492741267059205
"chrX-118",0.432727247453418
"chrX-119",0.534101638992523
"chrX-120",0.430752547129507
"chrX-121",0.50860842835491
"chrX-122",0.481605314919062
"chrX-123",0.487038834732884
"chrX-124",0.433364311780641
"chrX-125",0.329557311941806
"chrX-126",0.519070412127795
"chrX-127",0.420871409941471
"chrX-128",0.280909819763907
"chrX-129",0.521727933411015
"chrX-130",0.498839255573207
"chrX-131",0.47133100044228
"chrX-132",0.519006295387824
"chrX-133",0.399771319106664
"chrX-134",0.287261832116407
"chrX-135",0.320994357605283
"chrX-136",0.435823802238397
"chrX-137",0.366327395023119
"chrY-001",-3.72941383375437
"chrY-002",-0.322868747721753
"chrY-003",-4.37048326413594
"chrY-004",-3.79435537582882
"chrY-005",-4.61929163122668
"chrY-006",-4.6757310255145
"chrY-007",-2.827453094617
"chrY-008",-0.366837369536302
"chrY-009",-3.15039491852585
"chrY-010",-3.66739612513381
"chrY-011",-4.09546733659993
"chrY-012",-3.72654502928505
"chrY-013",-2.91398101573047
"chrY-014",-4.11377824542598
"chrY-015",-3.73905709045246
"chrY-016",-4.37679847377031
