"","GDC_Aliquot","Chromosome","Start","End","Num_Probes","Segment_Mean"
"1","b97dd03b-40e3-4a98-a56d-bbc8f7f03a4b","1",62920,259926,16,0.6093
"2","b97dd03b-40e3-4a98-a56d-bbc8f7f03a4b","1",266187,3674884,895,-0.6855
"3","b97dd03b-40e3-4a98-a56d-bbc8f7f03a4b","1",3680242,3703616,18,-1.4862
"4","b97dd03b-40e3-4a98-a56d-bbc8f7f03a4b","1",3711713,15822848,7364,-0.6294
"5","b97dd03b-40e3-4a98-a56d-bbc8f7f03a4b","1",15823420,15828515,11,0.2628
"6","b97dd03b-40e3-4a98-a56d-bbc8f7f03a4b","1",15839166,16863509,353,-0.5618
"7","b97dd03b-40e3-4a98-a56d-bbc8f7f03a4b","1",16864367,16891412,11,-1.2416
"8","b97dd03b-40e3-4a98-a56d-bbc8f7f03a4b","1",16898475,16909725,11,-0.4761
"9","b97dd03b-40e3-4a98-a56d-bbc8f7f03a4b","1",16909775,16921903,13,-1.3618
"10","b97dd03b-40e3-4a98-a56d-bbc8f7f03a4b","1",16926880,20898677,2769,-0.6343
"11","b97dd03b-40e3-4a98-a56d-bbc8f7f03a4b","1",20905179,21343566,205,-1.4637
"12","b97dd03b-40e3-4a98-a56d-bbc8f7f03a4b","1",21349164,26805760,2945,-0.5713
"13","b97dd03b-40e3-4a98-a56d-bbc8f7f03a4b","1",26806296,46347595,10769,0.0475
"14","b97dd03b-40e3-4a98-a56d-bbc8f7f03a4b","1",46348295,72303233,17278,-7e-04
"15","b97dd03b-40e3-4a98-a56d-bbc8f7f03a4b","1",72303253,72345465,45,-1.4557
"16","b97dd03b-40e3-4a98-a56d-bbc8f7f03a4b","1",72346221,78835254,4074,-0.0098
"17","b97dd03b-40e3-4a98-a56d-bbc8f7f03a4b","1",78838065,78879257,24,-1.0974
"18","b97dd03b-40e3-4a98-a56d-bbc8f7f03a4b","1",78880386,101507494,14616,-0.0024
"19","b97dd03b-40e3-4a98-a56d-bbc8f7f03a4b","1",101510772,112147704,6796,-0.0508
"20","b97dd03b-40e3-4a98-a56d-bbc8f7f03a4b","1",112153343,112163334,26,0.4989
"21","b97dd03b-40e3-4a98-a56d-bbc8f7f03a4b","1",112163438,118340673,3932,-0.0425
"22","b97dd03b-40e3-4a98-a56d-bbc8f7f03a4b","1",118340808,119801421,974,-0.015
"23","b97dd03b-40e3-4a98-a56d-bbc8f7f03a4b","1",119801482,143459641,248,0.0249
"24","b97dd03b-40e3-4a98-a56d-bbc8f7f03a4b","1",143494500,143890323,121,0.239
"25","b97dd03b-40e3-4a98-a56d-bbc8f7f03a4b","1",143893019,162857871,8767,0.0296
"26","b97dd03b-40e3-4a98-a56d-bbc8f7f03a4b","1",162858026,196843377,23253,0.005
"27","b97dd03b-40e3-4a98-a56d-bbc8f7f03a4b","1",196843400,196846661,2,-2.2373
"28","b97dd03b-40e3-4a98-a56d-bbc8f7f03a4b","1",196847600,199120152,1339,0.0139
"29","b97dd03b-40e3-4a98-a56d-bbc8f7f03a4b","1",199120266,199144712,39,-0.3626
"30","b97dd03b-40e3-4a98-a56d-bbc8f7f03a4b","1",199145110,199569935,302,0.012
"31","b97dd03b-40e3-4a98-a56d-bbc8f7f03a4b","1",199573435,199576577,6,-1.2719
"32","b97dd03b-40e3-4a98-a56d-bbc8f7f03a4b","1",199577059,210164867,7231,0.0185
"33","b97dd03b-40e3-4a98-a56d-bbc8f7f03a4b","1",210165011,234826782,16943,0.0489
"34","b97dd03b-40e3-4a98-a56d-bbc8f7f03a4b","1",234827911,234971143,132,-0.5748
"35","b97dd03b-40e3-4a98-a56d-bbc8f7f03a4b","1",234973577,248930189,9780,0.0492
"36","b97dd03b-40e3-4a98-a56d-bbc8f7f03a4b","2",12784,33652736,23387,-0.0103
"37","b97dd03b-40e3-4a98-a56d-bbc8f7f03a4b","2",33656233,34466002,660,-0.4842
"38","b97dd03b-40e3-4a98-a56d-bbc8f7f03a4b","2",34474248,34515732,52,0.1123
"39","b97dd03b-40e3-4a98-a56d-bbc8f7f03a4b","2",34515960,35750907,862,-0.47
"40","b97dd03b-40e3-4a98-a56d-bbc8f7f03a4b","2",35752724,35762850,6,-2.0235
"41","b97dd03b-40e3-4a98-a56d-bbc8f7f03a4b","2",35762881,39428231,2662,-0.4607
"42","b97dd03b-40e3-4a98-a56d-bbc8f7f03a4b","2",39429216,41299547,1453,-1.4936
"43","b97dd03b-40e3-4a98-a56d-bbc8f7f03a4b","2",41300772,41506257,157,-0.4776
"44","b97dd03b-40e3-4a98-a56d-bbc8f7f03a4b","2",41514676,41544816,32,-4.6846
"45","b97dd03b-40e3-4a98-a56d-bbc8f7f03a4b","2",41547005,47638631,4477,-0.4561
"46","b97dd03b-40e3-4a98-a56d-bbc8f7f03a4b","2",47641458,47670727,26,-1.1169
"47","b97dd03b-40e3-4a98-a56d-bbc8f7f03a4b","2",47676957,52527330,3255,-0.4733
"48","b97dd03b-40e3-4a98-a56d-bbc8f7f03a4b","2",52527342,52554404,39,-2.7362
"49","b97dd03b-40e3-4a98-a56d-bbc8f7f03a4b","2",52560811,58305327,4058,-0.4599
"50","b97dd03b-40e3-4a98-a56d-bbc8f7f03a4b","2",58312541,59395101,701,-0.0432
"51","b97dd03b-40e3-4a98-a56d-bbc8f7f03a4b","2",59395287,59400017,6,-1.2519
"52","b97dd03b-40e3-4a98-a56d-bbc8f7f03a4b","2",59411121,97832269,19172,-0.0038
"53","b97dd03b-40e3-4a98-a56d-bbc8f7f03a4b","2",97832719,103424410,3463,-0.1728
"54","b97dd03b-40e3-4a98-a56d-bbc8f7f03a4b","2",103425105,105770408,1560,-0.0042
"55","b97dd03b-40e3-4a98-a56d-bbc8f7f03a4b","2",105772455,105774881,6,-0.9226
"56","b97dd03b-40e3-4a98-a56d-bbc8f7f03a4b","2",105775456,106258193,411,0.016
"57","b97dd03b-40e3-4a98-a56d-bbc8f7f03a4b","2",106258266,106265177,5,-0.9542
"58","b97dd03b-40e3-4a98-a56d-bbc8f7f03a4b","2",106266773,106268901,8,-2.7623
"59","b97dd03b-40e3-4a98-a56d-bbc8f7f03a4b","2",106270799,130026710,14267,-0.0011
"60","b97dd03b-40e3-4a98-a56d-bbc8f7f03a4b","2",130031187,130169934,28,-0.3719
"61","b97dd03b-40e3-4a98-a56d-bbc8f7f03a4b","2",130171525,146104517,9505,-0.009
"62","b97dd03b-40e3-4a98-a56d-bbc8f7f03a4b","2",146106836,146109366,24,-1.9134
"63","b97dd03b-40e3-4a98-a56d-bbc8f7f03a4b","2",146120238,159102108,7782,-0.0084
"64","b97dd03b-40e3-4a98-a56d-bbc8f7f03a4b","2",159103831,159104461,2,-2.6925
"65","b97dd03b-40e3-4a98-a56d-bbc8f7f03a4b","2",159106775,172787920,8343,-0.0071
"66","b97dd03b-40e3-4a98-a56d-bbc8f7f03a4b","2",172789318,172793172,7,-0.8398
"67","b97dd03b-40e3-4a98-a56d-bbc8f7f03a4b","2",172795185,212316597,23836,-0.0084
"68","b97dd03b-40e3-4a98-a56d-bbc8f7f03a4b","2",212321824,212327101,25,-0.9438
"69","b97dd03b-40e3-4a98-a56d-bbc8f7f03a4b","2",212327402,226345880,9149,-0.0123
"70","b97dd03b-40e3-4a98-a56d-bbc8f7f03a4b","2",226346066,226475532,88,-0.4455
"71","b97dd03b-40e3-4a98-a56d-bbc8f7f03a4b","2",226476092,241557791,9570,0.0051
"72","b97dd03b-40e3-4a98-a56d-bbc8f7f03a4b","2",241557869,241557968,2,-1.4418
"73","b97dd03b-40e3-4a98-a56d-bbc8f7f03a4b","2",241558352,242147305,174,-0.0083
"74","b97dd03b-40e3-4a98-a56d-bbc8f7f03a4b","3",20930,46008216,32660,-0.0048
"75","b97dd03b-40e3-4a98-a56d-bbc8f7f03a4b","3",46008344,46010221,2,-2.002
"76","b97dd03b-40e3-4a98-a56d-bbc8f7f03a4b","3",46010251,47358421,759,0.0214
"77","b97dd03b-40e3-4a98-a56d-bbc8f7f03a4b","3",47358841,47363961,3,-1.2897
"78","b97dd03b-40e3-4a98-a56d-bbc8f7f03a4b","3",47367722,52989195,2250,0.0321
"79","b97dd03b-40e3-4a98-a56d-bbc8f7f03a4b","3",52994359,53005201,38,-0.631
"80","b97dd03b-40e3-4a98-a56d-bbc8f7f03a4b","3",53005247,60707127,5680,-0.0107
"81","b97dd03b-40e3-4a98-a56d-bbc8f7f03a4b","3",60707165,60708618,2,-1.7256
"82","b97dd03b-40e3-4a98-a56d-bbc8f7f03a4b","3",60708986,68697108,6338,-0.0223
"83","b97dd03b-40e3-4a98-a56d-bbc8f7f03a4b","3",68697133,68698262,13,-1.649
"84","b97dd03b-40e3-4a98-a56d-bbc8f7f03a4b","3",68699607,135860522,38444,-0.0192
"85","b97dd03b-40e3-4a98-a56d-bbc8f7f03a4b","3",135861224,146577772,6485,0.2418
"86","b97dd03b-40e3-4a98-a56d-bbc8f7f03a4b","3",146583051,152488091,3705,0.2752
"87","b97dd03b-40e3-4a98-a56d-bbc8f7f03a4b","3",152488273,161973347,5692,-0.0276
"88","b97dd03b-40e3-4a98-a56d-bbc8f7f03a4b","3",161975497,162243670,197,0.3315
"89","b97dd03b-40e3-4a98-a56d-bbc8f7f03a4b","3",162248001,162795304,351,-0.0406
"90","b97dd03b-40e3-4a98-a56d-bbc8f7f03a4b","3",162795361,162807070,9,-2.3012
"91","b97dd03b-40e3-4a98-a56d-bbc8f7f03a4b","3",162810842,162898127,52,-1.0548
"92","b97dd03b-40e3-4a98-a56d-bbc8f7f03a4b","3",162906054,176165961,8153,-0.0271
"93","b97dd03b-40e3-4a98-a56d-bbc8f7f03a4b","3",176170271,176198433,35,-0.821
"94","b97dd03b-40e3-4a98-a56d-bbc8f7f03a4b","3",176198525,186688349,6237,-0.0206
"95","b97dd03b-40e3-4a98-a56d-bbc8f7f03a4b","3",186695072,186699982,11,-1.015
"96","b97dd03b-40e3-4a98-a56d-bbc8f7f03a4b","3",186704081,193162798,4724,-0.0214
"97","b97dd03b-40e3-4a98-a56d-bbc8f7f03a4b","3",193162937,193165114,11,2.0642
"98","b97dd03b-40e3-4a98-a56d-bbc8f7f03a4b","3",193168646,195934679,1605,-0.0259
"99","b97dd03b-40e3-4a98-a56d-bbc8f7f03a4b","3",195963975,195982791,6,-1.9402
"100","b97dd03b-40e3-4a98-a56d-bbc8f7f03a4b","3",195991894,198169247,1077,-0.0138
"101","b97dd03b-40e3-4a98-a56d-bbc8f7f03a4b","4",68929,2342647,840,0.0039
"102","b97dd03b-40e3-4a98-a56d-bbc8f7f03a4b","4",2342965,4158336,794,0.1256
"103","b97dd03b-40e3-4a98-a56d-bbc8f7f03a4b","4",4163608,4164791,2,-1.6897
"104","b97dd03b-40e3-4a98-a56d-bbc8f7f03a4b","4",4165256,9455251,3516,0.1138
"105","b97dd03b-40e3-4a98-a56d-bbc8f7f03a4b","4",9459504,9477699,6,1.1453
"106","b97dd03b-40e3-4a98-a56d-bbc8f7f03a4b","4",9484440,10221792,540,0.1131
"107","b97dd03b-40e3-4a98-a56d-bbc8f7f03a4b","4",10222004,10233558,33,0.4964
"108","b97dd03b-40e3-4a98-a56d-bbc8f7f03a4b","4",10233644,10513404,272,0.1374
"109","b97dd03b-40e3-4a98-a56d-bbc8f7f03a4b","4",10513597,10516854,2,-0.824
"110","b97dd03b-40e3-4a98-a56d-bbc8f7f03a4b","4",10516901,10965905,352,0.124
"111","b97dd03b-40e3-4a98-a56d-bbc8f7f03a4b","4",10966897,19988969,6633,0.4085
"112","b97dd03b-40e3-4a98-a56d-bbc8f7f03a4b","4",19990858,34777432,9688,-0.02
"113","b97dd03b-40e3-4a98-a56d-bbc8f7f03a4b","4",34784878,34823103,38,-2.8624
"114","b97dd03b-40e3-4a98-a56d-bbc8f7f03a4b","4",34828250,45003738,6629,-0.0191
"115","b97dd03b-40e3-4a98-a56d-bbc8f7f03a4b","4",45003835,45004318,4,-1.4506
"116","b97dd03b-40e3-4a98-a56d-bbc8f7f03a4b","4",45008952,63842036,9923,-0.0221
"117","b97dd03b-40e3-4a98-a56d-bbc8f7f03a4b","4",63842099,63842505,4,-1.3934
"118","b97dd03b-40e3-4a98-a56d-bbc8f7f03a4b","4",63842540,68394833,2851,-0.0177
"119","b97dd03b-40e3-4a98-a56d-bbc8f7f03a4b","4",68416487,68422424,5,-1.3376
"120","b97dd03b-40e3-4a98-a56d-bbc8f7f03a4b","4",68429081,68494770,10,-0.1506
"121","b97dd03b-40e3-4a98-a56d-bbc8f7f03a4b","4",68501424,68640616,69,0.7542
"122","b97dd03b-40e3-4a98-a56d-bbc8f7f03a4b","4",68655691,69090632,218,0.0115
"123","b97dd03b-40e3-4a98-a56d-bbc8f7f03a4b","4",69093407,69093961,2,-1.4823
"124","b97dd03b-40e3-4a98-a56d-bbc8f7f03a4b","4",69096028,84850414,9759,-0.0138
"125","b97dd03b-40e3-4a98-a56d-bbc8f7f03a4b","4",84856512,94858975,5913,-0.477
"126","b97dd03b-40e3-4a98-a56d-bbc8f7f03a4b","4",94861874,114746362,12085,0.0922
"127","b97dd03b-40e3-4a98-a56d-bbc8f7f03a4b","4",114752246,124790814,5957,0.394
"128","b97dd03b-40e3-4a98-a56d-bbc8f7f03a4b","4",124794021,124939225,94,-0.6983
"129","b97dd03b-40e3-4a98-a56d-bbc8f7f03a4b","4",124942819,128398769,1949,0.3884
"130","b97dd03b-40e3-4a98-a56d-bbc8f7f03a4b","4",128405052,131664750,1942,0.9568
"131","b97dd03b-40e3-4a98-a56d-bbc8f7f03a4b","4",131667766,131675296,12,0.3505
"132","b97dd03b-40e3-4a98-a56d-bbc8f7f03a4b","4",131675474,134002942,1207,0.9624
"133","b97dd03b-40e3-4a98-a56d-bbc8f7f03a4b","4",134003227,134257197,119,0.6124
"134","b97dd03b-40e3-4a98-a56d-bbc8f7f03a4b","4",134259051,151260315,10142,0.9574
"135","b97dd03b-40e3-4a98-a56d-bbc8f7f03a4b","4",151265210,151268380,5,-0.3865
"136","b97dd03b-40e3-4a98-a56d-bbc8f7f03a4b","4",151271656,151868634,316,0.9383
"137","b97dd03b-40e3-4a98-a56d-bbc8f7f03a4b","4",151870381,151871739,13,-0.7994
"138","b97dd03b-40e3-4a98-a56d-bbc8f7f03a4b","4",151873644,154881396,1946,0.9622
"139","b97dd03b-40e3-4a98-a56d-bbc8f7f03a4b","4",154881853,154881926,3,2.3927
"140","b97dd03b-40e3-4a98-a56d-bbc8f7f03a4b","4",154882047,160512434,3589,0.9612
"141","b97dd03b-40e3-4a98-a56d-bbc8f7f03a4b","4",160512574,189267889,19130,0.4049
"142","b97dd03b-40e3-4a98-a56d-bbc8f7f03a4b","4",189273964,189278110,4,-2.7702
"143","b97dd03b-40e3-4a98-a56d-bbc8f7f03a4b","4",189278617,190106768,349,0.3903
"144","b97dd03b-40e3-4a98-a56d-bbc8f7f03a4b","5",15532,698357,307,0.118
"145","b97dd03b-40e3-4a98-a56d-bbc8f7f03a4b","5",698390,731654,11,-0.3813
"146","b97dd03b-40e3-4a98-a56d-bbc8f7f03a4b","5",731776,1090641,122,0.1215
"147","b97dd03b-40e3-4a98-a56d-bbc8f7f03a4b","5",1094274,1097808,2,1.5625
"148","b97dd03b-40e3-4a98-a56d-bbc8f7f03a4b","5",1107313,17502763,12905,0.164
"149","b97dd03b-40e3-4a98-a56d-bbc8f7f03a4b","5",17504068,17515692,8,1.0175
"150","b97dd03b-40e3-4a98-a56d-bbc8f7f03a4b","5",17601444,46191782,17257,0.1693
"151","b97dd03b-40e3-4a98-a56d-bbc8f7f03a4b","5",46195781,46199333,4,-1.2801
"152","b97dd03b-40e3-4a98-a56d-bbc8f7f03a4b","5",46209197,46251204,13,0.2287
"153","b97dd03b-40e3-4a98-a56d-bbc8f7f03a4b","5",46270906,46273400,8,1.249
"154","b97dd03b-40e3-4a98-a56d-bbc8f7f03a4b","5",46278110,50159802,22,0.1855
"155","b97dd03b-40e3-4a98-a56d-bbc8f7f03a4b","5",50163220,58940433,5756,-0.0107
"156","b97dd03b-40e3-4a98-a56d-bbc8f7f03a4b","5",58944461,59360502,369,-0.1447
"157","b97dd03b-40e3-4a98-a56d-bbc8f7f03a4b","5",59360730,62239577,1757,-0.0318
"158","b97dd03b-40e3-4a98-a56d-bbc8f7f03a4b","5",62240004,75963260,7459,-0.1177
"159","b97dd03b-40e3-4a98-a56d-bbc8f7f03a4b","5",75973922,77948972,1457,0.3375
"160","b97dd03b-40e3-4a98-a56d-bbc8f7f03a4b","5",77949982,100747453,12883,0.4044
"161","b97dd03b-40e3-4a98-a56d-bbc8f7f03a4b","5",100747698,113319716,8108,0.6472
"162","b97dd03b-40e3-4a98-a56d-bbc8f7f03a4b","5",113319855,148856885,22528,0.4061
"163","b97dd03b-40e3-4a98-a56d-bbc8f7f03a4b","5",148858292,148940627,79,0.1024
"164","b97dd03b-40e3-4a98-a56d-bbc8f7f03a4b","5",148940979,149427453,344,0.3937
"165","b97dd03b-40e3-4a98-a56d-bbc8f7f03a4b","5",149428467,149618393,103,0.1171
"166","b97dd03b-40e3-4a98-a56d-bbc8f7f03a4b","5",149620476,167473666,12045,0.3995
"167","b97dd03b-40e3-4a98-a56d-bbc8f7f03a4b","5",167476299,177705442,7180,0.7269
"168","b97dd03b-40e3-4a98-a56d-bbc8f7f03a4b","5",177706657,177929702,25,0.3141
"169","b97dd03b-40e3-4a98-a56d-bbc8f7f03a4b","5",177933258,178680821,435,0.7517
"170","b97dd03b-40e3-4a98-a56d-bbc8f7f03a4b","5",178682974,178686162,3,-0.4216
"171","b97dd03b-40e3-4a98-a56d-bbc8f7f03a4b","5",178691854,179624537,581,0.7499
"172","b97dd03b-40e3-4a98-a56d-bbc8f7f03a4b","5",179624660,179681196,49,0.4895
"173","b97dd03b-40e3-4a98-a56d-bbc8f7f03a4b","5",179681247,180934240,710,0.7583
"174","b97dd03b-40e3-4a98-a56d-bbc8f7f03a4b","5",180934266,181019390,34,0.3523
"175","b97dd03b-40e3-4a98-a56d-bbc8f7f03a4b","5",181021183,181363319,161,0.7379
"176","b97dd03b-40e3-4a98-a56d-bbc8f7f03a4b","6",149661,254283,100,-0.2236
"177","b97dd03b-40e3-4a98-a56d-bbc8f7f03a4b","6",257353,375277,95,0.1358
"178","b97dd03b-40e3-4a98-a56d-bbc8f7f03a4b","6",375759,24336064,18408,-0.1307
"179","b97dd03b-40e3-4a98-a56d-bbc8f7f03a4b","6",24336416,29882497,3030,-0.0943
"180","b97dd03b-40e3-4a98-a56d-bbc8f7f03a4b","6",29882589,29931120,13,-1.0528
"181","b97dd03b-40e3-4a98-a56d-bbc8f7f03a4b","6",29931900,32481273,1158,-0.0846
"182","b97dd03b-40e3-4a98-a56d-bbc8f7f03a4b","6",32485024,32605994,33,1.3737
"183","b97dd03b-40e3-4a98-a56d-bbc8f7f03a4b","6",32606237,32715085,61,0.0224
"184","b97dd03b-40e3-4a98-a56d-bbc8f7f03a4b","6",32716252,36380413,2098,-0.0759
"185","b97dd03b-40e3-4a98-a56d-bbc8f7f03a4b","6",36380428,41512445,3666,-0.0169
"186","b97dd03b-40e3-4a98-a56d-bbc8f7f03a4b","6",41513422,44572541,1718,0.0293
"187","b97dd03b-40e3-4a98-a56d-bbc8f7f03a4b","6",44573245,54066286,6170,-0.0182
"188","b97dd03b-40e3-4a98-a56d-bbc8f7f03a4b","6",54066353,54067057,7,-1.2225
"189","b97dd03b-40e3-4a98-a56d-bbc8f7f03a4b","6",54070550,60740525,2335,-0.025
"190","b97dd03b-40e3-4a98-a56d-bbc8f7f03a4b","6",60743166,60745448,4,-1.3079
"191","b97dd03b-40e3-4a98-a56d-bbc8f7f03a4b","6",60746457,73882509,8041,-0.0097
"192","b97dd03b-40e3-4a98-a56d-bbc8f7f03a4b","6",73882741,73891694,9,-2.5153
"193","b97dd03b-40e3-4a98-a56d-bbc8f7f03a4b","6",73893839,76305231,1468,-0.0089
"194","b97dd03b-40e3-4a98-a56d-bbc8f7f03a4b","6",76307183,76307209,3,-1.9567
"195","b97dd03b-40e3-4a98-a56d-bbc8f7f03a4b","6",76307276,76708515,280,-0.028
"196","b97dd03b-40e3-4a98-a56d-bbc8f7f03a4b","6",76710479,76758214,38,0.2697
"197","b97dd03b-40e3-4a98-a56d-bbc8f7f03a4b","6",76758749,78232849,951,-0.0325
"198","b97dd03b-40e3-4a98-a56d-bbc8f7f03a4b","6",78232935,78322600,128,0.1813
"199","b97dd03b-40e3-4a98-a56d-bbc8f7f03a4b","6",78322875,85549640,4624,-0.0134
"200","b97dd03b-40e3-4a98-a56d-bbc8f7f03a4b","6",85554637,133945130,29939,0.0243
"201","b97dd03b-40e3-4a98-a56d-bbc8f7f03a4b","6",133947933,133948494,2,-1.7383
"202","b97dd03b-40e3-4a98-a56d-bbc8f7f03a4b","6",133950934,170741917,25038,0.038
"203","b97dd03b-40e3-4a98-a56d-bbc8f7f03a4b","7",43355,126405597,76880,-0.0211
"204","b97dd03b-40e3-4a98-a56d-bbc8f7f03a4b","7",126405632,126406561,9,-0.9677
"205","b97dd03b-40e3-4a98-a56d-bbc8f7f03a4b","7",126406822,134100424,4692,-0.0191
"206","b97dd03b-40e3-4a98-a56d-bbc8f7f03a4b","7",134100442,134110881,24,-2.092
"207","b97dd03b-40e3-4a98-a56d-bbc8f7f03a4b","7",134110912,134133228,18,-0.5257
"208","b97dd03b-40e3-4a98-a56d-bbc8f7f03a4b","7",134133578,143521765,6112,-0.034
"209","b97dd03b-40e3-4a98-a56d-bbc8f7f03a4b","7",143529806,143603307,5,1.054
"210","b97dd03b-40e3-4a98-a56d-bbc8f7f03a4b","7",143728285,154598185,6706,-0.0309
"211","b97dd03b-40e3-4a98-a56d-bbc8f7f03a4b","7",154601461,154607903,4,-2.0137
"212","b97dd03b-40e3-4a98-a56d-bbc8f7f03a4b","7",154609120,159334314,3228,-0.0557
"213","b97dd03b-40e3-4a98-a56d-bbc8f7f03a4b","8",81254,645875,329,-0.0198
"214","b97dd03b-40e3-4a98-a56d-bbc8f7f03a4b","8",645892,645908,2,-2.9968
"215","b97dd03b-40e3-4a98-a56d-bbc8f7f03a4b","8",656117,4161891,3405,0.0159
"216","b97dd03b-40e3-4a98-a56d-bbc8f7f03a4b","8",4162150,4162653,2,-1.8897
"217","b97dd03b-40e3-4a98-a56d-bbc8f7f03a4b","8",4164660,8565425,4367,0.0173
"218","b97dd03b-40e3-4a98-a56d-bbc8f7f03a4b","8",8565865,8667205,104,-0.6323
"219","b97dd03b-40e3-4a98-a56d-bbc8f7f03a4b","8",8667428,12092042,2781,0.0244
"220","b97dd03b-40e3-4a98-a56d-bbc8f7f03a4b","8",12130217,12143614,6,0.8058
"221","b97dd03b-40e3-4a98-a56d-bbc8f7f03a4b","8",12176798,12374772,6,-0.0369
"222","b97dd03b-40e3-4a98-a56d-bbc8f7f03a4b","8",12374907,12376708,4,-1.7598
"223","b97dd03b-40e3-4a98-a56d-bbc8f7f03a4b","8",12376742,14652059,1984,0.0396
"224","b97dd03b-40e3-4a98-a56d-bbc8f7f03a4b","8",14652523,14652565,3,1.3424
"225","b97dd03b-40e3-4a98-a56d-bbc8f7f03a4b","8",14652887,25117007,8436,0.0361
"226","b97dd03b-40e3-4a98-a56d-bbc8f7f03a4b","8",25117062,25126554,19,0.9395
"227","b97dd03b-40e3-4a98-a56d-bbc8f7f03a4b","8",25126626,39282425,8961,0.0325
"228","b97dd03b-40e3-4a98-a56d-bbc8f7f03a4b","8",39283593,39368830,44,-0.0261
"229","b97dd03b-40e3-4a98-a56d-bbc8f7f03a4b","8",39372664,39526605,58,-0.2103
"230","b97dd03b-40e3-4a98-a56d-bbc8f7f03a4b","8",39527181,40326278,593,0.0027
"231","b97dd03b-40e3-4a98-a56d-bbc8f7f03a4b","8",40326280,40331992,33,-0.9702
"232","b97dd03b-40e3-4a98-a56d-bbc8f7f03a4b","8",40335391,40914477,449,-0.0016
"233","b97dd03b-40e3-4a98-a56d-bbc8f7f03a4b","8",40920333,40920952,2,-1.7221
"234","b97dd03b-40e3-4a98-a56d-bbc8f7f03a4b","8",40926161,46613954,1689,0.0026
"235","b97dd03b-40e3-4a98-a56d-bbc8f7f03a4b","8",46615926,46623644,8,1.0129
"236","b97dd03b-40e3-4a98-a56d-bbc8f7f03a4b","8",46624924,47397918,335,-0.0161
"237","b97dd03b-40e3-4a98-a56d-bbc8f7f03a4b","8",47399755,47697206,123,-0.4433
"238","b97dd03b-40e3-4a98-a56d-bbc8f7f03a4b","8",47705067,50119451,1348,-0.0049
"239","b97dd03b-40e3-4a98-a56d-bbc8f7f03a4b","8",50119464,50119827,7,-2.1932
"240","b97dd03b-40e3-4a98-a56d-bbc8f7f03a4b","8",50126018,68848248,11783,-0.0131
"241","b97dd03b-40e3-4a98-a56d-bbc8f7f03a4b","8",68851264,68854693,6,-1.15
"242","b97dd03b-40e3-4a98-a56d-bbc8f7f03a4b","8",68855679,101402561,19552,-0.0103
"243","b97dd03b-40e3-4a98-a56d-bbc8f7f03a4b","8",101406246,101406923,2,-1.5785
"244","b97dd03b-40e3-4a98-a56d-bbc8f7f03a4b","8",101409501,111279265,6017,-0.0126
"245","b97dd03b-40e3-4a98-a56d-bbc8f7f03a4b","8",111282050,111283031,9,-1.4199
"246","b97dd03b-40e3-4a98-a56d-bbc8f7f03a4b","8",111288052,137810080,18649,-0.0091
"247","b97dd03b-40e3-4a98-a56d-bbc8f7f03a4b","8",137811491,137812781,4,-1.1462
"248","b97dd03b-40e3-4a98-a56d-bbc8f7f03a4b","8",137813527,145072769,4233,-0.0121
"249","b97dd03b-40e3-4a98-a56d-bbc8f7f03a4b","9",46587,186580,17,-0.2611
"250","b97dd03b-40e3-4a98-a56d-bbc8f7f03a4b","9",192129,39140235,30999,-0.6412
"251","b97dd03b-40e3-4a98-a56d-bbc8f7f03a4b","9",39140250,61405110,238,-0.1527
"252","b97dd03b-40e3-4a98-a56d-bbc8f7f03a4b","9",61520021,61668104,32,0.6807
"253","b97dd03b-40e3-4a98-a56d-bbc8f7f03a4b","9",61680289,63580418,36,0.0448
"254","b97dd03b-40e3-4a98-a56d-bbc8f7f03a4b","9",63590317,63614182,8,1.6035
"255","b97dd03b-40e3-4a98-a56d-bbc8f7f03a4b","9",63614312,138200944,47979,-0.0088
"256","b97dd03b-40e3-4a98-a56d-bbc8f7f03a4b","10",45792,33359331,25761,-0.2388
"257","b97dd03b-40e3-4a98-a56d-bbc8f7f03a4b","10",33359835,37994192,2994,-0.1728
"258","b97dd03b-40e3-4a98-a56d-bbc8f7f03a4b","10",38001645,46552712,2881,-0.0464
"259","b97dd03b-40e3-4a98-a56d-bbc8f7f03a4b","10",46552750,46901552,34,-0.962
"260","b97dd03b-40e3-4a98-a56d-bbc8f7f03a4b","10",46967412,48079560,299,0.0093
"261","b97dd03b-40e3-4a98-a56d-bbc8f7f03a4b","10",48084420,48154966,7,-0.9885
"262","b97dd03b-40e3-4a98-a56d-bbc8f7f03a4b","10",48173568,50062639,1372,-0.031
"263","b97dd03b-40e3-4a98-a56d-bbc8f7f03a4b","10",50070600,50107474,4,-2.3968
"264","b97dd03b-40e3-4a98-a56d-bbc8f7f03a4b","10",50132160,51094371,596,-0.0438
"265","b97dd03b-40e3-4a98-a56d-bbc8f7f03a4b","10",51097570,51229504,95,-0.3545
"266","b97dd03b-40e3-4a98-a56d-bbc8f7f03a4b","10",51231633,59598509,6276,-0.0356
"267","b97dd03b-40e3-4a98-a56d-bbc8f7f03a4b","10",59604357,59605506,8,-1.0673
"268","b97dd03b-40e3-4a98-a56d-bbc8f7f03a4b","10",59605724,64960143,3606,-0.02
"269","b97dd03b-40e3-4a98-a56d-bbc8f7f03a4b","10",64960562,64963861,2,-1.5344
"270","b97dd03b-40e3-4a98-a56d-bbc8f7f03a4b","10",64966053,65546518,404,-0.0565
"271","b97dd03b-40e3-4a98-a56d-bbc8f7f03a4b","10",65548165,65554672,27,0.5071
"272","b97dd03b-40e3-4a98-a56d-bbc8f7f03a4b","10",65554688,66115698,489,-0.0273
"273","b97dd03b-40e3-4a98-a56d-bbc8f7f03a4b","10",66117277,66379792,176,-0.1469
"274","b97dd03b-40e3-4a98-a56d-bbc8f7f03a4b","10",66380230,75899511,5661,-0.0811
"275","b97dd03b-40e3-4a98-a56d-bbc8f7f03a4b","10",75901007,92605288,11653,-0.1158
"276","b97dd03b-40e3-4a98-a56d-bbc8f7f03a4b","10",92612949,95109306,1477,-0.0203
"277","b97dd03b-40e3-4a98-a56d-bbc8f7f03a4b","10",95109317,95109949,5,-0.8094
"278","b97dd03b-40e3-4a98-a56d-bbc8f7f03a4b","10",95115957,105266144,6151,0.0021
"279","b97dd03b-40e3-4a98-a56d-bbc8f7f03a4b","10",105267548,118999961,9750,-0.0289
"280","b97dd03b-40e3-4a98-a56d-bbc8f7f03a4b","10",119000159,130547415,8867,-0.007
"281","b97dd03b-40e3-4a98-a56d-bbc8f7f03a4b","10",130549105,130550025,2,-1.8161
"282","b97dd03b-40e3-4a98-a56d-bbc8f7f03a4b","10",130550176,133654968,1921,-0.0305
"283","b97dd03b-40e3-4a98-a56d-bbc8f7f03a4b","11",198510,5500921,2984,0.0131
"284","b97dd03b-40e3-4a98-a56d-bbc8f7f03a4b","11",5500945,5501334,5,-2.5771
"285","b97dd03b-40e3-4a98-a56d-bbc8f7f03a4b","11",5502363,49331945,30541,0.0093
"286","b97dd03b-40e3-4a98-a56d-bbc8f7f03a4b","11",49332090,49377514,18,-0.6678
"287","b97dd03b-40e3-4a98-a56d-bbc8f7f03a4b","11",49379818,55588246,874,0.0084
"288","b97dd03b-40e3-4a98-a56d-bbc8f7f03a4b","11",55591984,55672514,55,-0.2313
"289","b97dd03b-40e3-4a98-a56d-bbc8f7f03a4b","11",55674842,71488620,8234,0.0243
"290","b97dd03b-40e3-4a98-a56d-bbc8f7f03a4b","11",71494329,71557473,37,-0.6123
"291","b97dd03b-40e3-4a98-a56d-bbc8f7f03a4b","11",71557799,71702235,56,8e-04
"292","b97dd03b-40e3-4a98-a56d-bbc8f7f03a4b","11",71712419,72428011,307,-0.5469
"293","b97dd03b-40e3-4a98-a56d-bbc8f7f03a4b","11",72429494,72514753,42,0.0855
"294","b97dd03b-40e3-4a98-a56d-bbc8f7f03a4b","11",72514775,72541327,13,-0.6573
"295","b97dd03b-40e3-4a98-a56d-bbc8f7f03a4b","11",72544464,72548096,9,0.0726
"296","b97dd03b-40e3-4a98-a56d-bbc8f7f03a4b","11",72548123,72619423,43,-0.497
"297","b97dd03b-40e3-4a98-a56d-bbc8f7f03a4b","11",72621171,82209008,6133,0.0181
"298","b97dd03b-40e3-4a98-a56d-bbc8f7f03a4b","11",82209778,82300859,67,-0.6069
"299","b97dd03b-40e3-4a98-a56d-bbc8f7f03a4b","11",82301783,82354126,31,0.0028
"300","b97dd03b-40e3-4a98-a56d-bbc8f7f03a4b","11",82354281,82372150,13,-0.49
"301","b97dd03b-40e3-4a98-a56d-bbc8f7f03a4b","11",82373247,82554105,122,0.048
"302","b97dd03b-40e3-4a98-a56d-bbc8f7f03a4b","11",82554769,82591923,22,-0.4456
"303","b97dd03b-40e3-4a98-a56d-bbc8f7f03a4b","11",82594194,82636163,47,0.0609
"304","b97dd03b-40e3-4a98-a56d-bbc8f7f03a4b","11",82636453,82675398,19,-0.6618
"305","b97dd03b-40e3-4a98-a56d-bbc8f7f03a4b","11",82679475,82695591,9,-0.0125
"306","b97dd03b-40e3-4a98-a56d-bbc8f7f03a4b","11",82700429,82719659,18,-0.6258
"307","b97dd03b-40e3-4a98-a56d-bbc8f7f03a4b","11",82721092,85111277,1581,-0.0075
"308","b97dd03b-40e3-4a98-a56d-bbc8f7f03a4b","11",85112066,85127300,17,0.51
"309","b97dd03b-40e3-4a98-a56d-bbc8f7f03a4b","11",85127340,88347719,2181,0.0369
"310","b97dd03b-40e3-4a98-a56d-bbc8f7f03a4b","11",88348575,88357684,12,-0.823
"311","b97dd03b-40e3-4a98-a56d-bbc8f7f03a4b","11",88366789,90185780,900,-0.0045
"312","b97dd03b-40e3-4a98-a56d-bbc8f7f03a4b","11",90191365,90222399,23,-0.6975
"313","b97dd03b-40e3-4a98-a56d-bbc8f7f03a4b","11",90225147,90265541,26,-0.0459
"314","b97dd03b-40e3-4a98-a56d-bbc8f7f03a4b","11",90272693,93027097,2015,-0.6032
"315","b97dd03b-40e3-4a98-a56d-bbc8f7f03a4b","11",93028539,93070778,46,-0.0071
"316","b97dd03b-40e3-4a98-a56d-bbc8f7f03a4b","11",93071717,93072062,3,-0.9688
"317","b97dd03b-40e3-4a98-a56d-bbc8f7f03a4b","11",93072437,93093994,18,0.04
"318","b97dd03b-40e3-4a98-a56d-bbc8f7f03a4b","11",93096761,93150765,33,-0.7832
"319","b97dd03b-40e3-4a98-a56d-bbc8f7f03a4b","11",93153482,109972563,11806,0.0223
"320","b97dd03b-40e3-4a98-a56d-bbc8f7f03a4b","11",109974222,110221252,183,-0.5608
"321","b97dd03b-40e3-4a98-a56d-bbc8f7f03a4b","11",110226197,111763630,1091,0.0236
"322","b97dd03b-40e3-4a98-a56d-bbc8f7f03a4b","11",111767982,111788100,12,-0.6202
"323","b97dd03b-40e3-4a98-a56d-bbc8f7f03a4b","11",111791429,115266527,2412,0.026
"324","b97dd03b-40e3-4a98-a56d-bbc8f7f03a4b","11",115269833,115298013,23,-0.3349
"325","b97dd03b-40e3-4a98-a56d-bbc8f7f03a4b","11",115300849,115458985,109,0.0771
"326","b97dd03b-40e3-4a98-a56d-bbc8f7f03a4b","11",115468513,115500742,14,-0.4647
"327","b97dd03b-40e3-4a98-a56d-bbc8f7f03a4b","11",115502051,116661504,931,0.0555
"328","b97dd03b-40e3-4a98-a56d-bbc8f7f03a4b","11",116664217,116674756,9,-0.6255
"329","b97dd03b-40e3-4a98-a56d-bbc8f7f03a4b","11",116678326,118515099,1338,0.0623
"330","b97dd03b-40e3-4a98-a56d-bbc8f7f03a4b","11",118519514,118522308,12,-0.5449
"331","b97dd03b-40e3-4a98-a56d-bbc8f7f03a4b","11",118533651,118584574,21,-0.0183
"332","b97dd03b-40e3-4a98-a56d-bbc8f7f03a4b","11",118585438,123955061,3720,-0.5771
"333","b97dd03b-40e3-4a98-a56d-bbc8f7f03a4b","11",123955338,129904800,4487,0.0316
"334","b97dd03b-40e3-4a98-a56d-bbc8f7f03a4b","11",129918920,129938211,10,-0.5357
"335","b97dd03b-40e3-4a98-a56d-bbc8f7f03a4b","11",129940279,133022256,2411,0.0129
"336","b97dd03b-40e3-4a98-a56d-bbc8f7f03a4b","11",133022729,133062769,37,-0.5962
"337","b97dd03b-40e3-4a98-a56d-bbc8f7f03a4b","11",133062945,133080464,21,-0.0013
"338","b97dd03b-40e3-4a98-a56d-bbc8f7f03a4b","11",133083612,133115911,21,-0.5717
"339","b97dd03b-40e3-4a98-a56d-bbc8f7f03a4b","11",133116478,135074876,1463,0.0223
"340","b97dd03b-40e3-4a98-a56d-bbc8f7f03a4b","12",51460,9477960,6164,-0.0021
"341","b97dd03b-40e3-4a98-a56d-bbc8f7f03a4b","12",9481274,9575696,24,0.8454
"342","b97dd03b-40e3-4a98-a56d-bbc8f7f03a4b","12",9582373,40082225,18619,-0.0087
"343","b97dd03b-40e3-4a98-a56d-bbc8f7f03a4b","12",40082812,40137498,35,-0.6595
"344","b97dd03b-40e3-4a98-a56d-bbc8f7f03a4b","12",40138199,40161249,30,-0.0332
"345","b97dd03b-40e3-4a98-a56d-bbc8f7f03a4b","12",40161354,40176583,16,-0.5813
"346","b97dd03b-40e3-4a98-a56d-bbc8f7f03a4b","12",40177309,44520932,2880,-0.0108
"347","b97dd03b-40e3-4a98-a56d-bbc8f7f03a4b","12",44522740,48331259,2299,-0.6211
"348","b97dd03b-40e3-4a98-a56d-bbc8f7f03a4b","12",48331456,48331632,3,-2.012
"349","b97dd03b-40e3-4a98-a56d-bbc8f7f03a4b","12",48336253,48499140,98,-0.503
"350","b97dd03b-40e3-4a98-a56d-bbc8f7f03a4b","12",48505641,48694250,130,-0.0576
"351","b97dd03b-40e3-4a98-a56d-bbc8f7f03a4b","12",48697189,58648499,5523,-0.6031
"352","b97dd03b-40e3-4a98-a56d-bbc8f7f03a4b","12",58650268,60275944,1067,0.0151
"353","b97dd03b-40e3-4a98-a56d-bbc8f7f03a4b","12",60279684,60302498,11,-0.6695
"354","b97dd03b-40e3-4a98-a56d-bbc8f7f03a4b","12",60302740,60358635,34,-0.284
"355","b97dd03b-40e3-4a98-a56d-bbc8f7f03a4b","12",60358861,60452374,56,-0.6444
"356","b97dd03b-40e3-4a98-a56d-bbc8f7f03a4b","12",60452438,70478078,6493,0.0041
"357","b97dd03b-40e3-4a98-a56d-bbc8f7f03a4b","12",70478895,70483985,6,-0.9227
"358","b97dd03b-40e3-4a98-a56d-bbc8f7f03a4b","12",70484141,103915484,21419,-0.0073
"359","b97dd03b-40e3-4a98-a56d-bbc8f7f03a4b","12",103915605,122220325,12069,0.0176
"360","b97dd03b-40e3-4a98-a56d-bbc8f7f03a4b","12",122227827,122404047,79,-0.545
"361","b97dd03b-40e3-4a98-a56d-bbc8f7f03a4b","12",122414808,122538701,50,0.0295
"362","b97dd03b-40e3-4a98-a56d-bbc8f7f03a4b","12",122543607,122550970,5,-0.5057
"363","b97dd03b-40e3-4a98-a56d-bbc8f7f03a4b","12",122551883,123361053,315,0.0345
"364","b97dd03b-40e3-4a98-a56d-bbc8f7f03a4b","12",123367662,123445675,18,-0.3718
"365","b97dd03b-40e3-4a98-a56d-bbc8f7f03a4b","12",123451616,123565138,38,0.056
"366","b97dd03b-40e3-4a98-a56d-bbc8f7f03a4b","12",123571569,123675474,75,-0.5778
"367","b97dd03b-40e3-4a98-a56d-bbc8f7f03a4b","12",123678203,128682541,4012,0.0136
"368","b97dd03b-40e3-4a98-a56d-bbc8f7f03a4b","12",128683327,128691155,12,-0.7138
"369","b97dd03b-40e3-4a98-a56d-bbc8f7f03a4b","12",128692831,128714590,21,0.0249
"370","b97dd03b-40e3-4a98-a56d-bbc8f7f03a4b","12",128717308,128785415,78,-0.6246
"371","b97dd03b-40e3-4a98-a56d-bbc8f7f03a4b","12",128790332,128869229,47,-0.1193
"372","b97dd03b-40e3-4a98-a56d-bbc8f7f03a4b","12",128869769,128886489,10,-0.7264
"373","b97dd03b-40e3-4a98-a56d-bbc8f7f03a4b","12",128888555,129899066,964,0.0296
"374","b97dd03b-40e3-4a98-a56d-bbc8f7f03a4b","12",129911185,129921410,9,-0.8152
"375","b97dd03b-40e3-4a98-a56d-bbc8f7f03a4b","12",129927106,129962921,19,-0.0129
"376","b97dd03b-40e3-4a98-a56d-bbc8f7f03a4b","12",129966017,130061320,92,-0.6544
"377","b97dd03b-40e3-4a98-a56d-bbc8f7f03a4b","12",130064298,130480173,382,9e-04
"378","b97dd03b-40e3-4a98-a56d-bbc8f7f03a4b","12",130483301,130487165,2,1.2245
"379","b97dd03b-40e3-4a98-a56d-bbc8f7f03a4b","12",130488644,131636170,921,0.0146
"380","b97dd03b-40e3-4a98-a56d-bbc8f7f03a4b","12",131648039,131670006,20,0.5695
"381","b97dd03b-40e3-4a98-a56d-bbc8f7f03a4b","12",131670109,133201603,551,0.0094
"382","b97dd03b-40e3-4a98-a56d-bbc8f7f03a4b","13",18452809,22283457,2310,-0.6299
"383","b97dd03b-40e3-4a98-a56d-bbc8f7f03a4b","13",22285269,22359302,55,-2.0081
"384","b97dd03b-40e3-4a98-a56d-bbc8f7f03a4b","13",22364489,48175287,18404,-0.6437
"385","b97dd03b-40e3-4a98-a56d-bbc8f7f03a4b","13",48188174,51126325,1801,-1.8647
"386","b97dd03b-40e3-4a98-a56d-bbc8f7f03a4b","13",51130025,63650659,7124,-0.5963
"387","b97dd03b-40e3-4a98-a56d-bbc8f7f03a4b","13",63650816,63662559,8,-2.5145
"388","b97dd03b-40e3-4a98-a56d-bbc8f7f03a4b","13",63665430,68341561,2847,-0.6205
"389","b97dd03b-40e3-4a98-a56d-bbc8f7f03a4b","13",68345072,68419933,42,-2.2848
"390","b97dd03b-40e3-4a98-a56d-bbc8f7f03a4b","13",68421003,69247566,647,-0.6504
"391","b97dd03b-40e3-4a98-a56d-bbc8f7f03a4b","13",69248100,69287845,20,-1.5148
"392","b97dd03b-40e3-4a98-a56d-bbc8f7f03a4b","13",69289157,69323661,25,-0.8306
"393","b97dd03b-40e3-4a98-a56d-bbc8f7f03a4b","13",69329291,69344915,17,-3.2633
"394","b97dd03b-40e3-4a98-a56d-bbc8f7f03a4b","13",69345267,69463804,41,-1.3469
"395","b97dd03b-40e3-4a98-a56d-bbc8f7f03a4b","13",69463951,86799419,11434,-0.6564
"396","b97dd03b-40e3-4a98-a56d-bbc8f7f03a4b","13",86801371,86873355,40,-1.9833
"397","b97dd03b-40e3-4a98-a56d-bbc8f7f03a4b","13",86879536,96752193,6234,-0.6411
"398","b97dd03b-40e3-4a98-a56d-bbc8f7f03a4b","13",96753282,96837964,48,-1.7911
"399","b97dd03b-40e3-4a98-a56d-bbc8f7f03a4b","13",96838441,96866031,23,-0.4773
"400","b97dd03b-40e3-4a98-a56d-bbc8f7f03a4b","13",96868794,96905934,28,-1.9269
"401","b97dd03b-40e3-4a98-a56d-bbc8f7f03a4b","13",96920248,102935629,4303,-0.6346
"402","b97dd03b-40e3-4a98-a56d-bbc8f7f03a4b","13",102937621,103159906,193,-2.1139
"403","b97dd03b-40e3-4a98-a56d-bbc8f7f03a4b","13",103164215,108796209,4635,-0.639
"404","b97dd03b-40e3-4a98-a56d-bbc8f7f03a4b","13",108799512,108851819,59,-0.0125
"405","b97dd03b-40e3-4a98-a56d-bbc8f7f03a4b","13",108852792,108918268,64,-0.5034
"406","b97dd03b-40e3-4a98-a56d-bbc8f7f03a4b","13",108920214,112948692,2873,0.0394
"407","b97dd03b-40e3-4a98-a56d-bbc8f7f03a4b","13",112952518,113024516,37,-0.6145
"408","b97dd03b-40e3-4a98-a56d-bbc8f7f03a4b","13",113028731,114342922,566,0.0086
"409","b97dd03b-40e3-4a98-a56d-bbc8f7f03a4b","14",18239283,19824246,98,-0.573
"410","b97dd03b-40e3-4a98-a56d-bbc8f7f03a4b","14",19824969,19966799,84,-1.0551
"411","b97dd03b-40e3-4a98-a56d-bbc8f7f03a4b","14",19966871,21857294,1238,-0.6272
"412","b97dd03b-40e3-4a98-a56d-bbc8f7f03a4b","14",21858683,22358522,463,-0.8432
"413","b97dd03b-40e3-4a98-a56d-bbc8f7f03a4b","14",22360970,23452378,643,0.5485
"414","b97dd03b-40e3-4a98-a56d-bbc8f7f03a4b","14",23452980,23462972,3,1.5416
"415","b97dd03b-40e3-4a98-a56d-bbc8f7f03a4b","14",23463804,26310436,1961,0.5302
"416","b97dd03b-40e3-4a98-a56d-bbc8f7f03a4b","14",26314697,26314712,7,-0.6592
"417","b97dd03b-40e3-4a98-a56d-bbc8f7f03a4b","14",26315707,43479496,10662,0.5275
"418","b97dd03b-40e3-4a98-a56d-bbc8f7f03a4b","14",43479609,43480139,2,-1.1569
"419","b97dd03b-40e3-4a98-a56d-bbc8f7f03a4b","14",43480716,44244665,444,0.5273
"420","b97dd03b-40e3-4a98-a56d-bbc8f7f03a4b","14",44246880,44247879,2,-1.4831
"421","b97dd03b-40e3-4a98-a56d-bbc8f7f03a4b","14",44252472,44410815,102,0.5353
"422","b97dd03b-40e3-4a98-a56d-bbc8f7f03a4b","14",44417811,44797256,215,0.241
"423","b97dd03b-40e3-4a98-a56d-bbc8f7f03a4b","14",44800286,73529070,18256,0.5334
"424","b97dd03b-40e3-4a98-a56d-bbc8f7f03a4b","14",73534419,73563196,10,-0.9154
"425","b97dd03b-40e3-4a98-a56d-bbc8f7f03a4b","14",73563211,78612481,3311,0.5513
"426","b97dd03b-40e3-4a98-a56d-bbc8f7f03a4b","14",78612833,78612956,2,-0.9693
"427","b97dd03b-40e3-4a98-a56d-bbc8f7f03a4b","14",78613616,106321086,17540,0.5313
"428","b97dd03b-40e3-4a98-a56d-bbc8f7f03a4b","14",106340102,106346129,7,1.3329
"429","b97dd03b-40e3-4a98-a56d-bbc8f7f03a4b","14",106360014,106475361,81,0.5813
"430","b97dd03b-40e3-4a98-a56d-bbc8f7f03a4b","14",106487515,106487827,2,-1.4945
"431","b97dd03b-40e3-4a98-a56d-bbc8f7f03a4b","14",106492557,106877229,191,0.4797
"432","b97dd03b-40e3-4a98-a56d-bbc8f7f03a4b","15",19811075,20187568,55,0.0438
"433","b97dd03b-40e3-4a98-a56d-bbc8f7f03a4b","15",20190276,22619116,164,0.3963
"434","b97dd03b-40e3-4a98-a56d-bbc8f7f03a4b","15",22622986,23810552,600,-0.007
"435","b97dd03b-40e3-4a98-a56d-bbc8f7f03a4b","15",23812830,23812847,2,-1.8887
"436","b97dd03b-40e3-4a98-a56d-bbc8f7f03a4b","15",23812936,37901961,9026,-0.0055
"437","b97dd03b-40e3-4a98-a56d-bbc8f7f03a4b","15",37902655,53492691,9233,0.0233
"438","b97dd03b-40e3-4a98-a56d-bbc8f7f03a4b","15",53492794,53493082,6,-1.4073
"439","b97dd03b-40e3-4a98-a56d-bbc8f7f03a4b","15",53498050,56498612,2021,0.0334
"440","b97dd03b-40e3-4a98-a56d-bbc8f7f03a4b","15",56498641,56499925,22,-0.6005
"441","b97dd03b-40e3-4a98-a56d-bbc8f7f03a4b","15",56508779,65521764,6196,0.0383
"442","b97dd03b-40e3-4a98-a56d-bbc8f7f03a4b","15",65524604,65526049,3,-1.6318
"443","b97dd03b-40e3-4a98-a56d-bbc8f7f03a4b","15",65530196,67903828,1549,0.0613
"444","b97dd03b-40e3-4a98-a56d-bbc8f7f03a4b","15",67906284,67930702,16,-0.6274
"445","b97dd03b-40e3-4a98-a56d-bbc8f7f03a4b","15",67931258,71632862,2481,0.0199
"446","b97dd03b-40e3-4a98-a56d-bbc8f7f03a4b","15",71643162,71760922,122,-0.6921
"447","b97dd03b-40e3-4a98-a56d-bbc8f7f03a4b","15",71772829,97265179,16548,0.0134
"448","b97dd03b-40e3-4a98-a56d-bbc8f7f03a4b","15",97274562,97288957,11,-0.8164
"449","b97dd03b-40e3-4a98-a56d-bbc8f7f03a4b","15",97290419,101928837,3424,-6e-04
"450","b97dd03b-40e3-4a98-a56d-bbc8f7f03a4b","16",10777,30635374,19391,0.0085
"451","b97dd03b-40e3-4a98-a56d-bbc8f7f03a4b","16",30635952,30657191,4,-1.3629
"452","b97dd03b-40e3-4a98-a56d-bbc8f7f03a4b","16",30657469,32197425,559,0.0175
"453","b97dd03b-40e3-4a98-a56d-bbc8f7f03a4b","16",32198553,33045427,39,-0.6988
"454","b97dd03b-40e3-4a98-a56d-bbc8f7f03a4b","16",33340712,53424105,4897,0.0038
"455","b97dd03b-40e3-4a98-a56d-bbc8f7f03a4b","16",53435475,53435895,3,-1.6218
"456","b97dd03b-40e3-4a98-a56d-bbc8f7f03a4b","16",53436017,55762682,2019,-0.0037
"457","b97dd03b-40e3-4a98-a56d-bbc8f7f03a4b","16",55764310,55782793,15,1.2155
"458","b97dd03b-40e3-4a98-a56d-bbc8f7f03a4b","16",55788057,90096867,24887,0.0049
"459","b97dd03b-40e3-4a98-a56d-bbc8f7f03a4b","17",150733,6406035,3550,-0.6129
"460","b97dd03b-40e3-4a98-a56d-bbc8f7f03a4b","17",6406721,6408947,6,-1.879
"461","b97dd03b-40e3-4a98-a56d-bbc8f7f03a4b","17",6409499,10044186,2166,-0.5858
"462","b97dd03b-40e3-4a98-a56d-bbc8f7f03a4b","17",10044539,10077732,28,-1.1232
"463","b97dd03b-40e3-4a98-a56d-bbc8f7f03a4b","17",10078598,10952376,590,-0.6309
"464","b97dd03b-40e3-4a98-a56d-bbc8f7f03a4b","17",10954126,22736323,6525,0.5358
"465","b97dd03b-40e3-4a98-a56d-bbc8f7f03a4b","17",26943491,41265456,7903,0.0261
"466","b97dd03b-40e3-4a98-a56d-bbc8f7f03a4b","17",41266762,41274279,24,-1.1447
"467","b97dd03b-40e3-4a98-a56d-bbc8f7f03a4b","17",41276472,45716439,2230,0.0423
"468","b97dd03b-40e3-4a98-a56d-bbc8f7f03a4b","17",45718067,46085732,260,-0.0905
"469","b97dd03b-40e3-4a98-a56d-bbc8f7f03a4b","17",46088437,46275506,120,0.2835
"470","b97dd03b-40e3-4a98-a56d-bbc8f7f03a4b","17",46276519,58667348,7636,0.0215
"471","b97dd03b-40e3-4a98-a56d-bbc8f7f03a4b","17",58668244,59838007,524,-0.3996
"472","b97dd03b-40e3-4a98-a56d-bbc8f7f03a4b","17",59840502,72916298,7985,0.0279
"473","b97dd03b-40e3-4a98-a56d-bbc8f7f03a4b","17",72916326,72921232,13,0.5692
"474","b97dd03b-40e3-4a98-a56d-bbc8f7f03a4b","17",72922257,83091923,5393,0.0221
"475","b97dd03b-40e3-4a98-a56d-bbc8f7f03a4b","18",48133,304262,138,-0.1901
"476","b97dd03b-40e3-4a98-a56d-bbc8f7f03a4b","18",307134,15143715,10200,-0.0089
"477","b97dd03b-40e3-4a98-a56d-bbc8f7f03a4b","18",15143716,15157850,7,-0.5586
"478","b97dd03b-40e3-4a98-a56d-bbc8f7f03a4b","18",15170293,15175019,2,-2.9171
"479","b97dd03b-40e3-4a98-a56d-bbc8f7f03a4b","18",15177773,79502166,39907,-0.0074
"480","b97dd03b-40e3-4a98-a56d-bbc8f7f03a4b","18",79502895,79537934,11,-0.6916
"481","b97dd03b-40e3-4a98-a56d-bbc8f7f03a4b","18",79539280,80257174,370,-0.0229
"482","b97dd03b-40e3-4a98-a56d-bbc8f7f03a4b","19",90910,9046337,3325,0.4568
"483","b97dd03b-40e3-4a98-a56d-bbc8f7f03a4b","19",9051570,9068723,8,-0.0658
"484","b97dd03b-40e3-4a98-a56d-bbc8f7f03a4b","19",9073930,10782968,808,0.1784
"485","b97dd03b-40e3-4a98-a56d-bbc8f7f03a4b","19",10783564,10944048,59,0.0825
"486","b97dd03b-40e3-4a98-a56d-bbc8f7f03a4b","19",10950750,11096865,67,-0.3506
"487","b97dd03b-40e3-4a98-a56d-bbc8f7f03a4b","19",11097533,15966176,2550,0.0603
"488","b97dd03b-40e3-4a98-a56d-bbc8f7f03a4b","19",15968156,15978608,10,-0.5422
"489","b97dd03b-40e3-4a98-a56d-bbc8f7f03a4b","19",15984644,19841956,1733,0.0401
"490","b97dd03b-40e3-4a98-a56d-bbc8f7f03a4b","19",19844474,19850417,4,-1.2757
"491","b97dd03b-40e3-4a98-a56d-bbc8f7f03a4b","19",19851442,36336781,8583,0.0308
"492","b97dd03b-40e3-4a98-a56d-bbc8f7f03a4b","19",36339409,36355248,3,-1.544
"493","b97dd03b-40e3-4a98-a56d-bbc8f7f03a4b","19",36355288,38638926,1195,0.0462
"494","b97dd03b-40e3-4a98-a56d-bbc8f7f03a4b","19",38645646,38683692,16,-0.6631
"495","b97dd03b-40e3-4a98-a56d-bbc8f7f03a4b","19",38689294,47097184,4150,0.0567
"496","b97dd03b-40e3-4a98-a56d-bbc8f7f03a4b","19",47099320,49940804,1273,-0.4176
"497","b97dd03b-40e3-4a98-a56d-bbc8f7f03a4b","19",49944270,49945499,3,-2.3608
"498","b97dd03b-40e3-4a98-a56d-bbc8f7f03a4b","19",49946698,58586487,5276,-0.4199
"499","b97dd03b-40e3-4a98-a56d-bbc8f7f03a4b","20",80664,1580934,1200,-0.0541
"500","b97dd03b-40e3-4a98-a56d-bbc8f7f03a4b","20",1581021,1613247,40,1.6964
"501","b97dd03b-40e3-4a98-a56d-bbc8f7f03a4b","20",1617300,7717225,4545,-0.0213
"502","b97dd03b-40e3-4a98-a56d-bbc8f7f03a4b","20",7719461,7720937,5,-1.4915
"503","b97dd03b-40e3-4a98-a56d-bbc8f7f03a4b","20",7722773,14261634,5009,-0.0323
"504","b97dd03b-40e3-4a98-a56d-bbc8f7f03a4b","20",14264211,15050035,579,-0.4858
"505","b97dd03b-40e3-4a98-a56d-bbc8f7f03a4b","20",15052669,17903992,2653,-0.0081
"506","b97dd03b-40e3-4a98-a56d-bbc8f7f03a4b","20",17904907,17908054,4,-1.1556
"507","b97dd03b-40e3-4a98-a56d-bbc8f7f03a4b","20",17908736,30193847,5952,-0.0027
"508","b97dd03b-40e3-4a98-a56d-bbc8f7f03a4b","20",30206919,30271154,14,-0.788
"509","b97dd03b-40e3-4a98-a56d-bbc8f7f03a4b","20",30293217,35834820,2252,0.0597
"510","b97dd03b-40e3-4a98-a56d-bbc8f7f03a4b","20",35840156,36422230,265,-0.3941
"511","b97dd03b-40e3-4a98-a56d-bbc8f7f03a4b","20",36423270,37120013,395,-0.279
"512","b97dd03b-40e3-4a98-a56d-bbc8f7f03a4b","20",37120491,39766975,1737,-0.4067
"513","b97dd03b-40e3-4a98-a56d-bbc8f7f03a4b","20",39766988,63594735,17363,0.0565
"514","b97dd03b-40e3-4a98-a56d-bbc8f7f03a4b","20",63595400,64324800,307,-0.0594
"515","b97dd03b-40e3-4a98-a56d-bbc8f7f03a4b","21",10354168,10559033,52,-0.027
"516","b97dd03b-40e3-4a98-a56d-bbc8f7f03a4b","21",10568903,10756733,33,0.5474
"517","b97dd03b-40e3-4a98-a56d-bbc8f7f03a4b","21",10775586,30910898,12660,-0.0097
"518","b97dd03b-40e3-4a98-a56d-bbc8f7f03a4b","21",30911118,38496805,5467,0.0278
"519","b97dd03b-40e3-4a98-a56d-bbc8f7f03a4b","21",38496818,38497271,6,-0.9099
"520","b97dd03b-40e3-4a98-a56d-bbc8f7f03a4b","21",38497336,45157090,4714,0.0285
"521","b97dd03b-40e3-4a98-a56d-bbc8f7f03a4b","21",45157574,46677045,889,-0.0254
"522","b97dd03b-40e3-4a98-a56d-bbc8f7f03a4b","22",15294547,16857738,211,-0.1444
"523","b97dd03b-40e3-4a98-a56d-bbc8f7f03a4b","22",16858113,20728843,2051,-0.0282
"524","b97dd03b-40e3-4a98-a56d-bbc8f7f03a4b","22",20729034,20729417,4,-1.2374
"525","b97dd03b-40e3-4a98-a56d-bbc8f7f03a4b","22",20729512,20761383,42,-0.0142
"526","b97dd03b-40e3-4a98-a56d-bbc8f7f03a4b","22",20761464,20761545,3,-1.6752
"527","b97dd03b-40e3-4a98-a56d-bbc8f7f03a4b","22",20761570,25455068,3068,-0.0276
"528","b97dd03b-40e3-4a98-a56d-bbc8f7f03a4b","22",25456974,25458821,2,-1.8749
"529","b97dd03b-40e3-4a98-a56d-bbc8f7f03a4b","22",25458912,41903531,11431,1e-04
"530","b97dd03b-40e3-4a98-a56d-bbc8f7f03a4b","22",41903923,41943340,10,-0.5834
"531","b97dd03b-40e3-4a98-a56d-bbc8f7f03a4b","22",41943988,48929714,5224,-0.0112
"532","b97dd03b-40e3-4a98-a56d-bbc8f7f03a4b","22",48930387,50796027,1198,-0.0857
"533","b97dd03b-40e3-4a98-a56d-bbc8f7f03a4b","X",251810,2785592,96,-0.5575
"534","b97dd03b-40e3-4a98-a56d-bbc8f7f03a4b","X",2785914,23050944,13659,0.0224
"535","b97dd03b-40e3-4a98-a56d-bbc8f7f03a4b","X",23052150,23052380,2,-2.2195
"536","b97dd03b-40e3-4a98-a56d-bbc8f7f03a4b","X",23052684,57346498,18942,0.0207
"537","b97dd03b-40e3-4a98-a56d-bbc8f7f03a4b","X",57346972,58477524,407,-0.0413
"538","b97dd03b-40e3-4a98-a56d-bbc8f7f03a4b","X",58477663,58523135,4,-1.4391
"539","b97dd03b-40e3-4a98-a56d-bbc8f7f03a4b","X",58534658,67418912,1971,5e-04
"540","b97dd03b-40e3-4a98-a56d-bbc8f7f03a4b","X",67419350,67514024,33,0.555
"541","b97dd03b-40e3-4a98-a56d-bbc8f7f03a4b","X",67526122,90708438,11322,-0.006
"542","b97dd03b-40e3-4a98-a56d-bbc8f7f03a4b","X",90712113,90714560,2,-1.9666
"543","b97dd03b-40e3-4a98-a56d-bbc8f7f03a4b","X",90720763,101067757,5417,-0.0107
"544","b97dd03b-40e3-4a98-a56d-bbc8f7f03a4b","X",101068328,101069311,2,-1.8402
"545","b97dd03b-40e3-4a98-a56d-bbc8f7f03a4b","X",101071779,103999203,1430,0.0042
"546","b97dd03b-40e3-4a98-a56d-bbc8f7f03a4b","X",104003417,104050707,56,0.409
"547","b97dd03b-40e3-4a98-a56d-bbc8f7f03a4b","X",104050744,114903703,5739,-0.0097
"548","b97dd03b-40e3-4a98-a56d-bbc8f7f03a4b","X",114904739,114909980,3,-1.528
"549","b97dd03b-40e3-4a98-a56d-bbc8f7f03a4b","X",114910066,150496135,21033,8e-04
"550","b97dd03b-40e3-4a98-a56d-bbc8f7f03a4b","X",150496485,151611214,754,0.0252
"551","b97dd03b-40e3-4a98-a56d-bbc8f7f03a4b","X",151615256,151622822,3,-1.7427
"552","b97dd03b-40e3-4a98-a56d-bbc8f7f03a4b","X",151623396,155156881,1791,0.0128
"553","b97dd03b-40e3-4a98-a56d-bbc8f7f03a4b","X",155164107,155173469,5,-1.1197
"554","b97dd03b-40e3-4a98-a56d-bbc8f7f03a4b","X",155179852,155190019,6,-0.4304
"555","b97dd03b-40e3-4a98-a56d-bbc8f7f03a4b","X",155203976,155806936,217,0.0393
"556","b97dd03b-40e3-4a98-a56d-bbc8f7f03a4b","X",155807893,155952689,4,-0.6999
"557","b97dd03b-40e3-4a98-a56d-bbc8f7f03a4b","Y",2782397,6249869,784,-1.9077
"558","b97dd03b-40e3-4a98-a56d-bbc8f7f03a4b","Y",6252391,22804854,5636,-2.2295
"559","b97dd03b-40e3-4a98-a56d-bbc8f7f03a4b","Y",22913244,56872112,200,-1.805
