"loc.start","loc.end","log2ratio","type","CNVStatus","Gene","case","bin","width"
48877883,49056026,-0.326681815916601,"Gene_MMasteR","Deletion","CDKN2A",9202,10000,178143
48877883,49056026,-0.547,"Gene_SNP","Deletion","CDKN2A",9202,10000,178143
48877883,49056026,-0.261,"Gene_Conumee","Deletion","CDKN2A",9202,10000,178143
48877883,49056026,-0.2705,"Gene_SeSAMe","Normal","CDKN2A",9202,10000,178143
48877883,49056026,-0.392256367098451,"Gene_MMasteR","Deletion","CDKN2A",9203,10000,178143
48877883,49056026,-0.588,"Gene_SNP","Deletion","CDKN2A",9203,10000,178143
48877883,49056026,-0.317,"Gene_Conumee","Deletion","CDKN2A",9203,10000,178143
48877883,49056026,-0.3348,"Gene_SeSAMe","Deletion","CDKN2A",9203,10000,178143
48877883,49056026,-0.263874049250166,"Gene_MMasteR","Deletion","CDKN2A",9327,10000,178143
48877883,49056026,-0.746,"Gene_SNP","Deletion","CDKN2A",9327,10000,178143
48877883,49056026,-0.303,"Gene_Conumee","Deletion","CDKN2A",9327,10000,178143
48877883,49056026,-0.2583,"Gene_SeSAMe","Normal","CDKN2A",9327,10000,178143
48877883,49056026,-0.385537574058321,"Gene_MMasteR","Deletion","CDKN2A",9328,10000,178143
48877883,49056026,-0.926,"Gene_SNP","Deletion","CDKN2A",9328,10000,178143
48877883,49056026,-0.347,"Gene_Conumee","Deletion","CDKN2A",9328,10000,178143
48877883,49056026,-0.3139,"Gene_SeSAMe","Deletion","CDKN2A",9328,10000,178143
48877883,49056026,0.0576161128277611,"Gene_MMasteR","Normal","CDKN2A",9337,10000,178143
48877883,49056026,-0.033,"Gene_SNP","Normal","CDKN2A",9337,10000,178143
48877883,49056026,-0.07,"Gene_Conumee","Normal","CDKN2A",9337,10000,178143
48877883,49056026,0.0641,"Gene_SeSAMe","Normal","CDKN2A",9337,10000,178143
48877883,49056026,0.114948306981621,"Gene_MMasteR","Normal","CDKN2A",9338,10000,178143
48877883,48919612,-0.328,"Gene_SNP","Deletion","CDKN2A",9338,10000,41729
48920908,49018370,-0.365,"Gene_SNP","Deletion","CDKN2A",9338,10000,97462
49019670,49056026,-0.32,"Gene_SNP","Deletion","CDKN2A",9338,10000,36356
48877883,49056026,0.088,"Gene_Conumee","Normal","CDKN2A",9338,10000,178143
48877883,49056026,0.1908,"Gene_SeSAMe","Normal","CDKN2A",9338,10000,178143
48877883,49056026,-0.476275736511507,"Gene_MMasteR","Deletion","CDKN2A",9350,10000,178143
48877883,49056026,-0.759,"Gene_SNP","Deletion","CDKN2A",9350,10000,178143
48877883,49056026,-0.369,"Gene_Conumee","Deletion","CDKN2A",9350,10000,178143
48877883,49056026,-0.3886,"Gene_SeSAMe","Deletion","CDKN2A",9350,10000,178143
48877883,49056026,-0.339580345551957,"Gene_MMasteR","Deletion","CDKN2A",9353,10000,178143
48877883,49056026,-0.924,"Gene_SNP","Deletion","CDKN2A",9353,10000,178143
48877883,49056026,-0.388,"Gene_Conumee","Deletion","CDKN2A",9353,10000,178143
48877883,49056026,-0.3809,"Gene_SeSAMe","Deletion","CDKN2A",9353,10000,178143
48877883,49056026,-0.303706742755972,"Gene_MMasteR","Deletion","CDKN2A",9354,10000,178143
48877883,49056026,-0.78,"Gene_SNP","Deletion","CDKN2A",9354,10000,178143
48877883,49056026,-0.355,"Gene_Conumee","Deletion","CDKN2A",9354,10000,178143
48877883,49056026,-0.3633,"Gene_SeSAMe","Deletion","CDKN2A",9354,10000,178143
48877883,49056026,-0.225535888266756,"Gene_MMasteR","Deletion","CDKN2A",9355,10000,178143
48877883,49056026,-0.799,"Gene_SNP","Deletion","CDKN2A",9355,10000,178143
48877883,49056026,-0.354,"Gene_Conumee","Deletion","CDKN2A",9355,10000,178143
48877883,49056026,-0.3281,"Gene_SeSAMe","Deletion","CDKN2A",9355,10000,178143
48877883,49056026,-0.339600194278994,"Gene_MMasteR","Deletion","CDKN2A",9356,10000,178143
48877883,49056026,-0.873,"Gene_SNP","Deletion","CDKN2A",9356,10000,178143
48877883,49056026,-0.357,"Gene_Conumee","Deletion","CDKN2A",9356,10000,178143
48877883,49056026,-0.3674,"Gene_SeSAMe","Deletion","CDKN2A",9356,10000,178143
48877883,49056026,-0.325929518903983,"Gene_MMasteR","Deletion","CDKN2A",9357,10000,178143
48877883,49056026,-0.799,"Gene_SNP","Deletion","CDKN2A",9357,10000,178143
48877883,49056026,-0.349,"Gene_Conumee","Deletion","CDKN2A",9357,10000,178143
48877883,49056026,-0.3047,"Gene_SeSAMe","Deletion","CDKN2A",9357,10000,178143
48877883,49056026,-0.303172334473837,"Gene_MMasteR","Deletion","CDKN2A",9358,10000,178143
48877883,49056026,-0.797,"Gene_SNP","Deletion","CDKN2A",9358,10000,178143
48877883,49056026,-0.297,"Gene_Conumee","Deletion","CDKN2A",9358,10000,178143
48877883,49056026,-0.3096,"Gene_SeSAMe","Deletion","CDKN2A",9358,10000,178143
48877883,49056026,-0.341051893557549,"Gene_MMasteR","Deletion","CDKN2A",9202,50000,178143
48877883,49056026,-0.547,"Gene_SNP","Deletion","CDKN2A",9202,50000,178143
48877883,49056026,-0.281,"Gene_Conumee","Deletion","CDKN2A",9202,50000,178143
48877883,49056026,-0.2701,"Gene_SeSAMe","Normal","CDKN2A",9202,50000,178143
48877883,49056026,-0.394594693442419,"Gene_MMasteR","Deletion","CDKN2A",9203,50000,178143
48877883,49056026,-0.588,"Gene_SNP","Deletion","CDKN2A",9203,50000,178143
48877883,49056026,-0.312,"Gene_Conumee","Deletion","CDKN2A",9203,50000,178143
48877883,49056026,-0.3366,"Gene_SeSAMe","Deletion","CDKN2A",9203,50000,178143
48877883,49056026,-0.258124087613987,"Gene_MMasteR","Deletion","CDKN2A",9327,50000,178143
48877883,49056026,-0.746,"Gene_SNP","Deletion","CDKN2A",9327,50000,178143
48877883,49056026,-0.294,"Gene_Conumee","Deletion","CDKN2A",9327,50000,178143
48877883,49056026,-0.238,"Gene_SeSAMe","Normal","CDKN2A",9327,50000,178143
48877883,49056026,-0.380161947653721,"Gene_MMasteR","Deletion","CDKN2A",9328,50000,178143
48877883,49056026,-0.926,"Gene_SNP","Deletion","CDKN2A",9328,50000,178143
48877883,49056026,-0.352,"Gene_Conumee","Deletion","CDKN2A",9328,50000,178143
48877883,49056026,-0.3134,"Gene_SeSAMe","Deletion","CDKN2A",9328,50000,178143
48877883,49056026,0.038471521310827,"Gene_MMasteR","Normal","CDKN2A",9337,50000,178143
48877883,49056026,-0.033,"Gene_SNP","Normal","CDKN2A",9337,50000,178143
48877883,49056026,-0.081,"Gene_Conumee","Normal","CDKN2A",9337,50000,178143
48877883,49056026,0.0621,"Gene_SeSAMe","Normal","CDKN2A",9337,50000,178143
48877883,49056026,0.13373021856728,"Gene_MMasteR","Normal","CDKN2A",9338,50000,178143
48877883,48919612,-0.328,"Gene_SNP","Deletion","CDKN2A",9338,50000,41729
48920908,49018370,-0.365,"Gene_SNP","Deletion","CDKN2A",9338,50000,97462
49019670,49056026,-0.32,"Gene_SNP","Deletion","CDKN2A",9338,50000,36356
48877883,49056026,0.091,"Gene_Conumee","Normal","CDKN2A",9338,50000,178143
48877883,49056026,0.2041,"Gene_SeSAMe","Normal","CDKN2A",9338,50000,178143
48877883,49056026,-0.485422543268734,"Gene_MMasteR","Deletion","CDKN2A",9350,50000,178143
48877883,49056026,-0.759,"Gene_SNP","Deletion","CDKN2A",9350,50000,178143
48877883,49056026,-0.394,"Gene_Conumee","Deletion","CDKN2A",9350,50000,178143
48877883,49056026,-0.3862,"Gene_SeSAMe","Deletion","CDKN2A",9350,50000,178143
48877883,49056026,-0.358212311116581,"Gene_MMasteR","Deletion","CDKN2A",9353,50000,178143
48877883,49056026,-0.924,"Gene_SNP","Deletion","CDKN2A",9353,50000,178143
48877883,49056026,-0.389,"Gene_Conumee","Deletion","CDKN2A",9353,50000,178143
48877883,49056026,-0.3583,"Gene_SeSAMe","Deletion","CDKN2A",9353,50000,178143
48877883,49056026,-0.304896378718347,"Gene_MMasteR","Deletion","CDKN2A",9354,50000,178143
48877883,49056026,-0.78,"Gene_SNP","Deletion","CDKN2A",9354,50000,178143
48877883,49056026,-0.399,"Gene_Conumee","Deletion","CDKN2A",9354,50000,178143
48877883,49056026,-0.3583,"Gene_SeSAMe","Deletion","CDKN2A",9354,50000,178143
48877883,49056026,-0.251771833243482,"Gene_MMasteR","Deletion","CDKN2A",9355,50000,178143
48877883,49056026,-0.799,"Gene_SNP","Deletion","CDKN2A",9355,50000,178143
48877883,49056026,-0.369,"Gene_Conumee","Deletion","CDKN2A",9355,50000,178143
48877883,49056026,-0.3082,"Gene_SeSAMe","Deletion","CDKN2A",9355,50000,178143
48877883,49056026,-0.328309333052162,"Gene_MMasteR","Deletion","CDKN2A",9356,50000,178143
48877883,49056026,-0.873,"Gene_SNP","Deletion","CDKN2A",9356,50000,178143
48877883,49056026,-0.371,"Gene_Conumee","Deletion","CDKN2A",9356,50000,178143
48877883,49056026,-0.3509,"Gene_SeSAMe","Deletion","CDKN2A",9356,50000,178143
48877883,49056026,-0.399440256925178,"Gene_MMasteR","Deletion","CDKN2A",9357,50000,178143
48877883,49056026,-0.799,"Gene_SNP","Deletion","CDKN2A",9357,50000,178143
48877883,49056026,-0.359,"Gene_Conumee","Deletion","CDKN2A",9357,50000,178143
48877883,49056026,-0.2927,"Gene_SeSAMe","Normal","CDKN2A",9357,50000,178143
48877883,49056026,-0.297317349427686,"Gene_MMasteR","Deletion","CDKN2A",9358,50000,178143
48877883,49056026,-0.797,"Gene_SNP","Deletion","CDKN2A",9358,50000,178143
48877883,49056026,-0.301,"Gene_Conumee","Deletion","CDKN2A",9358,50000,178143
48877883,49056026,-0.298,"Gene_SeSAMe","Normal","CDKN2A",9358,50000,178143
48877883,49056026,-0.335930758373837,"Gene_MMasteR","Deletion","CDKN2A",9202,1e+05,178143
48877883,49056026,-0.547,"Gene_SNP","Deletion","CDKN2A",9202,1e+05,178143
48877883,49056026,-0.291,"Gene_Conumee","Deletion","CDKN2A",9202,1e+05,178143
48877883,49056026,-0.2468,"Gene_SeSAMe","Normal","CDKN2A",9202,1e+05,178143
48877883,49056026,-0.385178202270594,"Gene_MMasteR","Deletion","CDKN2A",9203,1e+05,178143
48877883,49056026,-0.588,"Gene_SNP","Deletion","CDKN2A",9203,1e+05,178143
48877883,49056026,-0.345,"Gene_Conumee","Deletion","CDKN2A",9203,1e+05,178143
48877883,49056026,-0.3172,"Gene_SeSAMe","Deletion","CDKN2A",9203,1e+05,178143
48877883,49056026,-0.25981747925795,"Gene_MMasteR","Deletion","CDKN2A",9327,1e+05,178143
48877883,49056026,-0.746,"Gene_SNP","Deletion","CDKN2A",9327,1e+05,178143
48877883,49056026,-0.299,"Gene_Conumee","Deletion","CDKN2A",9327,1e+05,178143
48877883,49056026,-0.2312,"Gene_SeSAMe","Normal","CDKN2A",9327,1e+05,178143
48877883,49056026,-0.398522795387445,"Gene_MMasteR","Deletion","CDKN2A",9328,1e+05,178143
48877883,49056026,-0.926,"Gene_SNP","Deletion","CDKN2A",9328,1e+05,178143
48877883,49056026,-0.36,"Gene_Conumee","Deletion","CDKN2A",9328,1e+05,178143
48877883,49056026,-0.3113,"Gene_SeSAMe","Deletion","CDKN2A",9328,1e+05,178143
48877883,49056026,0.124010991147698,"Gene_MMasteR","Normal","CDKN2A",9337,1e+05,178143
48877883,49056026,-0.033,"Gene_SNP","Normal","CDKN2A",9337,1e+05,178143
48877883,49056026,-0.068,"Gene_Conumee","Normal","CDKN2A",9337,1e+05,178143
48877883,49056026,0.0509,"Gene_SeSAMe","Normal","CDKN2A",9337,1e+05,178143
48877883,49056026,0.10256861705648,"Gene_MMasteR","Normal","CDKN2A",9338,1e+05,178143
48877883,48919612,-0.328,"Gene_SNP","Deletion","CDKN2A",9338,1e+05,41729
48920908,49018370,-0.365,"Gene_SNP","Deletion","CDKN2A",9338,1e+05,97462
49019670,49056026,-0.32,"Gene_SNP","Deletion","CDKN2A",9338,1e+05,36356
48877883,49056026,0.096,"Gene_Conumee","Normal","CDKN2A",9338,1e+05,178143
48877883,49056026,0.105,"Gene_SeSAMe","Normal","CDKN2A",9338,1e+05,178143
48877883,49056026,-0.492146074893909,"Gene_MMasteR","Deletion","CDKN2A",9350,1e+05,178143
48877883,49056026,-0.759,"Gene_SNP","Deletion","CDKN2A",9350,1e+05,178143
48877883,49056026,-0.43,"Gene_Conumee","Deletion","CDKN2A",9350,1e+05,178143
48877883,49056026,-0.399,"Gene_SeSAMe","Deletion","CDKN2A",9350,1e+05,178143
48877883,49056026,-0.36865799812281,"Gene_MMasteR","Deletion","CDKN2A",9353,1e+05,178143
48877883,49056026,-0.924,"Gene_SNP","Deletion","CDKN2A",9353,1e+05,178143
48877883,49056026,-0.399,"Gene_Conumee","Deletion","CDKN2A",9353,1e+05,178143
48877883,49056026,-0.3654,"Gene_SeSAMe","Deletion","CDKN2A",9353,1e+05,178143
48877883,49056026,-0.296143975159593,"Gene_MMasteR","Deletion","CDKN2A",9354,1e+05,178143
48877883,49056026,-0.78,"Gene_SNP","Deletion","CDKN2A",9354,1e+05,178143
48877883,49056026,-0.384,"Gene_Conumee","Deletion","CDKN2A",9354,1e+05,178143
48877883,49056026,-0.3476,"Gene_SeSAMe","Deletion","CDKN2A",9354,1e+05,178143
48877883,49056026,-0.259200138274826,"Gene_MMasteR","Deletion","CDKN2A",9355,1e+05,178143
48877883,49056026,-0.799,"Gene_SNP","Deletion","CDKN2A",9355,1e+05,178143
48877883,49056026,-0.36,"Gene_Conumee","Deletion","CDKN2A",9355,1e+05,178143
48877883,49056026,-0.3,"Gene_SeSAMe","Normal","CDKN2A",9355,1e+05,178143
48877883,49056026,-0.342876061474612,"Gene_MMasteR","Deletion","CDKN2A",9356,1e+05,178143
48877883,49056026,-0.873,"Gene_SNP","Deletion","CDKN2A",9356,1e+05,178143
48877883,49056026,-0.383,"Gene_Conumee","Deletion","CDKN2A",9356,1e+05,178143
48877883,49056026,-0.3448,"Gene_SeSAMe","Deletion","CDKN2A",9356,1e+05,178143
48877883,49056026,-0.413973599408008,"Gene_MMasteR","Deletion","CDKN2A",9357,1e+05,178143
48877883,49056026,-0.799,"Gene_SNP","Deletion","CDKN2A",9357,1e+05,178143
48877883,49056026,-0.349,"Gene_Conumee","Deletion","CDKN2A",9357,1e+05,178143
48877883,49056026,-0.2803,"Gene_SeSAMe","Normal","CDKN2A",9357,1e+05,178143
48877883,49056026,-0.301919359212959,"Gene_MMasteR","Deletion","CDKN2A",9358,1e+05,178143
48877883,49056026,-0.797,"Gene_SNP","Deletion","CDKN2A",9358,1e+05,178143
48877883,49056026,-0.298,"Gene_Conumee","Deletion","CDKN2A",9358,1e+05,178143
48877883,49056026,-0.3042,"Gene_SeSAMe","Deletion","CDKN2A",9358,1e+05,178143
48877883,49056026,-0.348832902561527,"Gene_MMasteR","Deletion","CDKN2A",9202,1e+06,178143
48877883,49056026,-0.547,"Gene_SNP","Deletion","CDKN2A",9202,1e+06,178143
48877883,49056026,-0.264,"Gene_Conumee","Deletion","CDKN2A",9202,1e+06,178143
48877883,49056026,-0.2334,"Gene_SeSAMe","Normal","CDKN2A",9202,1e+06,178143
48877883,49056026,-0.401534428096561,"Gene_MMasteR","Deletion","CDKN2A",9203,1e+06,178143
48877883,49056026,-0.588,"Gene_SNP","Deletion","CDKN2A",9203,1e+06,178143
48877883,49056026,-0.294,"Gene_Conumee","Deletion","CDKN2A",9203,1e+06,178143
48877883,49056026,-0.3087,"Gene_SeSAMe","Deletion","CDKN2A",9203,1e+06,178143
48877883,49056026,-0.276689549781602,"Gene_MMasteR","Deletion","CDKN2A",9327,1e+06,178143
48877883,49056026,-0.746,"Gene_SNP","Deletion","CDKN2A",9327,1e+06,178143
48877883,49056026,-0.289,"Gene_Conumee","Deletion","CDKN2A",9327,1e+06,178143
48877883,49056026,-0.2056,"Gene_SeSAMe","Normal","CDKN2A",9327,1e+06,178143
48877883,49056026,-0.341068091816549,"Gene_MMasteR","Deletion","CDKN2A",9328,1e+06,178143
48877883,49056026,-0.926,"Gene_SNP","Deletion","CDKN2A",9328,1e+06,178143
48877883,49056026,-0.379,"Gene_Conumee","Deletion","CDKN2A",9328,1e+06,178143
48877883,49056026,-0.2675,"Gene_SeSAMe","Normal","CDKN2A",9328,1e+06,178143
48877883,49056026,0.104637124251925,"Gene_MMasteR","Normal","CDKN2A",9337,1e+06,178143
48877883,49056026,-0.033,"Gene_SNP","Normal","CDKN2A",9337,1e+06,178143
48877883,49056026,-0.061,"Gene_Conumee","Normal","CDKN2A",9337,1e+06,178143
48877883,49056026,0.0202,"Gene_SeSAMe","Normal","CDKN2A",9337,1e+06,178143
48877883,49056026,0.117577351330913,"Gene_MMasteR","Normal","CDKN2A",9338,1e+06,178143
48877883,48919612,-0.328,"Gene_SNP","Deletion","CDKN2A",9338,1e+06,41729
48920908,49018370,-0.365,"Gene_SNP","Deletion","CDKN2A",9338,1e+06,97462
49019670,49056026,-0.32,"Gene_SNP","Deletion","CDKN2A",9338,1e+06,36356
48877883,49056026,0.107,"Gene_Conumee","Normal","CDKN2A",9338,1e+06,178143
48877883,49056026,0.1076,"Gene_SeSAMe","Normal","CDKN2A",9338,1e+06,178143
48877883,49056026,-0.535625361979415,"Gene_MMasteR","Deletion","CDKN2A",9350,1e+06,178143
48877883,49056026,-0.759,"Gene_SNP","Deletion","CDKN2A",9350,1e+06,178143
48877883,49056026,-0.423,"Gene_Conumee","Deletion","CDKN2A",9350,1e+06,178143
48877883,49056026,-0.4237,"Gene_SeSAMe","Deletion","CDKN2A",9350,1e+06,178143
48877883,49056026,-0.402956502729463,"Gene_MMasteR","Deletion","CDKN2A",9353,1e+06,178143
48877883,49056026,-0.924,"Gene_SNP","Deletion","CDKN2A",9353,1e+06,178143
48877883,49056026,-0.422,"Gene_Conumee","Deletion","CDKN2A",9353,1e+06,178143
48877883,49056026,-0.377,"Gene_SeSAMe","Deletion","CDKN2A",9353,1e+06,178143
48877883,49056026,-0.573438137763294,"Gene_MMasteR","Deletion","CDKN2A",9354,1e+06,178143
48877883,49056026,-0.78,"Gene_SNP","Deletion","CDKN2A",9354,1e+06,178143
48877883,49056026,-0.367,"Gene_Conumee","Deletion","CDKN2A",9354,1e+06,178143
48877883,49056026,-0.3169,"Gene_SeSAMe","Deletion","CDKN2A",9354,1e+06,178143
48877883,49056026,-0.274773575602739,"Gene_MMasteR","Deletion","CDKN2A",9355,1e+06,178143
48877883,49056026,-0.799,"Gene_SNP","Deletion","CDKN2A",9355,1e+06,178143
48877883,49056026,-0.377,"Gene_Conumee","Deletion","CDKN2A",9355,1e+06,178143
48877883,49056026,-0.2796,"Gene_SeSAMe","Normal","CDKN2A",9355,1e+06,178143
48877883,49056026,-0.56241909983039,"Gene_MMasteR","Deletion","CDKN2A",9356,1e+06,178143
48877883,49056026,-0.873,"Gene_SNP","Deletion","CDKN2A",9356,1e+06,178143
48877883,49056026,-0.351,"Gene_Conumee","Deletion","CDKN2A",9356,1e+06,178143
48877883,49056026,-0.3036,"Gene_SeSAMe","Deletion","CDKN2A",9356,1e+06,178143
48877883,49056026,-0.303301247794907,"Gene_MMasteR","Deletion","CDKN2A",9357,1e+06,178143
48877883,49056026,-0.799,"Gene_SNP","Deletion","CDKN2A",9357,1e+06,178143
48877883,49056026,-0.341,"Gene_Conumee","Deletion","CDKN2A",9357,1e+06,178143
48877883,49056026,-0.2445,"Gene_SeSAMe","Normal","CDKN2A",9357,1e+06,178143
48877883,49056026,-0.289408482760745,"Gene_MMasteR","Deletion","CDKN2A",9358,1e+06,178143
48877883,49056026,-0.797,"Gene_SNP","Deletion","CDKN2A",9358,1e+06,178143
48877883,49056026,-0.313,"Gene_Conumee","Deletion","CDKN2A",9358,1e+06,178143
48877883,49056026,-0.3152,"Gene_SeSAMe","Deletion","CDKN2A",9358,1e+06,178143
