,203219650162_R08C01,203219650188_R08C01,203219750019_R05C01,203219750053_R05C01,203219760009_R08C01,203220070150_R02C01,203225140266_R03C01,203257030015_R06C01,203257030060_R08C01
chr1:717994-248923211,2,2,2,2,2,2,2,2,2
chr1:717994-12650000,2,2,2,2,2,2,2,2,2
chr1:12827192-14850000,2,2,2,2,2,2,1,2,2
chr1:14925000-248923211,2,2,2,2,2,2,2,2,2
chr2:105000-242116765,2,2,2,2,2,2,2,2,2
chr2:105000-241875000,2,2,2,2,2,2,2,2,2
chr2:241925000-242116765,2,1,2,2,2,2,2,2,2
chr3:230000-198142780,2,2,2,2,2,2,2,2,2
chr3:230000-102000000,2,2,2,2,2,2,2,2,2
chr3:230000-93877787,2,2,2,2,2,2,2,2,2
chr3:94075000-176950000,1,2,2,2,2,2,2,2,2
chr3:102125000-105700000,2,2,2,2,2,2,2,2,2
chr3:106000000-126925000,2,2,2,2,2,2,2,2,2
chr3:126975000-127525000,2,2,2,2,2,2,2,2,2
chr3:127575000-198142780,2,2,2,2,2,2,2,2,2
chr3:177125000-198142780,2,2,2,2,2,2,2,2,2
chr4:55000-190061561,2,2,2,2,2,2,2,2,2
chr4:55000-69250000,2,2,2,2,2,2,2,2,2
chr4:55000-68025000,2,2,2,2,2,2,2,2,2
chr4:55000-5025000,2,2,2,2,2,2,2,2,2
chr4:5225000-6800000,2,2,1,2,2,2,2,2,2
chr4:6875000-190061561,2,2,2,2,2,2,2,2,2
chr4:68275000-70175000,2,2,2,2,2,2,3,2,2
chr4:69675000-70850000,2,2,2,2,2,2,2,3,2
chr4:69675000-70675000,4,2,2,2,2,2,2,2,2
chr4:70500000-190061561,2,2,2,2,2,2,2,2,2
chr4:70750000-190061561,2,2,2,2,2,2,2,2,2
chr4:70925000-190061561,2,2,2,2,2,2,2,2,2
chr5:55000-181364130,2,2,2,2,2,2,2,2,2
chr5:55000-2125000,2,2,2,2,2,2,2,2,2
chr5:2175000-37275000,2,2,2,2,2,2,2,2,2
chr5:37400000-181364130,2,2,2,2,2,2,2,2,2
chr6:155000-170647990,2,2,2,2,2,2,2,2,2
chr6:155000-35225000,2,2,2,2,2,2,2,2,2
chr6:155000-32575000,2,2,2,2,2,2,2,2,2
chr6:155000-32450000,2,2,2,2,2,2,2,2,2
chr6:32525000-32725000,2,2,2,2,2,2,2,3,2
chr6:32625000-32675000,2,2,2,2,2,2,2,2,2
chr6:32725000-170647990,2,2,2,2,2,2,2,2,2
chr6:32775000-170647990,2,2,2,2,2,2,2,2,2
chr6:35275000-37125000,2,2,1,2,2,2,2,2,2
chr6:37200000-170647990,2,2,2,2,2,2,2,2,2
chr7:55000-159242987,2,2,2,2,2,2,2,2,2
chr7:55000-86825000,2,2,2,2,2,2,2,2,2
chr7:86925000-114775000,2,2,2,2,2,2,2,2,2
chr7:115050000-159242987,2,2,2,2,2,2,2,2,2
chr8:205000-145039318,2,2,2,2,2,2,2,2,2
chr9:130000-138192359,2,2,2,2,2,2,2,2,2
chr10:105000-133620233,2,2,2,2,2,2,2,2,2
chr10:105000-77175000,2,2,2,2,2,2,2,2,2
chr10:77275000-77550000,2,2,1,2,2,2,2,2,2
chr10:77625000-133620233,2,2,2,2,2,2,2,2,2
chr11:155000-134988311,2,2,2,2,2,2,2,2,2
chr11:155000-84425000,2,2,2,2,2,2,2,2,2
chr11:155000-77025000,2,2,2,2,2,2,2,2,2
chr11:77075000-118625000,2,2,1,2,2,2,2,2,2
chr11:85025000-126825000,1,2,2,2,2,2,2,2,2
chr11:118700000-134988311,2,2,2,2,2,2,2,2,2
chr11:126950000-134988311,2,2,2,2,2,2,2,2,2
chr12:80000-133207655,2,2,2,2,2,2,2,2,2
chr12:80000-18950000,2,2,2,2,2,2,2,2,2
chr12:19150000-21225000,2,2,3,2,2,2,2,2,2
chr12:21450000-133207655,2,2,2,2,2,2,2,2,2
chr13:18729053-114327164,2,2,2,2,2,2,2,2,2
chr14:19855857-106841859,2,2,2,2,2,2,2,2,2
chr14:19855857-105550000,2,2,2,2,2,2,2,2,2
chr14:19855857-97125000,2,2,2,2,2,2,2,2,2
chr14:19855857-94200000,2,2,2,2,2,2,2,2,2
chr14:94275000-94575000,2,2,2,2,2,2,2,2,2
chr14:94625000-106841859,2,2,2,2,2,2,2,2,2
chr14:97400000-99075000,2,2,2,2,2,2,2,2,2
chr14:99175000-106841859,2,2,2,2,2,2,2,2,2
chr14:105650000-105925000,2,2,2,2,2,2,2,2,2
chr14:106075000-106841859,2,2,2,2,2,2,2,2,2
chr15:20232279-101840595,2,2,2,2,2,2,2,2,2
chr15:20232279-85800000,2,2,2,2,2,2,2,2,2
chr15:85975000-88125000,2,2,2,2,2,2,1,2,2
chr15:88350000-101840595,2,2,2,2,2,2,2,2,2
chr16:55000-90139173,2,2,2,2,2,2,2,2,2
chr16:55000-46825000,2,2,2,2,2,2,2,2,2
chr16:46900000-51275000,2,2,2,2,2,2,2,2,2
chr16:51500000-52850000,2,2,2,2,2,2,1,2,2
chr16:53075000-62100000,2,2,2,2,2,2,2,2,2
chr16:62425000-66175000,2,2,2,2,2,2,1,2,2
chr16:66300000-90139173,2,2,2,2,2,2,2,2,2
chr17:130000-83148721,2,2,2,2,2,2,2,2,2
chr17:130000-33375000,2,2,2,2,2,2,2,2,2
chr17:130000-5575000,2,2,2,2,2,2,2,2,2
chr17:130000-5525000,2,2,2,2,2,2,2,2,2
chr17:5575000-6325000,2,2,2,2,2,2,2,2,2
chr17:5700000-6325000,1,2,2,2,2,2,2,2,2
chr17:6425000-83148721,2,2,2,2,2,2,2,2,2
chr17:6425000-33375000,2,2,2,2,2,2,2,2,2
chr17:33675000-34475000,1,2,2,2,2,2,2,2,2
chr17:34575000-35825000,2,2,2,2,2,2,2,2,2
chr17:35875000-36275000,1,2,2,2,2,2,2,2,2
chr17:36475000-83148721,2,2,2,2,2,2,2,2,2
chr18:130000-80231643,2,2,2,2,2,2,2,2,2
chr19:180000-58578808,2,2,2,2,2,2,2,2,2
chr20:158168-64292084,2,2,2,2,2,2,2,2,2
chr21:10569444-46674992,2,2,2,2,2,2,2,2,2
chr22:16557005-50754234,2,2,2,2,2,2,2,2,2
chr22:16557005-17650000,2,2,2,2,2,2,2,2,2
chr22:17725000-17975000,2,2,2,2,2,2,2,2,2
chr22:18025000-50754234,2,2,2,2,2,2,2,2,2
chrX:2518744-155640448,2,2,4,3,2,3,2,3,3
chrX:2518744-152875000,2,3,2,2,2,2,2,2,2
chrX:2518744-152825000,2,2,2,2,3,2,2,2,2
chrX:2518744-27725000,4,2,2,2,2,2,4,2,2
chrX:28775000-36475000,4,2,2,2,2,2,4,2,2
chrX:37024631-155640448,4,2,2,2,2,2,4,2,2
chrX:152875000-153975000,2,2,2,2,3,2,2,2,2
chrX:152925000-153975000,2,3,2,2,2,2,2,2,2
chrX:154025000-155640448,2,3,2,2,3,2,2,2,2
chrY:4518744-21244771,0,0,0,0,0,0,0,0,0
