,2025073001_R02C01,2025073002_R02C02,2025073003_R03C01,2025073004_R03C02,2025073005_R04C01,2025073006_R04C02,2025073007_R05C01,2025073008_R05C02,2025073009_R06C01,2025073010_R06C02
chr1:742994-186025000,2,2,2,2,2,2,2,2,2,2
chr1:742994-185500000,2,2,2,2,2,2,2,2,2,2
chr1:742994-157975000,2,2,2,2,2,2,2,2,2,2
chr1:742994-118550000,2,2,2,2,2,2,2,2,2,2
chr1:742994-32725000,2,2,2,2,2,2,2,2,2,2
chr1:742994-23475000,2,2,2,2,2,2,2,2,2,2
chr1:742994-20675000,2,2,2,2,2,2,2,2,2,2
chr1:742994-20625000,2,2,2,2,2,2,2,2,2,2
chr1:742994-17550000,2,2,2,2,2,2,2,2,2,2
chr1:742994-10775000,2,2,2,2,2,2,2,2,2,2
chr1:10875000-157975000,2,2,2,2,2,2,2,2,2,2
chr1:17625000-185500000,2,2,2,2,2,2,2,2,2,2
chr1:20675000-89550000,2,2,2,2,2,2,2,2,2,2
chr1:20725000-21400000,2,2,2,2,2,2,2,1,2,2
chr1:21550000-157975000,2,2,2,2,2,2,2,2,2,2
chr1:23575000-25700000,2,2,2,2,2,2,2,2,2,2
chr1:25825000-28775000,2,2,2,2,2,2,2,2,2,2
chr1:28975000-248898211,2,2,2,2,2,2,2,2,2,2
chr1:32775000-157975000,2,2,2,2,2,2,2,2,2,2
chr1:89700000-121063230,2,2,2,2,2,1,2,2,2,2
chr1:118975000-248898211,2,2,2,2,2,2,2,2,2,3
chr1:144442294-157975000,2,2,2,2,2,2,2,2,2,2
chr1:158250000-159325000,2,2,2,2,2,1,2,2,2,2
chr1:158250000-159025000,2,2,2,2,2,2,2,2,2,2
chr1:159325000-185500000,2,2,2,2,2,2,2,2,2,2
chr1:159650000-186025000,2,2,2,2,2,2,2,2,2,2
chr1:159650000-185500000,2,2,2,2,2,2,2,2,2,2
chr1:186025000-200725000,2,2,2,2,2,2,2,2,2,2
chr1:186025000-200500000,2,2,2,2,2,2,1,2,2,2
chr1:186025000-199450000,2,2,2,2,2,1,2,2,2,2
chr1:186500000-199450000,1,2,2,2,2,2,2,2,1,2
chr1:200150000-248898211,2,2,2,2,2,2,2,2,2,2
chr1:200725000-248898211,2,2,2,2,2,2,2,2,2,2
chr1:200925000-248898211,2,2,2,2,2,2,2,2,2,2
chr2:130000-181750000,2,2,2,2,2,2,2,2,2,2
chr2:130000-136525000,2,2,2,2,2,2,2,2,2,2
chr2:130000-80875000,2,2,1,2,2,2,2,2,2,2
chr2:130000-76175000,2,2,2,2,2,2,2,2,2,2
chr2:130000-75650000,2,2,2,2,1,2,2,2,2,2
chr2:130000-48500000,2,2,2,2,2,2,2,2,1,2
chr2:130000-33000000,2,2,2,2,2,2,2,2,2,2
chr2:130000-28750000,2,2,2,2,2,2,2,2,2,2
chr2:28900000-180475000,2,2,2,2,2,2,2,2,2,2
chr2:33325000-38925000,2,2,2,2,2,2,2,2,2,2
chr2:39250000-41125000,2,2,2,2,2,2,2,1,2,2
chr2:41925000-58300000,2,2,2,2,2,2,2,2,2,2
chr2:48725000-53150000,2,2,2,2,2,2,2,2,1,2
chr2:53850000-75650000,2,2,2,2,2,2,2,2,1,2
chr2:59525000-180475000,2,2,2,2,2,2,2,2,2,2
chr2:76175000-84675000,2,2,2,2,2,2,2,2,1,2
chr2:76175000-82850000,2,2,2,2,1,2,2,2,2,2
chr2:77875000-82850000,2,2,2,2,2,2,2,2,2,2
chr2:82850000-86350000,2,2,3,2,2,2,2,2,2,2
chr2:84375000-180475000,2,2,2,2,2,2,2,2,2,2
chr2:84375000-179925000,2,2,2,2,2,2,2,2,2,2
chr2:84375000-91770328,2,2,2,2,2,2,2,2,2,2
chr2:84375000-87450000,2,2,2,2,2,2,2,2,2,2
chr2:84875000-242091765,2,2,2,2,2,2,2,2,1,2
chr2:86575000-183825000,2,2,2,2,2,2,2,2,2,2
chr2:88100000-183050000,2,2,2,2,2,2,2,2,2,2
chr2:94748008-183050000,2,2,2,2,2,2,2,2,2,2
chr2:137725000-143000000,2,1,2,2,2,2,2,2,2,2
chr2:144050000-162175000,2,2,2,2,2,2,2,2,2,2
chr2:163000000-166850000,2,1,2,2,2,2,2,2,2,2
chr2:167650000-180475000,2,2,2,2,2,2,2,2,2,2
chr2:180475000-189275000,1,2,2,2,2,2,2,2,2,2
chr2:181200000-189275000,2,1,2,2,2,2,1,1,2,2
chr2:182275000-189275000,2,2,2,2,2,2,2,2,2,2
chr2:183825000-189275000,2,2,2,2,1,1,2,2,2,2
chr2:185600000-189275000,2,2,1,2,2,2,2,2,2,2
chr2:189525000-242091765,2,2,2,2,2,2,2,2,2,2
chr2:189525000-241925000,2,2,2,2,2,2,2,2,2,2
chr2:241975000-242091765,2,2,2,1,2,2,2,2,2,2
chr3:155000-198092780,2,2,2,2,2,2,2,2,2,2
chr3:155000-75675000,2,2,2,2,2,2,2,2,2,2
chr3:155000-75100000,2,2,2,2,2,2,2,2,2,2
chr3:155000-74125000,2,2,2,2,2,2,2,2,2,2
chr3:155000-33875000,2,2,2,2,2,2,2,2,2,2
chr3:34850000-36625000,2,2,2,2,2,2,2,2,1,2
chr3:36925000-75675000,2,2,2,2,2,2,2,2,2,2
chr3:75100000-98225000,2,2,2,2,2,2,2,2,2,2
chr3:75675000-108825000,2,2,2,2,2,2,2,2,2,2
chr3:75675000-98225000,2,2,2,2,2,1,2,2,2,2
chr3:75675000-97850000,1,2,2,2,2,2,2,2,2,2
chr3:75675000-97275000,2,2,2,2,2,2,1,2,2,2
chr3:76400000-98225000,2,2,2,2,1,2,2,2,2,2
chr3:76400000-85950000,2,2,2,2,2,2,2,2,1,2
chr3:87075000-98225000,2,2,2,2,2,2,2,2,1,2
chr3:97850000-198092780,2,2,2,2,2,2,2,2,2,2
chr3:98225000-189025000,2,2,2,2,2,2,2,2,2,2
chr3:98525000-189025000,2,2,2,2,2,2,2,2,2,2
chr3:98525000-150300000,2,2,2,2,2,2,2,2,2,2
chr3:109200000-189025000,2,2,2,2,2,2,2,2,2,2
chr3:150500000-189025000,2,2,2,1,2,2,2,2,2,2
chr3:189475000-192550000,2,2,2,2,2,2,2,2,2,2
chr3:189475000-191850000,2,2,2,1,2,2,2,2,2,2
chr3:192550000-198092780,2,2,2,2,2,2,2,2,2,2
chr3:192800000-198092780,2,2,2,2,2,2,2,2,2,2
chr4:155000-190061561,2,2,2,2,2,2,2,2,2,2
chr4:155000-58014397,2,2,2,2,2,2,2,2,2,2
chr4:155000-49068462,2,2,2,2,2,2,2,2,2,2
chr4:155000-42500000,2,2,2,2,2,2,2,2,2,2
chr4:43525000-138025000,2,2,2,2,2,2,2,2,2,2
chr4:43525000-47225000,2,2,2,2,2,2,2,1,2,2
chr4:47675000-58014397,2,2,2,2,2,2,2,2,2,2
chr4:51921976-58014397,2,2,2,2,1,2,2,2,2,2
chr4:60485691-73500000,2,2,2,2,1,2,2,2,2,2
chr4:60485691-70500000,2,1,1,2,2,1,2,1,1,2
chr4:70725000-190061561,2,2,2,2,2,2,2,2,2,2
chr4:70725000-84750000,2,2,2,2,2,2,2,2,2,2
chr4:73725000-190061561,2,2,2,2,2,2,2,2,2,2
chr4:85425000-95000000,2,2,2,2,2,2,2,1,2,2
chr4:95650000-138025000,2,2,2,2,2,2,2,2,2,2
chr4:138800000-190061561,2,2,2,2,2,2,2,2,2,2
chr4:138800000-154950000,2,2,2,2,2,2,2,3,2,2
chr4:155275000-174225000,2,2,2,2,2,2,2,2,2,2
chr4:174525000-180700000,2,2,2,2,2,2,2,2,2,2
chr4:181725000-190061561,2,2,2,2,2,2,2,2,2,2
chr5:80000-181339130,2,2,2,2,2,2,2,2,2,3
chr5:80000-17440274,2,2,2,2,2,2,2,2,3,2
chr5:80000-17275000,2,2,2,2,2,2,2,2,2,2
chr5:80000-17050000,2,2,2,2,2,2,2,2,2,2
chr5:17275000-29975000,2,2,2,2,2,1,2,2,2,2
chr5:17440274-29975000,2,1,2,2,2,2,2,2,2,2
chr5:18765274-29975000,2,2,1,1,1,2,1,1,2,2
chr5:31325000-181339130,2,2,2,2,2,2,2,2,2,2
chr5:31325000-140725000,2,2,2,2,2,2,2,2,2,2
chr5:31325000-102500000,2,2,2,2,2,2,2,2,2,2
chr5:31325000-99700000,2,2,2,2,2,2,2,2,2,2
chr5:31325000-75775000,2,2,2,2,2,2,2,2,2,2
chr5:31325000-44200000,2,2,2,2,2,2,2,2,3,2
chr5:45617950-140725000,2,2,2,2,2,2,2,2,2,2
chr5:76225000-181339130,2,2,2,2,2,2,2,2,2,2
chr5:100700000-106200000,2,2,2,2,2,2,1,2,2,2
chr5:103000000-107500000,2,2,2,2,2,1,2,2,2,2
chr5:107500000-140725000,2,2,2,2,2,2,2,2,2,2
chr5:107725000-140725000,2,2,2,2,2,2,2,2,2,2
chr5:140775000-141250000,2,2,2,2,2,2,1,2,2,2
chr5:140775000-141175000,2,1,2,2,2,2,2,2,2,2
chr5:140775000-141125000,2,2,2,2,2,2,2,2,2,2
chr5:141175000-181339130,2,2,2,2,2,2,2,2,2,2
chr5:141250000-181339130,2,2,2,2,2,2,2,2,2,2
chr5:141250000-161650000,2,2,2,2,2,2,2,2,2,2
chr5:141250000-160525000,2,2,2,2,2,2,2,2,2,2
chr5:141325000-161650000,2,2,2,2,2,2,2,2,2,2
chr5:161075000-166975000,2,2,2,2,2,2,2,2,2,2
chr5:161075000-165025000,2,1,2,2,2,2,2,2,2,2
chr5:161925000-166975000,2,2,2,2,2,2,2,2,2,2
chr5:161925000-165025000,2,2,2,2,2,2,1,2,2,2
chr5:166975000-181339130,2,2,2,2,2,2,2,2,2,2
chr5:167900000-181339130,2,2,2,2,2,2,2,2,2,2
chr6:205000-170647990,2,2,2,2,2,2,2,2,2,2
chr6:205000-53875000,2,2,2,2,2,2,2,2,2,2
chr6:205000-52800000,2,2,2,2,2,2,2,2,2,2
chr6:205000-47000000,2,2,2,2,2,2,2,2,2,2
chr6:205000-32450000,2,2,2,2,2,2,2,2,2,2
chr6:205000-32375000,2,2,2,2,2,2,2,2,2,2
chr6:205000-29500000,2,2,1,2,2,2,2,2,2,2
chr6:205000-26275000,2,2,2,2,2,2,2,2,2,2
chr6:26350000-32450000,2,2,2,2,2,2,2,2,2,2
chr6:29575000-32525000,2,2,2,2,2,2,2,2,2,2
chr6:32450000-32675000,2,2,2,2,2,2,2,4,4,2
chr6:32525000-32725000,1,2,2,1,1,2,2,2,2,2
chr6:32575000-32775000,2,2,1,2,2,2,2,2,2,2
chr6:32725000-170647990,2,2,2,2,2,2,2,2,2,2
chr6:32775000-170647990,2,2,2,2,2,2,2,2,2,2
chr6:32775000-44275000,2,2,2,2,2,2,2,2,2,2
chr6:32775000-39525000,3,2,2,2,2,2,2,2,2,2
chr6:32825000-44325000,2,2,2,2,2,2,2,2,2,2
chr6:39825000-170647990,2,2,2,2,2,2,2,2,2,2
chr6:44325000-65725000,2,2,2,1,2,2,2,2,2,2
chr6:44525000-65725000,2,2,1,2,2,2,2,2,2,2
chr6:47375000-51475000,2,2,2,2,2,2,1,2,2,2
chr6:52175000-170647990,2,2,2,2,2,2,2,2,2,2
chr6:53000000-105050000,2,2,2,2,2,2,2,2,2,2
chr6:54775000-157375000,2,2,2,2,2,2,2,2,2,2
chr6:68225000-170647990,2,2,2,2,2,2,2,2,2,2
chr6:105350000-170647990,2,2,2,2,2,2,2,2,2,2
chr6:157500000-170647990,2,2,2,2,2,2,2,2,2,2
chr7:80000-80350000,2,2,2,2,2,2,2,2,2,2
chr7:80000-10325000,2,2,2,2,2,2,2,2,2,2
chr7:80000-9050000,2,2,2,2,2,2,2,2,2,2
chr7:80000-6875000,2,2,2,2,2,2,2,2,2,2
chr7:80000-6675000,2,2,2,2,2,2,2,2,2,2
chr7:80000-3475000,2,2,2,2,2,2,2,2,2,2
chr7:80000-2950000,2,2,2,2,2,2,2,2,2,2
chr7:3075000-4675000,2,2,2,2,2,2,2,2,1,2
chr7:3800000-12600000,2,2,2,2,2,2,2,2,2,2
chr7:4725000-6875000,2,2,2,2,2,2,2,2,2,2
chr7:6875000-21325000,2,2,2,2,2,2,2,2,2,2
chr7:6875000-20950000,2,2,2,2,2,2,2,2,2,2
chr7:7125000-21325000,2,2,2,2,2,2,2,2,2,2
chr7:7125000-20950000,2,2,2,2,2,2,2,2,1,2
chr7:7125000-20525000,2,2,2,2,1,2,2,2,2,2
chr7:10325000-21325000,2,2,2,2,2,2,2,2,2,2
chr7:11375000-21325000,2,2,2,2,2,2,2,2,2,2
chr7:13300000-19925000,2,2,2,2,2,2,2,2,2,2
chr7:20200000-80350000,2,2,2,2,2,2,2,2,2,2
chr7:20950000-78275000,2,2,2,2,2,2,2,2,2,2
chr7:20950000-57425000,2,2,2,2,2,2,2,2,2,2
chr7:21325000-78275000,2,2,2,2,2,2,2,2,2,2
chr7:21325000-57784827,2,2,2,2,2,2,2,2,1,2
chr7:21700000-80350000,2,2,2,2,2,2,2,2,2,2
chr7:21700000-78275000,2,2,2,2,2,2,2,2,2,2
chr7:21700000-65850000,2,2,2,2,2,2,2,2,2,2
chr7:21700000-29975000,2,2,2,2,2,2,2,2,2,2
chr7:30050000-33025000,2,2,2,2,2,2,2,2,2,2
chr7:33350000-78275000,2,2,2,2,2,2,2,2,2,2
chr7:57784827-78275000,2,2,2,2,2,2,2,2,2,2
chr7:63203390-64225000,2,2,2,2,2,2,2,2,2,2
chr7:64425000-78275000,2,2,2,2,2,2,2,2,2,2
chr7:66100000-77875000,2,2,2,2,2,2,2,2,2,2
chr7:78275000-96625000,1,2,2,2,2,2,2,2,2,2
chr7:79000000-95475000,2,2,2,2,2,2,2,2,2,2
chr7:79000000-86150000,2,2,2,2,1,1,2,2,2,2
chr7:79000000-84650000,2,2,2,2,2,2,2,1,2,2
chr7:79000000-80350000,2,2,2,2,2,2,2,2,2,2
chr7:80750000-96625000,2,2,2,2,2,2,2,2,1,2
chr7:80750000-84650000,2,1,2,1,2,2,2,2,2,1
chr7:86150000-159242987,2,2,2,2,2,2,2,2,2,2
chr7:86150000-143525402,2,2,2,2,2,2,2,2,2,2
chr7:87175000-159242987,2,2,2,2,2,2,2,2,2,2
chr7:87175000-98450000,2,2,2,2,2,1,2,2,2,2
chr7:95800000-143525402,2,2,2,2,2,2,2,2,2,2
chr7:96975000-106450000,2,2,2,2,2,2,2,2,2,2
chr7:96975000-102350000,2,2,2,2,2,2,2,2,2,2
chr7:98725000-101925000,2,2,2,2,2,2,2,2,2,2
chr7:102050000-159242987,2,2,2,2,2,2,2,2,2,2
chr7:102675000-127400000,1,2,2,2,2,2,2,2,2,2
chr7:106825000-126250000,2,2,2,2,2,2,2,2,1,2
chr7:127400000-159242987,2,2,2,2,2,2,2,2,1,2
chr7:127600000-159242987,2,2,2,2,2,2,2,2,2,2
chr7:143850402-146750000,2,2,2,2,2,2,2,2,2,2
chr7:147900000-159242987,2,2,2,2,2,2,2,2,2,2
chr8:205000-145039318,2,2,2,2,2,2,2,2,2,2
chr8:205000-75175000,2,2,2,2,2,2,2,2,2,2
chr8:205000-13175000,2,2,2,2,2,2,2,2,2,2
chr8:13400000-17300000,2,2,2,2,2,2,2,2,2,2
chr8:17475000-145039318,2,2,2,2,2,2,2,2,2,2
chr8:76025000-78650000,2,2,2,2,2,2,2,2,2,2
chr8:79200000-82975000,2,2,2,2,2,2,1,2,2,2
chr8:84625000-89875000,2,2,2,2,2,2,2,2,2,2
chr8:90300000-145039318,2,2,2,2,2,2,2,2,2,2
chr9:480000-138067359,2,2,2,2,2,2,2,2,2,2
chr9:480000-137575000,2,2,2,2,2,2,2,2,2,2
chr9:480000-39464735,2,2,2,2,2,2,2,2,2,2
chr9:480000-30075000,2,2,2,2,2,2,2,2,2,2
chr9:480000-23800000,2,2,2,2,2,2,2,2,1,2
chr9:26625000-138067359,2,2,2,2,2,2,2,2,2,2
chr9:32775000-138067359,2,2,2,2,2,2,2,2,2,2
chr9:68610276-138067359,2,2,2,2,2,2,2,2,2,2
chr9:137675000-138067359,2,2,2,2,2,2,2,2,2,2
chr10:130000-133620233,2,2,2,2,1,2,2,2,2,2
chr10:130000-50200000,2,2,2,2,2,2,2,2,2,2
chr10:130000-42650000,2,2,2,2,2,2,2,2,2,2
chr10:130000-38289954,2,2,2,2,2,2,2,2,2,2
chr10:130000-12250000,2,2,2,2,2,2,2,2,1,2
chr10:12575000-133620233,2,2,2,2,2,2,2,2,2,2
chr10:42308133-50200000,2,2,2,2,2,2,2,2,2,2
chr10:42800000-46125000,2,2,2,2,2,2,2,2,2,2
chr10:46400000-50200000,2,2,2,2,2,2,2,2,2,2
chr10:50500000-68375000,1,2,2,2,2,2,1,2,2,2
chr10:50500000-68175000,2,2,1,1,2,2,2,2,2,2
chr10:68375000-133620233,2,2,1,2,2,2,2,2,2,2
chr10:68500000-133620233,2,2,2,2,2,2,2,2,2,2
chr10:68500000-87300000,2,2,2,2,2,2,2,2,2,2
chr10:87750000-89075000,2,2,2,2,2,2,1,2,2,2
chr10:89225000-133620233,2,2,2,2,2,2,2,2,2,2
chr11:155000-48475000,2,2,2,2,2,2,2,2,2,2
chr11:155000-21475000,2,2,2,2,2,2,2,2,2,2
chr11:155000-4700000,2,2,2,2,2,2,2,2,2,2
chr11:155000-4200000,2,2,2,2,2,2,2,2,2,2
chr11:4475000-6050000,2,2,2,2,1,2,2,2,2,2
chr11:4475000-5775000,2,1,2,1,2,2,2,2,1,2
chr11:4875000-5775000,2,2,2,2,2,2,2,2,2,2
chr11:6050000-56275000,2,2,2,1,2,2,2,2,2,2
chr11:6050000-48475000,2,2,2,2,2,2,2,2,2,2
chr11:6050000-20625000,2,2,2,2,2,2,2,2,2,2
chr11:6225000-43425000,2,2,2,2,1,2,2,2,2,2
chr11:21475000-31775000,2,2,2,2,2,2,2,2,2,2
chr11:21475000-31550000,2,1,2,2,2,2,2,2,2,2
chr11:22450000-31775000,2,2,2,2,2,2,2,2,2,2
chr11:31775000-48475000,2,2,2,2,2,2,2,2,2,2
chr11:31925000-48475000,2,2,2,2,2,2,2,2,2,2
chr11:43600000-47575000,2,2,2,2,2,2,2,2,2,2
chr11:47700000-56275000,2,2,2,2,1,2,2,2,2,2
chr11:49250000-56275000,1,1,1,2,2,1,1,1,1,1
chr11:56975000-134888311,2,2,2,2,2,2,2,2,2,2
chr11:56975000-118475000,2,2,2,2,2,2,2,2,2,2
chr11:56975000-108325000,2,2,2,2,2,2,2,2,2,2
chr11:56975000-96325000,2,2,2,2,2,2,2,2,2,2
chr11:56975000-67425000,2,2,2,2,2,2,2,2,2,2
chr11:67475000-79925000,2,2,2,2,2,2,2,2,2,2
chr11:81575000-110550000,2,2,2,2,2,1,2,2,2,2
chr11:96458089-106525000,2,2,2,2,2,2,2,2,2,2
chr11:107275000-134888311,2,2,2,2,2,2,2,2,2,2
chr11:108500000-134888311,2,2,2,1,2,2,2,2,2,2
chr11:110725000-134888311,2,2,2,2,2,2,2,2,2,2
chr11:118575000-124375000,2,2,2,2,2,2,2,2,2,2
chr11:124650000-134888311,2,2,2,2,2,2,2,2,2,2
chr12:80000-133182655,2,2,2,2,2,2,2,2,2,2
chr12:80000-71525000,2,2,2,2,2,2,2,2,2,2
chr12:80000-70400000,2,2,2,2,2,2,2,2,2,2
chr12:80000-57975000,2,2,2,2,2,2,2,2,2,2
chr12:80000-43175000,2,2,2,2,2,2,2,2,2,2
chr12:80000-38625000,2,2,2,2,2,2,2,2,2,2
chr12:80000-34534704,2,2,2,2,2,2,2,2,2,2
chr12:80000-32875000,2,2,2,2,2,2,2,2,1,2
chr12:80000-9350000,2,2,2,2,2,2,2,2,2,2
chr12:80000-6625000,2,2,2,2,1,2,2,2,2,2
chr12:6675000-133182655,2,2,2,2,2,2,2,2,2,2
chr12:9800000-11150000,2,2,2,2,2,2,1,2,2,2
chr12:11475000-15125000,2,2,2,2,2,2,2,2,2,2
chr12:15525000-25200000,2,2,2,2,2,2,1,2,2,2
chr12:25300000-33850000,2,2,2,2,2,2,1,2,2,2
chr12:33850000-69950000,2,2,2,2,2,2,2,2,2,2
chr12:34325000-58525000,2,2,2,2,2,2,2,2,2,2
chr12:37805064-47475000,2,2,1,2,2,2,2,2,2,2
chr12:39350000-47125000,2,2,2,2,2,2,2,2,2,2
chr12:44325000-47125000,2,2,2,2,2,2,2,1,2,2
chr12:47475000-102300000,2,2,2,2,2,2,2,2,2,2
chr12:47475000-57975000,2,2,2,2,2,2,2,2,2,2
chr12:47775000-58525000,2,2,2,2,2,2,2,2,2,2
chr12:58525000-102725000,2,2,2,2,2,1,2,2,2,2
chr12:58525000-88325000,1,2,2,2,2,2,2,2,2,2
chr12:59225000-133182655,2,2,2,2,2,2,2,2,2,2
chr12:59225000-91850000,2,2,2,2,2,2,2,2,2,2
chr12:70400000-91375000,2,2,2,2,2,2,2,2,2,2
chr12:70750000-91850000,2,1,2,2,2,2,2,2,2,2
chr12:71725000-92550000,2,2,2,2,2,2,2,2,2,2
chr12:88800000-133182655,2,2,2,2,2,2,2,2,2,2
chr12:91850000-133182655,2,2,2,2,2,2,2,2,2,2
chr12:92250000-133182655,2,2,2,2,2,2,2,2,2,2
chr12:92800000-133182655,2,2,2,2,2,2,2,2,2,2
chr12:102725000-133182655,2,2,2,2,2,2,2,2,2,2
chr12:103200000-133182655,2,2,2,2,2,2,2,2,2,2
chr13:18854053-114302164,2,2,2,2,2,2,2,2,2,2
chr13:18854053-53175000,1,2,2,2,2,1,1,2,1,2
chr13:18854053-48150000,2,2,2,2,2,2,2,1,2,2
chr13:18854053-41725000,2,2,2,2,2,2,2,2,2,2
chr13:18854053-24225000,2,2,2,2,2,2,2,2,2,2
chr13:18854053-20850000,2,1,2,2,2,2,2,2,2,2
chr13:18854053-20550000,2,2,2,2,2,2,2,2,2,2
chr13:20725000-53175000,2,2,2,1,2,2,2,2,2,2
chr13:21000000-28625000,2,2,2,2,2,2,2,2,2,2
chr13:24400000-70975000,2,2,2,2,1,2,2,2,2,2
chr13:28750000-31250000,2,2,2,2,2,2,2,2,2,2
chr13:31575000-33175000,2,1,2,2,2,2,2,2,2,2
chr13:33525000-45775000,2,2,2,2,2,2,2,2,2,2
chr13:42275000-53175000,2,2,1,2,2,2,2,2,2,2
chr13:45950000-93925000,2,1,2,2,2,2,2,2,2,2
chr13:48400000-50650000,2,2,2,2,2,2,2,1,2,2
chr13:50975000-53175000,2,2,2,2,2,2,2,1,2,2
chr13:54150000-95575000,2,2,2,2,2,2,2,2,1,2
chr13:54150000-93925000,2,2,1,1,2,1,2,1,2,2
chr13:54150000-70975000,1,2,2,2,2,2,1,2,2,2
chr13:72300000-93375000,2,2,2,2,2,2,1,2,2,2
chr13:72300000-80475000,1,2,2,2,2,2,2,2,2,2
chr13:82250000-94650000,1,2,2,2,2,2,2,2,2,2
chr13:82250000-93925000,2,2,2,2,1,2,2,2,2,2
chr13:93925000-114302164,2,2,2,2,2,2,2,2,2,2
chr13:94450000-114302164,2,2,1,2,2,1,2,2,2,2
chr13:94450000-108675000,2,2,2,2,2,2,2,1,2,2
chr13:94450000-101675000,2,2,2,1,2,2,2,2,2,2
chr13:94725000-114302164,1,2,2,2,2,2,2,2,2,2
chr13:95625000-114302164,2,2,2,2,2,2,2,2,2,2
chr13:102225000-114302164,2,2,2,2,2,2,2,2,2,2
chr13:109150000-114302164,2,2,2,2,2,2,2,2,2,2
chr14:19955857-106541859,2,2,2,1,2,2,2,2,2,2
chr14:19955857-39275000,2,2,2,2,2,2,2,2,2,2
chr14:19955857-25800000,2,2,2,2,2,2,2,2,2,2
chr14:19955857-24725000,2,2,2,2,2,2,2,2,2,2
chr14:19955857-21775000,2,2,2,2,2,2,2,1,2,2
chr14:22225000-106541859,2,2,2,2,2,2,2,2,2,2
chr14:25800000-33600000,2,1,2,2,2,2,2,2,2,2
chr14:27650000-106541859,2,2,2,2,2,2,2,2,2,2
chr14:34275000-39275000,2,2,2,2,2,2,2,2,2,2
chr14:40500000-52850000,1,2,2,2,2,2,2,2,2,2
chr14:40500000-48100000,2,1,2,2,2,2,2,2,2,2
chr14:49575000-96100000,2,2,2,2,2,2,2,2,2,2
chr14:53050000-106541859,2,2,2,2,2,2,2,2,2,2
chr14:96225000-106541859,2,2,2,2,2,2,2,2,2,2
chr15:22579121-101840595,2,2,2,2,2,2,2,2,2,2
chr15:22579121-57150000,2,2,2,1,2,2,2,2,2,2
chr15:57325000-101840595,2,2,2,2,2,2,2,2,2,2
chr16:80000-90139173,2,2,2,2,2,2,2,2,2,2
chr16:80000-59225000,2,2,2,2,2,2,2,2,2,2
chr16:80000-33865870,2,2,2,2,2,2,2,2,2,2
chr16:80000-31775000,2,2,2,2,2,2,2,2,2,2
chr16:80000-6525000,2,2,2,2,2,2,2,2,2,2
chr16:80000-1175000,2,2,2,2,2,2,2,2,2,2
chr16:80000-925000,2,2,2,2,2,2,2,2,2,2
chr16:975000-34892311,2,2,2,2,2,2,2,2,2,2
chr16:1225000-32532298,2,2,2,2,2,2,2,2,2,2
chr16:6950000-88725000,2,2,2,2,2,2,2,2,2,2
chr16:32532298-46750000,2,2,2,2,2,2,2,2,2,2
chr16:33865870-90139173,2,2,2,2,2,2,2,2,2,2
chr16:34892311-85225000,2,2,2,2,2,2,2,2,2,2
chr16:35350000-59225000,2,2,2,2,2,2,2,2,2,2
chr16:46975000-90139173,2,2,2,2,2,2,2,2,2,2
chr16:60875000-65825000,2,2,1,2,2,2,2,2,2,2
chr16:60875000-65325000,2,2,2,2,2,2,2,2,2,2
chr16:65825000-90139173,2,2,2,2,2,2,2,2,2,2
chr16:66250000-90139173,2,2,2,2,2,2,2,2,2,2
chr16:85275000-90139173,2,2,2,2,2,2,2,2,2,2
chr16:88775000-90139173,2,2,2,2,2,2,2,2,2,2
chr17:155000-40475000,2,2,2,2,2,2,2,2,2,2
chr17:155000-20100000,2,2,2,2,2,2,2,2,2,2
chr17:155000-16775000,2,2,2,2,2,2,2,2,2,2
chr17:155000-11825000,2,2,2,2,2,2,2,2,2,2
chr17:155000-11600000,2,2,2,2,2,2,2,2,2,2
chr17:155000-11000000,2,2,2,2,2,2,2,2,2,2
chr17:155000-4075000,2,2,2,2,2,2,2,2,2,2
chr17:155000-2375000,2,2,2,2,2,2,2,2,2,2
chr17:2525000-31200000,2,2,2,2,2,2,2,2,2,2
chr17:4250000-8525000,2,2,2,2,2,2,2,2,2,2
chr17:8675000-83148721,2,2,2,2,2,2,2,2,2,2
chr17:11375000-40475000,2,2,2,2,2,2,2,2,2,2
chr17:11375000-22631840,2,2,3,2,2,2,2,2,2,2
chr17:11825000-40650000,2,2,2,2,2,2,2,2,2,2
chr17:12325000-12875000,2,2,2,3,2,2,2,2,2,2
chr17:13300000-83148721,2,2,2,2,2,2,2,2,2,2
chr17:16975000-83148721,2,2,2,2,2,2,2,2,2,2
chr17:20350000-21150000,2,2,2,2,2,2,2,2,2,2
chr17:21225000-83148721,2,2,2,2,2,2,2,2,2,2
chr17:27142990-40650000,2,2,2,2,2,2,2,2,2,2
chr17:31450000-82425000,2,2,2,2,2,2,2,2,2,2
chr17:40650000-41250000,2,1,2,2,2,2,2,2,2,2
chr17:40800000-41250000,2,2,2,2,2,1,2,2,2,2
chr17:41375000-83148721,2,2,2,2,2,2,2,2,2,2
chr17:41375000-65850000,2,2,2,2,2,2,2,2,2,2
chr17:41375000-58575000,2,2,2,2,2,2,2,2,2,2
chr17:58700000-59775000,2,2,2,2,2,2,2,2,2,2
chr17:59900000-83148721,2,2,2,2,2,2,2,2,2,2
chr17:66225000-69050000,2,2,2,2,2,2,2,2,1,2
chr17:69500000-83148721,2,2,2,2,2,2,2,2,2,2
chr17:82500000-83148721,2,2,2,2,2,2,2,2,2,2
chr18:130000-80181643,2,2,2,2,2,2,2,2,2,2
chr18:130000-15055450,2,2,1,2,2,2,2,2,2,2
chr18:130000-14400000,2,2,2,2,2,2,2,2,2,2
chr18:15055450-80181643,2,2,2,2,2,2,2,2,2,2
chr18:21255603-80181643,2,2,2,2,2,2,2,2,2,2
chr19:180000-58578808,2,2,2,2,2,2,2,2,2,2
chr19:180000-47050000,2,2,2,2,2,2,2,2,2,2
chr19:180000-35150000,2,2,2,2,2,2,2,2,2,2
chr19:180000-29600000,2,2,2,2,2,2,2,2,2,2
chr19:180000-19775000,2,2,2,2,2,2,2,2,2,2
chr19:180000-9850000,2,2,2,2,2,2,2,2,2,2
chr19:180000-3675000,2,2,2,2,2,2,2,2,2,2
chr19:180000-2075000,2,2,2,2,2,2,2,2,2,2
chr19:2125000-44850000,2,2,2,2,2,2,2,2,2,2
chr19:3725000-58578808,2,2,2,2,2,2,2,2,2,2
chr19:9950000-10275000,2,2,2,2,2,2,2,2,2,2
chr19:10325000-32425000,2,2,2,2,2,2,2,2,2,2
chr19:19950000-43775000,2,2,2,2,2,2,2,2,2,2
chr19:29750000-32425000,2,2,2,2,2,2,2,2,1,2
chr19:32600000-58578808,2,2,2,2,2,2,2,2,2,2
chr19:32600000-34600000,2,2,2,2,2,2,2,2,2,2
chr19:34700000-42625000,2,2,2,2,2,2,2,2,2,2
chr19:35225000-43775000,2,2,2,2,2,2,2,2,2,2
chr19:43150000-44125000,2,2,2,2,2,2,2,2,2,2
chr19:43850000-44275000,2,2,2,2,1,2,1,2,2,2
chr19:44275000-58578808,2,2,2,2,2,2,2,2,1,2
chr19:44450000-58578808,2,2,2,2,2,2,2,2,2,2
chr19:44950000-58578808,2,2,2,2,2,2,2,2,2,2
chr19:47150000-58578808,2,2,2,2,2,2,2,2,2,2
chr20:183168-64292084,2,2,2,2,2,2,2,2,2,2
chr20:183168-25999183,2,2,2,2,2,2,2,2,2,2
chr20:31305813-64292084,2,2,2,2,2,2,2,2,2,2
chr21:14007904-46649992,2,2,2,2,2,2,2,2,2,2
chr21:14007904-30525000,2,2,2,2,2,2,2,2,2,2
chr21:31125000-46649992,2,2,2,2,2,2,2,2,2,2
chr22:16657005-50754234,2,2,2,2,2,2,2,2,2,2
chrX:2718744-155640448,3,3,2,3,3,2,3,3,3,2
chrX:2718744-66575000,2,2,2,2,2,2,2,2,2,4
chrX:2718744-19225000,2,2,3,2,2,2,2,2,2,2
chrX:2718744-10850000,2,2,2,2,2,3,2,2,2,2
chrX:11425000-57902790,2,2,2,2,2,4,2,2,2,2
chrX:19800000-25575000,2,2,4,2,2,2,2,2,2,2
chrX:28175000-41375000,2,2,3,2,2,2,2,2,2,2
chrX:42875000-57902790,2,2,4,2,2,2,2,2,2,2
chrX:63106271-155640448,2,2,3,2,2,3,2,2,2,2
chrX:67525000-155640448,2,2,2,2,2,2,2,2,2,2
chrY:5592201-20998668,0,0,0,0,0,0,0,0,0,0
